employee_id,first_name,last_name,email,phone,department_id,job_title,hire_date,salary,manager_id,gender,date_of_birth,status,work_location
E1001,Arjun,Joshi,arjun.joshi1001@company.com,+91-9797265611,D008,Project Manager,2023-08-21,155200,E0803,,1988-12-16,ACTIVE,Kolkata
E1002,Meera,Das,meera.das1002@company.com,+91-9507963309,D004,Marketing Executive,2020-09-09,30300,E0702,F,1966-02-11,ACTIVE,Hyderabad
E1003,Aditi,Rao,aditi.rao1003@company.com,+91-8205841717,D003,DevOps Engineer,2021-11-25,97700,E0551,M,1981-12-31,ACTIVE,Bengaluru
E1004,Meera,Nair,meera.nair1004@company.com,+91-7813410345,D003,Accountant,2018-04-12,210400,E0511,M,2004-01-12,ACTIVE,Kolkata
E1005,Aditi,Kapoor,aditi.kapoor1005@company.com,+91-8058105247,D017,Operations Executive,2020-11-25,192800,,F,2003-11-18,ACTIVE,New Delhi
E1006,Sneha,Kumar,sneha.kumar1006@company.com,+91-9798065994,D008,Intern,2026-01-17,209400,E0718,F,1993-11-30,ACTIVE,Pune
E1007,Ritika,Yadav,ritika.yadav1007@company.com,+91-8999276835,D016,Recruiter,2025-07-06,209100,E0208,M,1979-10-20,INACTIVE,New Delhi
E1008,Vivaan,Gupta,vivaan.gupta1008@company.com,+91-9981253048,D016,Sales Executive,2025-05-09,216700,E0710,F,1992-10-16,ACTIVE,Kolkata
E1009,Ishita,Iyer,ishita.iyer1009@company.com,+91-9937676246,D004,Marketing Executive,2025-06-12,169100,E0986,,1967-07-05,ACTIVE,Bengaluru
E1010,Ishita,Malhotra,ishita.malhotra1010@company.com,+91-6415162484,D007,DevOps Engineer,2018-09-21,203400,E0461,M,1995-02-03,ACTIVE,Kolkata
E1011,Meera,Iyer,meera.iyer1011@company.com,+91-8667495386,D002,Recruiter,2018-12-07,139900,E0685,M,1993-05-15,ACTIVE,Chennai
E1012,Meera,Sinha,meera.sinha1012@company.com,+91-6957467056,D016,Project Manager,2023-07-09,54800,E0898,,1996-12-09,ACTIVE,Gurugram
E1013,Rohan,Gupta,rohan.gupta1013@company.com,+91-6637958556,D017,Recruiter,2024-07-28,68200,E0982,M,1979-09-23,ACTIVE,Mumbai
E1014,Vivaan,Mishra,vivaan.mishra1014@company.com,+91-6109875088,D017,Marketing Executive,2025-04-01,95100,E0461,M,1981-11-08,ON_LEAVE,Kolkata
E1015,Neha,Sinha,neha.sinha1015@company.com,+91-6888996598,D014,Project Manager,2024-12-08,96800,E0239,M,2002-02-09,ACTIVE,New Delhi
E1016,Rahul,Mehta,rahul.mehta1016@company.com,+91-7940555806,D007,Marketing Executive,2018-07-05,173600,E0021,F,1995-01-29,ACTIVE,Hyderabad
E1017,Sneha,Gupta,sneha.gupta1017@company.com,+91-7826882703,D018,Accountant,2019-10-19,205700,,M,1995-08-30,ACTIVE,Bengaluru
E1018,Nikhil,Das,nikhil.das1018@company.com,+91-6760047201,D011,Operations Executive,2023-08-01,126700,E0540,,2000-12-31,ACTIVE,Mumbai
E1019,Rahul,Patel,rahul.patel1019@company.com,+91-7752357227,D018,Recruiter,2018-01-21,198700,E0687,F,1970-03-06,TERMINATED,Chennai
E1020,Rohan,Mishra,rohan.mishra1020@company.com,+91-6471130002,D020,DevOps Engineer,2024-04-20,85400,E0582,F,1996-10-28,ACTIVE,Pune
E1021,Ritika,Gupta,ritika.gupta1021@company.com,+91-6735620897,D004,QA Engineer,2019-02-20,40300,E0740,F,2001-01-21,ACTIVE,Mumbai
E1022,Sneha,Joshi,sneha.joshi1022@company.com,+91-7351204411,D006,HR Executive,2021-02-07,80400,,F,1992-05-19,INACTIVE,Pune
E1023,Ishita,Sharma,ishita.sharma1023@company.com,+91-6403169199,D018,Project Manager,2018-08-23,219700,E0323,F,1970-04-30,ACTIVE,New Delhi
E1024,Aditi,Joshi,aditi.joshi1024@company.com,+91-8903051159,D004,QA Engineer,2024-10-25,104600,E0698,M,1975-09-03,ACTIVE,Chennai
E1025,Vivaan,Tiwari,vivaan.tiwari1025@company.com,+91-9303476592,D004,HR Executive,2018-04-07,185200,E0042,,1978-08-16,TERMINATED,Hyderabad
E1026,Ritika,Verma,ritika.verma1026@company.com,+91-6160282720,D005,Operations Executive,2026-02-03,100500,E0619,M,1971-01-19,ACTIVE,Bengaluru
E1027,Ananya,Tiwari,ananya.tiwari1027@company.com,+91-6943025736,D005,Data Engineer,2022-04-23,139100,,,1982-12-02,ACTIVE,Gurugram
E1028,Nikhil,Gupta,,+91-7794779953,D009,Sales Executive,2020-07-23,56300,E0184,F,1967-01-18,ACTIVE,Pune
E1029,Priya,Kapoor,priya.kapoor1029@company.com,,D008,Marketing Executive,2021-07-24,39900,E0309,F,1968-07-10,ACTIVE,Chennai
E1030,Karan,Iyer,karan.iyer1030@company.com,+91-7972539862,D015,Operations Executive,2021-02-03,194100,E0640,F,1981-06-01,ACTIVE,Gurugram
E1031,Kabir,Malhotra,kabir.malhotra1031@company.com,+91-9016564252,D014,Recruiter,2018-01-22,35600,E0173,M,1981-11-25,ACTIVE,Pune
E1032,Kabir,Kumar,kabir.kumar1032@company.com,+91-8501338586,D010,Project Manager,2018-03-17,37100,E0780,,1989-12-05,TERMINATED,Bengaluru
E1033,Sneha,Kumar,sneha.kumar1033@company.com,+91-7122893737,D010,Software Engineer,2018-12-17,179000,E0389,F,1972-05-13,ON_LEAVE,Pune
E1034,Ritika,Nair,ritika.nair1034@company.com,+91-9208352103,D001,Intern,2022-01-03,152000,E0866,M,1972-01-05,ACTIVE,Bengaluru
E1035,Sneha,Sharma,sneha.sharma1035@company.com,+91-9810462532,D004,Operations Executive,2020-01-06,164700,E0005,M,1980-02-12,ACTIVE,Pune
E1036,Rahul,Iyer,rahul.iyer1036@company.com,+91-7401410204,D016,Data Analyst,2019-09-24,206900,E0150,F,1992-11-22,ACTIVE,Pune
E1037,Arjun,Mishra,arjun.mishra1037@company.com,+91-9558995267,D012,QA Engineer,2023-04-28,194900,E0707,M,1988-05-16,ACTIVE,Mumbai
E1038,Pooja,Nair,pooja.nair1038@company.com,+91-7857988347,D017,Operations Executive,2020-12-22,95900,E1011,F,1999-10-16,ACTIVE,Hyderabad
E1039,Neha,Patel,neha.patel1039@company.com,+91-9571785819,D019,Accountant,2025-09-23,71500,E0262,F,1981-08-20,ACTIVE,Mumbai
E1040,Priya,Rao,priya.rao1040@company.com,+91-7006280348,D011,Data Engineer,2022-12-26,142900,E0549,M,1977-10-29,ACTIVE,Gurugram
E1041,Aditi,Sharma,aditi.sharma1041@company.com,+91-6408048061,D016,QA Engineer,2024-03-01,201500,E0430,F,1998-02-20,ACTIVE,Chennai
E1042,Vivaan,Yadav,,+91-7083079146,D005,Sales Executive,2026-02-15,146500,E0850,F,1973-10-04,INACTIVE,Kolkata
E1043,Priya,Sharma,priya.sharma1043@company.com,+91-9658849603,D009,Sales Executive,2018-06-03,31600,E0937,,1999-12-21,ACTIVE,Chennai
E1044,Aditya,Iyer,aditya.iyer1044@company.com,,D004,Data Engineer,2025-10-07,95500,E0950,F,1974-06-02,ACTIVE,Bengaluru
E1045,Amit,Singh,amit.singh1045@company.com,+91-8401562955,D005,Data Analyst,2024-05-13,33700,E0860,M,1984-09-15,ACTIVE,Hyderabad
E1046,Pooja,Joshi,pooja.joshi1046@company.com,+91-8097301630,D011,Intern,2021-11-08,79200,,F,1981-08-02,ACTIVE,Kolkata
E1047,Ananya,Rao,ananya.rao1047@company.com,+91-9144542456,D013,HR Executive,2023-03-25,72700,E0842,M,1974-12-01,ACTIVE,Pune
E1048,Pooja,Bansal,pooja.bansal1048@company.com,+91-7396283097,D016,Sales Executive,2019-01-07,163200,E0372,M,2004-04-07,TERMINATED,Bengaluru
E1049,Nikhil,Kapoor,nikhil.kapoor1049@company.com,+91-6922746587,D001,Marketing Executive,2023-11-03,77300,E1041,,1983-03-05,ACTIVE,Hyderabad
E1050,Nikhil,Malhotra,nikhil.malhotra1050@company.com,+91-7562276095,D013,Operations Executive,2019-07-14,154000,E0388,F,1991-01-26,ACTIVE,Bengaluru
E1051,Kabir,Gupta,kabir.gupta1051@company.com,+91-6148278875,D009,Recruiter,2025-05-14,89300,E0367,F,1991-09-14,ACTIVE,Chennai
E1052,Kabir,Das,kabir.das1052@company.com,+91-8920261400,D005,Accountant,2019-11-21,159300,E0060,M,1974-05-15,ACTIVE,Chennai
E1053,Ritika,Singh,ritika.singh1053@company.com,+91-7393731277,D005,DevOps Engineer,2023-03-23,132000,,M,1996-07-09,ACTIVE,Chennai
E1054,Meera,Rao,meera.rao1054@company.com,+91-9732705246,D003,Accountant,2021-09-08,163800,E0350,F,1999-12-12,ACTIVE,Kolkata
E1055,Rahul,Mishra,rahul.mishra1055@company.com,+91-7817533629,D015,Intern,2019-10-12,102300,E0633,F,1990-01-14,TERMINATED,Kolkata
E1056,Aditya,Jain,aditya.jain1056@company.com,+91-8916377863,D020,DevOps Engineer,2020-03-11,60300,E0417,F,1971-03-14,ACTIVE,Gurugram
E1057,Aarav,Iyer,aarav.iyer1057@company.com,+91-7154192807,D010,DevOps Engineer,2019-08-17,102700,E0977,,1995-01-28,ACTIVE,Pune
E1058,Ananya,Malhotra,ananya.malhotra1058@company.com,+91-7541870557,D015,Accountant,2019-07-20,152600,E0099,,1970-10-27,ACTIVE,Pune
E1059,Aditya,Das,aditya.das1059@company.com,+91-9526020102,D017,Data Analyst,2023-04-04,194600,E0077,M,1981-07-08,ACTIVE,Mumbai
E1060,Sneha,Das,sneha.das1060@company.com,+91-8469505531,D015,Project Manager,2024-04-30,126000,E0314,M,1970-11-18,ACTIVE,Mumbai
E1061,Aditi,Singh,aditi.singh1061@company.com,,D002,DevOps Engineer,2019-11-20,42500,E0246,M,1989-12-27,ACTIVE,Pune
E1062,Pooja,Patel,pooja.patel1062@company.com,+91-7718152512,D008,Operations Executive,2021-08-12,204300,E0858,M,1998-02-28,ACTIVE,Bengaluru
E1063,Neha,Jain,neha.jain1063@company.com,+91-8275963392,D001,Marketing Executive,2019-04-11,72700,E0070,,1992-05-23,ACTIVE,Bengaluru
E1064,Amit,Patel,amit.patel1064@company.com,+91-9157933405,D019,Software Engineer,2023-11-06,100300,E0341,,1980-01-30,ACTIVE,Chennai
E1065,Rahul,Sinha,rahul.sinha1065@company.com,+91-6476995173,D004,Recruiter,2018-11-08,113100,E0012,F,1990-11-18,ACTIVE,Pune
E1066,Rohan,Kapoor,rohan.kapoor1066@company.com,+91-9914895252,D002,Business Analyst,2020-12-27,172700,E0237,F,1982-10-15,ACTIVE,New Delhi
E1067,Ananya,Das,ananya.das1067@company.com,+91-9874590153,D007,QA Engineer,2023-10-13,161300,E0097,M,1994-04-13,ACTIVE,Mumbai
E1068,Nikhil,Jain,nikhil.jain1068@company.com,+91-9971952928,D009,Data Analyst,2018-01-30,209300,E0344,,1978-11-14,ACTIVE,Hyderabad
E1069,Pooja,Verma,pooja.verma1069@company.com,+91-6375641932,D008,Software Engineer,2024-01-28,31000,E0184,F,1981-10-16,ACTIVE,Bengaluru
E1070,Rohan,Patel,rohan.patel1070@company.com,+91-7717256867,D009,QA Engineer,2019-11-06,162200,E0190,M,1991-01-31,ACTIVE,Bengaluru
E1071,Meera,Kapoor,meera.kapoor1071@company.com,+91-6639882551,D011,Data Engineer,2020-09-23,129300,E0285,M,2002-11-28,ACTIVE,Mumbai
E1072,Pooja,Tiwari,pooja.tiwari1072@company.com,+91-6357432685,D019,Software Engineer,2025-07-10,161100,E0237,F,1991-06-04,INACTIVE,Pune
E1073,Kavya,Sinha,kavya.sinha1073@company.com,+91-6045035253,D001,Sales Executive,2025-08-17,216400,E0939,,1991-05-30,ACTIVE,Kolkata
E1074,Rohan,Bansal,rohan.bansal1074@company.com,+91-6017081087,D020,Operations Executive,2023-08-21,91700,E0517,M,1995-09-14,ACTIVE,Pune
E1075,Kabir,Yadav,,+91-6413318790,D008,Intern,2025-02-07,94500,E0140,F,1994-01-19,TERMINATED,Kolkata
E1076,Neha,Nair,neha.nair1076@company.com,+91-7273216242,D011,Intern,2020-10-24,62400,E0063,F,1986-01-02,ACTIVE,Pune
E1077,Aditi,Patel,aditi.patel1077@company.com,+91-6987186074,D013,Data Engineer,2025-10-06,151100,E0809,F,1995-10-26,ACTIVE,Pune
E1078,Ritika,Iyer,ritika.iyer1078@company.com,+91-7941985125,D008,Data Engineer,2022-03-29,132100,E0401,M,1997-02-11,ACTIVE,Gurugram
E1079,Meera,Gupta,meera.gupta1079@company.com,+91-8627814807,D010,DevOps Engineer,2022-12-28,35400,E1053,M,1982-10-30,ACTIVE,Gurugram
E1080,Karan,Iyer,karan.iyer1080@company.com,+91-8638268366,D017,Sales Executive,2023-09-24,198300,E0798,,1978-10-23,ACTIVE,Gurugram
E1081,Sneha,Tiwari,sneha.tiwari1081@company.com,+91-9437462172,D008,Operations Executive,2022-05-06,147700,E0060,M,1993-12-09,ACTIVE,Bengaluru
E1082,Pooja,Bansal,pooja.bansal1082@company.com,+91-8203528534,D007,Sales Executive,2022-06-01,34300,E0208,M,1987-03-19,ACTIVE,Mumbai
E1083,Neha,Bansal,neha.bansal1083@company.com,+91-6422903897,D014,Business Analyst,2021-11-22,93700,E0008,M,1994-07-11,ON_LEAVE,Chennai
E1084,Kabir,Das,kabir.das1084@company.com,+91-9514882435,D007,Intern,2025-01-13,191300,E0995,M,1984-07-25,ACTIVE,Mumbai
E1085,Aditya,Mishra,aditya.mishra1085@company.com,+91-9933487022,D004,Operations Executive,2020-08-27,190900,E0269,M,1972-09-13,ACTIVE,Kolkata
E1086,Ishita,Singh,ishita.singh1086@company.com,+91-9209117998,D004,Software Engineer,2022-12-15,111400,E0141,M,1988-05-02,ACTIVE,Hyderabad
E1087,Ishita,Kumar,,+91-8604392593,D010,HR Executive,2021-12-04,186900,E0210,F,1973-07-30,ACTIVE,Mumbai
E1088,Ishita,Singh,ishita.singh1088@company.com,+91-9684409574,D020,Intern,2024-06-24,146400,E1073,F,2000-06-19,ACTIVE,Pune
E1089,Vivaan,Iyer,vivaan.iyer1089@company.com,+91-9171654911,D009,Business Analyst,2024-11-01,172900,E0905,F,1977-04-17,ACTIVE,Pune
E1090,Nikhil,Nair,nikhil.nair1090@company.com,+91-8580716227,D020,Sales Executive,2019-03-28,170700,E0252,M,1993-03-15,ACTIVE,Gurugram
E1091,Kavya,Das,kavya.das1091@company.com,+91-9733937418,D014,Recruiter,2024-10-29,167200,E0665,,1982-11-18,ACTIVE,New Delhi
E1092,Ananya,Yadav,ananya.yadav1092@company.com,+91-7546912616,D014,Marketing Executive,2021-12-07,37000,E0603,,2001-07-17,TERMINATED,New Delhi
E1093,Arjun,Joshi,arjun.joshi1093@company.com,+91-9047898778,D009,Software Engineer,2022-11-04,70200,E0160,F,1977-09-26,ACTIVE,Chennai
E1094,Kavya,Iyer,kavya.iyer1094@company.com,+91-8717957349,D020,Software Engineer,2023-02-12,87200,E0857,F,1970-08-17,ACTIVE,Mumbai
E1095,Arjun,Singh,arjun.singh1095@company.com,,D015,Intern,2024-08-10,143000,E0588,F,1998-12-22,ON_LEAVE,Kolkata
E1096,Rahul,Verma,rahul.verma1096@company.com,+91-8302872560,D006,Project Manager,2022-08-26,109300,E0141,F,1979-12-24,TERMINATED,Gurugram
E1097,Pooja,Das,pooja.das1097@company.com,,D004,Recruiter,2025-02-16,54300,E0553,F,1994-07-12,ACTIVE,Bengaluru
E1098,Rahul,Joshi,rahul.joshi1098@company.com,+91-9807691977,D004,Business Analyst,2019-10-15,123500,E0737,F,2000-03-23,TERMINATED,New Delhi
E1099,Ananya,Sinha,ananya.sinha1099@company.com,+91-7461073301,D009,Data Analyst,2025-07-07,90100,E0228,,1970-02-28,ACTIVE,Hyderabad
E1100,Neha,Iyer,neha.iyer1100@company.com,+91-6642823073,D007,Operations Executive,2021-11-25,79600,E0800,M,2001-04-13,ACTIVE,Kolkata
E1101,Ananya,Jain,ananya.jain1101@company.com,+91-6277389682,D020,Data Engineer,2020-02-08,155600,E1095,M,2000-02-04,TERMINATED,Chennai
E1102,Karan,Rao,karan.rao1102@company.com,+91-6652184573,D009,Marketing Executive,2023-04-25,108400,E0212,F,1994-06-29,ACTIVE,Pune
E1103,Ishita,Singh,ishita.singh1103@company.com,+91-9015351539,D002,Data Analyst,2023-05-16,87600,E0185,F,1980-03-08,ACTIVE,New Delhi
E1104,Aarav,Joshi,aarav.joshi1104@company.com,+91-7086715346,D016,Operations Executive,2020-04-07,199600,E0685,,1967-03-31,ACTIVE,Hyderabad
E1105,Vivaan,Mishra,vivaan.mishra1105@company.com,+91-8098502685,D014,Software Engineer,2025-08-01,156000,E0744,F,1991-10-31,ACTIVE,Pune
E1106,Ritika,Kapoor,ritika.kapoor1106@company.com,+91-6347433484,D001,Accountant,2021-11-11,123300,E0108,,2001-10-11,ACTIVE,Bengaluru
E1107,Pooja,Yadav,pooja.yadav1107@company.com,+91-6522594916,D009,Data Analyst,2019-05-08,77700,E0426,M,1998-01-07,TERMINATED,Kolkata
E1108,Aarav,Kumar,aarav.kumar1108@company.com,+91-6741612888,D013,Recruiter,2018-06-07,159600,E0408,,1999-03-13,ACTIVE,Pune
E1109,Ishita,Nair,ishita.nair1109@company.com,+91-6384065528,D013,Accountant,2022-09-28,201900,E0441,,2002-11-01,ACTIVE,Kolkata
E1110,Nikhil,Joshi,nikhil.joshi1110@company.com,+91-9663996765,D011,Operations Executive,2026-01-04,46200,E0549,F,1976-09-17,ACTIVE,Bengaluru
E1111,Karan,Patel,karan.patel1111@company.com,+91-6184323451,D009,Intern,2021-06-18,175500,E0595,M,1993-11-29,ACTIVE,Pune
E1112,Neha,Joshi,neha.joshi1112@company.com,+91-8256210155,D017,Accountant,2025-10-19,180500,E0188,M,2002-04-23,ACTIVE,Pune
E1113,Arjun,Verma,arjun.verma1113@company.com,+91-9478506849,D019,Sales Executive,2023-11-07,74200,E0554,M,2004-10-30,ACTIVE,Bengaluru
E1114,Meera,Rao,meera.rao1114@company.com,+91-9083521003,D003,Recruiter,2023-05-25,140500,E0546,F,1978-06-28,ACTIVE,Gurugram
E1115,Aditya,Bansal,aditya.bansal1115@company.com,+91-9172417520,D018,Software Engineer,2022-02-25,42200,,M,1984-02-13,TERMINATED,New Delhi
E1116,Priya,Gupta,priya.gupta1116@company.com,+91-8548442422,D004,Marketing Executive,2018-03-18,185200,,,1966-12-11,ACTIVE,Hyderabad
E1117,Karan,Verma,karan.verma1117@company.com,,D017,Operations Executive,2022-03-10,125700,E1084,M,1986-04-27,ON_LEAVE,Gurugram
E1118,Aditya,Kumar,aditya.kumar1118@company.com,+91-6021549893,D006,Software Engineer,2021-06-05,78200,E0080,M,1983-12-23,INACTIVE,New Delhi
E1119,Rahul,Sharma,rahul.sharma1119@company.com,+91-7903139674,D003,Accountant,2018-01-29,128800,E0720,F,1979-11-17,ACTIVE,Hyderabad
E1120,Vivaan,Singh,vivaan.singh1120@company.com,+91-6401870873,D005,Recruiter,2019-07-21,151300,E0921,F,1984-10-12,ACTIVE,Chennai
E1121,Pooja,Bansal,pooja.bansal1121@company.com,+91-6875233140,D020,Intern,2026-02-06,132100,,F,1973-10-09,ACTIVE,New Delhi
E1122,Kabir,Malhotra,kabir.malhotra1122@company.com,+91-7579718889,D018,Intern,2025-09-03,52500,E0218,M,2004-08-13,TERMINATED,New Delhi
E1123,Aditi,Malhotra,aditi.malhotra1123@company.com,+91-6242793503,D014,Accountant,2021-10-27,75000,E0198,F,1980-02-02,ACTIVE,Bengaluru
E1124,Priya,Sinha,priya.sinha1124@company.com,+91-6593287336,D009,Data Analyst,2023-03-15,121200,E0330,F,1974-10-16,ACTIVE,Gurugram
E1125,Aditi,Gupta,aditi.gupta1125@company.com,,D020,Recruiter,2023-10-19,63600,,F,2002-06-01,ACTIVE,Pune
E1126,Kabir,Gupta,kabir.gupta1126@company.com,+91-8240088133,D008,Marketing Executive,2018-04-21,169700,E0748,M,1999-07-06,ACTIVE,Mumbai
E1127,Ritika,Kapoor,ritika.kapoor1127@company.com,,D004,Sales Executive,2024-08-05,52600,E1098,M,1996-01-31,INACTIVE,Hyderabad
E1128,Karan,Gupta,karan.gupta1128@company.com,+91-9816907026,D014,DevOps Engineer,2021-11-05,67800,E0964,,2004-11-05,TERMINATED,Bengaluru
E1129,Neha,Yadav,neha.yadav1129@company.com,+91-8956225365,D019,Accountant,2025-10-17,156700,E0193,F,1967-06-23,ACTIVE,Chennai
E1130,Aditi,Verma,,+91-8335153345,D013,Recruiter,2023-02-11,169200,E0685,F,1967-11-17,ACTIVE,Bengaluru
E1131,Pooja,Nair,pooja.nair1131@company.com,,D007,Intern,2022-06-08,180800,E0108,M,1980-04-15,ACTIVE,Kolkata
E1132,Aditya,Malhotra,aditya.malhotra1132@company.com,+91-9691004787,D009,Business Analyst,2018-10-25,76200,E0149,F,1994-12-02,ACTIVE,Chennai
E1133,Vivaan,Bansal,vivaan.bansal1133@company.com,+91-9316992026,D004,Sales Executive,2024-03-28,79900,E0793,M,1995-05-27,ACTIVE,New Delhi
E1134,Kabir,Mehta,kabir.mehta1134@company.com,+91-6680127576,D001,Sales Executive,2021-12-07,175000,E0558,,1966-01-29,ON_LEAVE,Pune
E1135,Arjun,Kapoor,arjun.kapoor1135@company.com,,D017,Data Engineer,2020-05-15,194100,E1043,F,1978-12-17,ACTIVE,Mumbai
E1136,Karan,Mishra,karan.mishra1136@company.com,+91-6793610021,D006,Business Analyst,2019-06-25,171700,E1070,F,1998-11-03,ACTIVE,Kolkata
E1137,Pooja,Yadav,pooja.yadav1137@company.com,+91-9904929802,D006,HR Executive,2018-07-08,200600,E0666,M,1978-12-20,ACTIVE,Pune
E1138,Kabir,Das,kabir.das1138@company.com,+91-9029129091,D006,Project Manager,2022-10-30,193600,E1004,M,1978-01-24,ACTIVE,Kolkata
E1139,Aditi,Yadav,aditi.yadav1139@company.com,+91-8005882924,D003,Business Analyst,2018-06-11,153500,E0106,M,1978-05-18,ACTIVE,Pune
E1140,Meera,Yadav,,+91-7450691896,D014,HR Executive,2022-02-02,170500,E0417,,1986-05-04,ACTIVE,Bengaluru
E1141,Aditi,Iyer,aditi.iyer1141@company.com,+91-9960247880,D020,Accountant,2023-06-07,85600,E0819,,1986-11-04,ACTIVE,New Delhi
E1142,Karan,Das,karan.das1142@company.com,+91-9519456452,D005,Intern,2020-01-02,114100,E0009,F,1967-03-13,ACTIVE,Gurugram
E1143,Ananya,Singh,ananya.singh1143@company.com,+91-8414791367,D017,Data Engineer,2022-08-03,37100,E0510,,1998-08-07,ACTIVE,Bengaluru
E1144,Vivaan,Sinha,vivaan.sinha1144@company.com,+91-7426929376,D008,DevOps Engineer,2025-01-08,214700,E1020,M,1989-11-24,ACTIVE,New Delhi
E1145,Meera,Kapoor,meera.kapoor1145@company.com,+91-6126485179,D006,Recruiter,2024-09-17,132300,E0343,M,2001-04-01,INACTIVE,New Delhi
E1146,Aditya,Tiwari,aditya.tiwari1146@company.com,+91-7342121932,D006,Marketing Executive,2024-11-30,133700,E0777,F,1972-06-30,ACTIVE,Pune
E1147,Rahul,Singh,rahul.singh1147@company.com,+91-9450711720,D013,HR Executive,2023-03-28,71000,E0426,M,2000-10-26,ACTIVE,Kolkata
E1148,Neha,Das,neha.das1148@company.com,+91-7599238638,D007,Intern,2024-09-07,183500,E0614,F,1973-02-06,ACTIVE,Gurugram
E1149,Neha,Gupta,neha.gupta1149@company.com,+91-9954494567,D019,Project Manager,2025-03-12,35200,E0444,F,1981-09-28,ACTIVE,Gurugram
E1150,Aditi,Kapoor,aditi.kapoor1150@company.com,+91-7999307771,D003,Business Analyst,2022-09-03,135700,E0244,F,1992-06-23,INACTIVE,Pune
E1151,Pooja,Singh,pooja.singh1151@company.com,+91-6545643699,D020,Sales Executive,2022-03-02,58600,E0115,F,1995-10-28,ACTIVE,Chennai
E1152,Aditi,Joshi,aditi.joshi1152@company.com,+91-8093907376,D013,Business Analyst,2023-07-25,88700,E0881,M,1991-07-12,ACTIVE,Pune
E1153,Priya,Sharma,priya.sharma1153@company.com,+91-9244367427,D010,Accountant,2018-10-17,34600,E0881,M,1969-06-26,INACTIVE,Pune
E1154,Priya,Verma,priya.verma1154@company.com,+91-7389215780,D004,HR Executive,2018-04-25,139200,E0002,M,1986-07-24,ACTIVE,Hyderabad
E1155,Aditya,Mishra,aditya.mishra1155@company.com,+91-8380374611,D007,Marketing Executive,2022-10-22,132700,E0147,,1967-11-28,ACTIVE,Gurugram
E1156,Aditya,Sharma,aditya.sharma1156@company.com,+91-9901698016,D011,DevOps Engineer,2018-10-16,212800,E0539,M,1968-10-17,ACTIVE,Chennai
E1157,Arjun,Mishra,arjun.mishra1157@company.com,+91-8714926016,D005,Recruiter,2023-06-23,42100,,F,1981-08-20,ACTIVE,New Delhi
E1158,Kavya,Mehta,kavya.mehta1158@company.com,+91-8680007910,D002,HR Executive,2025-04-23,147900,E0512,M,2003-10-06,ACTIVE,Bengaluru
E1159,Karan,Malhotra,karan.malhotra1159@company.com,+91-8432092623,D015,Project Manager,2025-01-08,93300,E0197,F,1976-04-30,ACTIVE,Pune
E1160,Kabir,Rao,kabir.rao1160@company.com,+91-6049663449,D011,Project Manager,2023-03-06,82600,E1027,M,1979-08-13,ACTIVE,Chennai
E1161,Ananya,Kapoor,ananya.kapoor1161@company.com,+91-9243238863,D011,Data Engineer,2021-12-20,137200,E0891,M,1985-08-14,TERMINATED,Gurugram
E1162,Rahul,Rao,rahul.rao1162@company.com,+91-7594402865,D016,Recruiter,2018-04-29,102000,,,1994-12-07,ACTIVE,Bengaluru
E1163,Ishita,Yadav,ishita.yadav1163@company.com,+91-7318696341,D007,Business Analyst,2025-03-27,43200,E0168,M,1993-11-15,ACTIVE,New Delhi
E1164,Pooja,Rao,pooja.rao1164@company.com,+91-9815855312,D018,Operations Executive,2023-03-01,159700,E1162,M,1986-03-28,ACTIVE,Pune
E1165,Nikhil,Singh,nikhil.singh1165@company.com,+91-6990093221,D009,Software Engineer,2023-10-30,214800,E0644,F,1985-05-02,TERMINATED,Mumbai
E1166,Nikhil,Jain,nikhil.jain1166@company.com,+91-7184697995,D013,Recruiter,2024-07-17,50600,E0915,M,1996-10-07,ACTIVE,Mumbai
E1167,Pooja,Gupta,pooja.gupta1167@company.com,+91-6333696399,D006,Intern,2025-09-26,58000,E0027,F,1978-07-13,ACTIVE,Pune
E1168,Ritika,Joshi,ritika.joshi1168@company.com,+91-6094956014,D006,QA Engineer,2019-06-10,103200,E0955,,1996-01-06,ACTIVE,Kolkata
E1169,Ritika,Singh,ritika.singh1169@company.com,+91-7089461348,D019,Project Manager,2023-06-15,148200,E0246,F,1982-12-29,ACTIVE,Chennai
E1170,Priya,Malhotra,priya.malhotra1170@company.com,+91-7543778465,D010,QA Engineer,2021-10-20,136300,E0842,F,1984-06-14,ACTIVE,Kolkata
E1171,Sneha,Joshi,sneha.joshi1171@company.com,+91-9338310529,D010,Operations Executive,2020-02-09,121200,,F,1969-02-14,ACTIVE,Hyderabad
E1172,Ishita,Rao,ishita.rao1172@company.com,,D019,Data Analyst,2018-06-22,118700,E0283,,2002-10-26,ACTIVE,Chennai
E1173,Neha,Joshi,neha.joshi1173@company.com,+91-8111600824,D015,Operations Executive,2018-05-09,191500,E0619,M,1980-01-13,ACTIVE,Mumbai
E1174,Aarav,Kumar,aarav.kumar1174@company.com,+91-8625499551,D007,DevOps Engineer,2022-04-27,178600,E0392,F,1992-02-16,ACTIVE,Kolkata
E1175,Nikhil,Joshi,nikhil.joshi1175@company.com,+91-6512686886,D004,Sales Executive,2019-05-23,145700,E1054,F,1998-10-16,ACTIVE,Gurugram
E1176,Pooja,Nair,pooja.nair1176@company.com,+91-6593626332,D008,Data Analyst,2023-06-02,61800,E0554,M,1969-05-24,ACTIVE,Kolkata
E1177,Pooja,Kumar,pooja.kumar1177@company.com,+91-9756101657,D001,HR Executive,2020-07-16,73600,E1171,F,1973-10-15,ACTIVE,Bengaluru
E1178,Amit,Jain,amit.jain1178@company.com,+91-8475811890,D003,Recruiter,2019-05-16,132800,E0424,,1979-06-14,ACTIVE,Pune
E1179,Kavya,Joshi,kavya.joshi1179@company.com,+91-6314682774,D011,Operations Executive,2023-04-28,106200,E0966,M,1978-09-02,TERMINATED,Chennai
E1180,Kabir,Sharma,kabir.sharma1180@company.com,+91-7584237770,D003,Data Analyst,2026-01-30,196300,E0795,F,1997-10-28,ACTIVE,Chennai
E1181,Ritika,Patel,ritika.patel1181@company.com,+91-8028952602,D003,Software Engineer,2022-01-08,173800,E1105,F,1999-07-02,ACTIVE,Pune
E1182,Ishita,Sharma,ishita.sharma1182@company.com,+91-8194599248,D008,Software Engineer,2021-08-17,31600,E0075,F,1981-07-06,ACTIVE,Gurugram
E1183,Priya,Mishra,priya.mishra1183@company.com,+91-6882745745,D009,Operations Executive,2021-09-06,137800,E0473,M,1986-03-01,TERMINATED,Bengaluru
E1184,Kabir,Yadav,kabir.yadav1184@company.com,+91-8230962632,D019,Operations Executive,2026-01-18,63000,E1030,M,1981-05-21,ACTIVE,Chennai
E1185,Meera,Sharma,meera.sharma1185@company.com,+91-6613555389,D015,Sales Executive,2025-10-12,94500,E0675,M,1985-01-19,ACTIVE,Hyderabad
E1186,Nikhil,Nair,nikhil.nair1186@company.com,+91-8581606224,D019,Sales Executive,2023-08-03,212300,E0739,,1978-01-22,ACTIVE,Bengaluru
E1187,Kavya,Iyer,kavya.iyer1187@company.com,+91-9054751809,D014,Data Analyst,2018-12-22,157400,E1139,F,1986-10-24,ACTIVE,Hyderabad
E1188,Neha,Mishra,neha.mishra1188@company.com,+91-7356824501,D016,Operations Executive,2019-08-10,184000,E0672,M,2004-08-14,TERMINATED,Hyderabad
E1189,Pooja,Yadav,pooja.yadav1189@company.com,+91-8394444119,D006,Recruiter,2019-04-13,98200,E0485,F,1972-07-09,ACTIVE,Kolkata
E1190,Rahul,Sharma,rahul.sharma1190@company.com,+91-6672718392,D015,Marketing Executive,2023-08-13,74300,E0561,M,1966-05-12,ACTIVE,Kolkata
E1191,Amit,Patel,amit.patel1191@company.com,,D007,Data Analyst,2022-09-22,37300,E0210,F,1994-06-28,ACTIVE,Mumbai
E1192,Nikhil,Gupta,nikhil.gupta1192@company.com,+91-7379866459,D005,Data Analyst,2019-11-20,109100,E0694,F,1981-01-20,ACTIVE,Chennai
E1193,Kabir,Tiwari,kabir.tiwari1193@company.com,+91-6377181963,D017,Operations Executive,2018-03-28,179600,E1181,F,1982-04-23,ACTIVE,Bengaluru
E1194,Meera,Bansal,meera.bansal1194@company.com,+91-6961169376,D003,Marketing Executive,2018-04-30,98100,E0797,M,1986-01-17,ACTIVE,Gurugram
E1195,Pooja,Yadav,pooja.yadav1195@company.com,+91-8195718600,D008,Marketing Executive,2021-05-31,116200,E0244,F,1978-01-11,ACTIVE,Gurugram
E1196,Vivaan,Jain,vivaan.jain1196@company.com,+91-9032017908,D019,Accountant,2021-03-30,171900,E0370,F,1971-08-17,ACTIVE,Hyderabad
E1197,Neha,Joshi,neha.joshi1197@company.com,+91-7211742660,D016,Marketing Executive,2020-12-28,164300,E0385,F,1999-06-08,ACTIVE,Hyderabad
E1198,Ishita,Yadav,ishita.yadav1198@company.com,+91-9356412624,D010,HR Executive,2025-09-10,108700,E0189,M,2003-02-23,INACTIVE,Hyderabad
E1199,Rahul,Kumar,rahul.kumar1199@company.com,+91-7334270261,D001,QA Engineer,2023-05-06,180300,E0635,,1990-01-10,ACTIVE,Hyderabad
E1200,Rohan,Kumar,rohan.kumar1200@company.com,,D017,DevOps Engineer,2022-08-28,182800,E0411,M,1995-12-04,ACTIVE,Gurugram
E1201,Pooja,Mishra,pooja.mishra1201@company.com,+91-8132516714,D006,Sales Executive,2019-01-03,99600,E0879,M,2001-11-10,ACTIVE,Pune
E1202,Pooja,Gupta,pooja.gupta1202@company.com,+91-6365613775,D005,Software Engineer,2026-03-03,162400,E0797,F,1984-08-18,TERMINATED,Kolkata
E1203,Kavya,Das,kavya.das1203@company.com,+91-9869996683,D014,Project Manager,2020-05-02,126500,,F,1984-10-09,ACTIVE,Kolkata
E1204,Rahul,Singh,rahul.singh1204@company.com,+91-8435960099,D017,QA Engineer,2022-10-25,85100,E0064,,1978-03-20,INACTIVE,Hyderabad
E1205,Pooja,Sinha,pooja.sinha1205@company.com,+91-9792067261,D006,Data Engineer,2025-09-29,90200,E0022,M,2003-01-14,ACTIVE,Mumbai
E1206,Ritika,Nair,ritika.nair1206@company.com,+91-8134714448,D018,Data Engineer,2025-03-26,112200,E0708,M,2004-01-10,TERMINATED,Pune
E1207,Rahul,Bansal,rahul.bansal1207@company.com,,D005,Sales Executive,2023-07-23,62200,E0868,M,2004-11-02,ACTIVE,Hyderabad
E1208,Ritika,Tiwari,ritika.tiwari1208@company.com,+91-9763341403,D002,HR Executive,2021-07-10,124400,,F,1975-09-01,TERMINATED,Mumbai
E1209,Karan,Malhotra,karan.malhotra1209@company.com,+91-8870781338,D019,Marketing Executive,2021-10-12,169900,E0218,F,1967-12-27,ACTIVE,Bengaluru
E1210,Aditi,Mehta,aditi.mehta1210@company.com,+91-9363103068,D001,Marketing Executive,2021-03-23,141000,E1014,M,1991-06-06,ACTIVE,Pune
E1211,Meera,Gupta,meera.gupta1211@company.com,+91-9914085133,D009,DevOps Engineer,2024-02-19,94000,E0338,M,1995-08-26,TERMINATED,Pune
E1212,Karan,Joshi,karan.joshi1212@company.com,+91-7164201581,D007,HR Executive,2018-12-12,70500,E0908,F,1991-11-16,ACTIVE,Gurugram
E1213,Ritika,Jain,ritika.jain1213@company.com,+91-9986488836,D004,Recruiter,2024-09-21,172700,E0364,M,1993-12-15,ON_LEAVE,Pune
E1214,Sneha,Kumar,sneha.kumar1214@company.com,+91-7221876007,D016,Operations Executive,2018-08-18,120200,E0077,M,1976-07-30,ACTIVE,Bengaluru
E1215,Kavya,Malhotra,kavya.malhotra1215@company.com,+91-7597398540,D015,HR Executive,2025-01-14,131700,E1112,M,2002-09-13,ACTIVE,Mumbai
E1216,Aarav,Kapoor,aarav.kapoor1216@company.com,+91-6135746701,D020,DevOps Engineer,2019-02-14,70000,,M,1967-12-25,ACTIVE,Kolkata
E1217,Pooja,Singh,pooja.singh1217@company.com,+91-9781622048,D018,DevOps Engineer,2019-06-02,128100,E0353,M,1976-08-04,ACTIVE,Chennai
E1218,Karan,Jain,karan.jain1218@company.com,+91-7128576870,D010,Intern,2018-10-04,68600,E0816,M,1983-12-29,ACTIVE,Mumbai
E1219,Rohan,Singh,rohan.singh1219@company.com,+91-9841833235,D014,Data Analyst,2020-01-20,58100,E0668,M,1994-02-09,ON_LEAVE,Hyderabad
E1220,Kabir,Iyer,kabir.iyer1220@company.com,,D002,Data Analyst,2019-06-24,79400,E0914,F,1980-11-01,ACTIVE,Gurugram
E1221,Ananya,Gupta,ananya.gupta1221@company.com,+91-8372511303,D004,Data Analyst,2020-10-22,83500,E0785,F,1991-09-19,ACTIVE,Bengaluru
E1222,Priya,Kapoor,priya.kapoor1222@company.com,+91-7610635722,D007,Business Analyst,2024-01-21,203100,E1100,M,1976-12-15,ACTIVE,New Delhi
E1223,Rohan,Sinha,rohan.sinha1223@company.com,+91-7293531185,D006,Data Analyst,2021-04-20,207500,E0248,F,1999-07-05,ACTIVE,Kolkata
E1224,Pooja,Gupta,pooja.gupta1224@company.com,+91-9517048274,D008,DevOps Engineer,2019-03-02,189100,E1154,,1966-08-19,ACTIVE,Gurugram
E1225,Arjun,Bansal,arjun.bansal1225@company.com,+91-7459434555,D012,Data Engineer,2025-11-10,52100,E0209,M,1980-07-18,ACTIVE,Gurugram
E1226,Sneha,Malhotra,sneha.malhotra1226@company.com,+91-6150780359,D004,DevOps Engineer,2025-10-09,93600,E0945,F,1972-04-13,ACTIVE,Gurugram
E1227,Arjun,Singh,arjun.singh1227@company.com,+91-6495892740,D013,Operations Executive,2020-01-28,82300,E0714,,1996-06-03,ACTIVE,Pune
E1228,Aditya,Bansal,aditya.bansal1228@company.com,+91-7178498551,D001,Project Manager,2021-09-15,137600,E1212,M,1987-11-30,ACTIVE,Pune
E1229,Kavya,Singh,kavya.singh1229@company.com,+91-6289455577,D009,Marketing Executive,2025-02-03,139700,E1186,F,1970-08-01,ACTIVE,Pune
E1230,Aarav,Nair,aarav.nair1230@company.com,+91-6098389583,D012,QA Engineer,2026-02-03,208500,E0066,M,1998-03-21,ACTIVE,Gurugram
E1231,Priya,Gupta,priya.gupta1231@company.com,+91-8264672239,D009,Data Engineer,2018-08-29,28400,E0638,M,1967-11-19,ACTIVE,Gurugram
E1232,Amit,Kumar,amit.kumar1232@company.com,+91-7950095463,D001,Sales Executive,2022-01-30,75200,E0675,F,1971-09-10,ACTIVE,New Delhi
E1233,Vivaan,Kumar,vivaan.kumar1233@company.com,+91-6968677017,D002,Marketing Executive,2019-01-28,30400,E0025,M,1966-11-18,ACTIVE,Hyderabad
E1234,Pooja,Bansal,pooja.bansal1234@company.com,+91-8057885822,D004,Recruiter,2019-02-05,123800,E0620,M,1966-08-02,INACTIVE,Pune
E1235,Meera,Verma,meera.verma1235@company.com,+91-8804225252,D003,Recruiter,2021-02-11,66600,E1177,M,1982-10-13,ACTIVE,Bengaluru
E1236,Ishita,Rao,ishita.rao1236@company.com,+91-7819445806,D020,Sales Executive,2021-01-03,157500,E0075,F,1967-09-07,INACTIVE,Mumbai
E1237,Rahul,Mehta,rahul.mehta1237@company.com,+91-8706611918,D012,DevOps Engineer,2020-12-25,195200,E0998,,1993-01-16,ACTIVE,Mumbai
E1238,Neha,Sinha,neha.sinha1238@company.com,+91-6476533066,D002,Marketing Executive,2021-01-29,195500,E0263,M,1984-12-24,INACTIVE,Chennai
E1239,Ananya,Verma,ananya.verma1239@company.com,+91-7063866844,D002,Business Analyst,2024-09-19,87300,E1178,F,1968-08-14,ACTIVE,Kolkata
E1240,Priya,Verma,priya.verma1240@company.com,+91-7163459818,D009,Recruiter,2023-07-04,31500,E0610,F,1987-01-01,ACTIVE,Chennai
E1241,Meera,Yadav,meera.yadav1241@company.com,,D009,DevOps Engineer,2021-01-18,35200,E0206,F,1997-06-10,ACTIVE,New Delhi
E1242,Sneha,Joshi,sneha.joshi1242@company.com,+91-7016269453,D013,Intern,2022-11-02,76600,E0753,M,1994-03-17,ACTIVE,Bengaluru
E1243,Ishita,Kapoor,ishita.kapoor1243@company.com,+91-6549351844,D004,Business Analyst,2021-10-11,38700,E0878,M,1998-09-26,ACTIVE,Gurugram
E1244,Priya,Sharma,priya.sharma1244@company.com,+91-6382649032,D015,Software Engineer,2021-10-14,73600,E0874,,1997-10-02,ACTIVE,Gurugram
E1245,Ananya,Jain,ananya.jain1245@company.com,+91-8038718041,D014,Operations Executive,2023-10-26,95700,E0441,M,1983-10-21,INACTIVE,Kolkata
E1246,Priya,Mishra,priya.mishra1246@company.com,+91-9680142394,D009,Project Manager,2022-05-20,113100,E0076,F,1967-11-20,ACTIVE,Bengaluru
E1247,Kavya,Yadav,kavya.yadav1247@company.com,+91-7345350268,D016,Data Analyst,2025-08-14,211900,,M,1969-05-17,ACTIVE,Mumbai
E1248,Ritika,Kapoor,ritika.kapoor1248@company.com,+91-6733786807,D005,Recruiter,2021-01-02,136700,E0385,,1987-12-07,ACTIVE,Hyderabad
E1249,Rohan,Gupta,rohan.gupta1249@company.com,+91-8640497967,D011,Data Analyst,2022-03-26,163500,,,1993-12-17,TERMINATED,New Delhi
E1250,Kabir,Das,kabir.das1250@company.com,+91-6356746682,D014,Data Engineer,2023-06-13,46400,E0538,F,2004-06-09,ACTIVE,Pune
E1251,Rahul,Bansal,rahul.bansal1251@company.com,+91-7363740133,D019,Accountant,2026-03-18,97300,E0859,F,1992-01-23,ON_LEAVE,New Delhi
E1252,Ananya,Joshi,ananya.joshi1252@company.com,+91-8156923796,D014,HR Executive,2021-02-24,158700,E0450,,1990-09-15,ACTIVE,Gurugram
E1253,Rohan,Joshi,rohan.joshi1253@company.com,+91-7287846843,D019,DevOps Engineer,2023-11-15,92400,E0935,M,1991-09-06,ACTIVE,Hyderabad
E1254,Amit,Sinha,amit.sinha1254@company.com,+91-7721062408,D015,DevOps Engineer,2020-10-13,212600,E0100,M,1983-05-31,ACTIVE,Mumbai
E1255,Neha,Patel,neha.patel1255@company.com,+91-7542007805,D005,Accountant,2025-03-20,200400,E0250,,1981-10-14,ACTIVE,Mumbai
E1256,Kabir,Sharma,kabir.sharma1256@company.com,+91-6373655025,D004,Software Engineer,2022-10-20,30600,E0304,M,1995-09-04,ACTIVE,New Delhi
E1257,Neha,Joshi,neha.joshi1257@company.com,+91-7046250654,D001,QA Engineer,2019-05-16,143800,E0584,M,1977-09-24,ACTIVE,New Delhi
E1258,Amit,Verma,amit.verma1258@company.com,+91-8870765142,D017,Accountant,2021-08-23,31900,E0162,,1987-12-05,ACTIVE,Gurugram
E1259,Neha,Kapoor,neha.kapoor1259@company.com,+91-7061617691,D004,HR Executive,2020-07-15,93800,E0016,F,1970-11-08,ACTIVE,Pune
E1260,Aditya,Mehta,aditya.mehta1260@company.com,+91-7210393054,D001,Sales Executive,2018-12-14,93200,E1089,,2001-08-27,ACTIVE,New Delhi
E1261,Amit,Mehta,amit.mehta1261@company.com,+91-8555636739,D001,Data Analyst,2025-08-27,180800,E0646,M,1967-10-06,ACTIVE,Chennai
E1262,Pooja,Iyer,pooja.iyer1262@company.com,+91-8906933940,D009,Operations Executive,2024-12-22,104900,E0103,F,1986-10-13,ACTIVE,Kolkata
E1263,Arjun,Iyer,arjun.iyer1263@company.com,+91-6380170841,D014,Operations Executive,2026-01-08,201800,E0880,,1984-08-31,ACTIVE,New Delhi
E1264,Karan,Verma,karan.verma1264@company.com,+91-8577345328,D016,Project Manager,2023-03-25,97900,E0045,M,1978-08-10,ACTIVE,Chennai
E1265,Kavya,Iyer,kavya.iyer1265@company.com,+91-8892361333,D013,Data Analyst,2022-07-13,143500,E0407,M,1980-12-31,ACTIVE,Hyderabad
E1266,Kabir,Das,kabir.das1266@company.com,+91-6715607025,D020,Accountant,2023-11-09,213200,E0935,F,1980-09-02,ACTIVE,Gurugram
E1267,Aarav,Rao,aarav.rao1267@company.com,+91-9515662389,D009,Operations Executive,2018-09-04,112100,E0372,M,1998-03-24,ACTIVE,Mumbai
E1268,Ananya,Das,ananya.das1268@company.com,+91-9044146154,D019,Software Engineer,2021-01-12,71500,E1014,M,1976-12-02,ACTIVE,Hyderabad
E1269,Nikhil,Kumar,nikhil.kumar1269@company.com,+91-6745868637,D016,Data Analyst,2024-12-01,147700,E0336,M,1967-08-09,ACTIVE,Bengaluru
E1270,Kavya,Kapoor,kavya.kapoor1270@company.com,+91-8696262271,D017,Accountant,2025-09-21,124000,,F,1994-01-10,ACTIVE,Kolkata
E1271,Vivaan,Mishra,vivaan.mishra1271@company.com,+91-8290282474,D003,Project Manager,2023-06-28,169600,E0006,F,2004-05-29,ACTIVE,Bengaluru
E1272,Meera,Gupta,meera.gupta1272@company.com,+91-6303772834,D016,Intern,2020-08-02,36100,E1239,M,1991-11-25,INACTIVE,Chennai
E1273,Pooja,Rao,pooja.rao1273@company.com,+91-8849696898,D014,Operations Executive,2025-03-19,68600,E1212,,1987-10-05,ACTIVE,Hyderabad
E1274,Nikhil,Mehta,nikhil.mehta1274@company.com,+91-7299315420,D003,Operations Executive,2020-06-02,120400,E0464,M,1967-02-23,ACTIVE,Pune
E1275,Ishita,Jain,ishita.jain1275@company.com,+91-8887451765,D016,Project Manager,2018-11-26,64100,E0989,M,1973-08-05,ACTIVE,Kolkata
E1276,Pooja,Rao,pooja.rao1276@company.com,+91-9011383050,D006,Project Manager,2020-10-31,60300,E1003,,1985-01-20,ACTIVE,Mumbai
E1277,Neha,Patel,neha.patel1277@company.com,+91-6426966699,D011,Recruiter,2022-05-05,215600,E1056,F,1973-11-18,ACTIVE,New Delhi
E1278,Kabir,Mehta,kabir.mehta1278@company.com,+91-8976346029,D009,Sales Executive,2026-03-15,208400,E0007,M,1994-12-16,ACTIVE,Pune
E1279,Amit,Gupta,amit.gupta1279@company.com,+91-6032602543,D004,DevOps Engineer,2021-08-19,89700,E0224,F,1977-03-16,ACTIVE,Hyderabad
E1280,Rohan,Singh,rohan.singh1280@company.com,+91-6828938677,D007,DevOps Engineer,2021-04-30,136700,E0423,F,1978-07-01,ACTIVE,Hyderabad
E1281,Pooja,Malhotra,pooja.malhotra1281@company.com,+91-9585342888,D003,Data Engineer,2021-05-14,64600,E0287,F,2001-07-20,INACTIVE,Pune
E1282,Meera,Iyer,meera.iyer1282@company.com,+91-7093527475,D014,Recruiter,2018-08-08,161000,E0466,,1986-07-09,ACTIVE,Hyderabad
E1283,Priya,Sinha,priya.sinha1283@company.com,+91-7167961880,D015,Project Manager,2018-02-21,37100,E0627,M,2000-04-02,ACTIVE,Hyderabad
E1284,Ritika,Patel,ritika.patel1284@company.com,+91-7331823470,D004,Accountant,2024-09-28,91900,E0636,M,1992-02-19,ACTIVE,Bengaluru
E1285,Aarav,Das,aarav.das1285@company.com,+91-7689910181,D002,HR Executive,2022-10-22,136100,E0846,M,1982-10-10,ACTIVE,Pune
E1286,Vivaan,Rao,vivaan.rao1286@company.com,+91-9960220677,D014,Sales Executive,2018-11-20,84800,E1028,M,1993-09-02,ACTIVE,Hyderabad
E1287,Ananya,Patel,ananya.patel1287@company.com,+91-7893058367,D011,Project Manager,2019-03-14,52500,E0692,M,2001-05-15,ACTIVE,Gurugram
E1288,Aarav,Mehta,aarav.mehta1288@company.com,+91-7123910982,D012,HR Executive,2018-12-18,155400,E0666,,1975-11-01,ACTIVE,Kolkata
E1289,Arjun,Iyer,arjun.iyer1289@company.com,+91-6948423032,D001,Recruiter,2018-10-09,140800,E0519,F,1985-07-04,ACTIVE,Pune
E1290,Nikhil,Rao,nikhil.rao1290@company.com,+91-6020783684,D011,Software Engineer,2022-04-06,29600,E0784,F,1980-12-29,INACTIVE,New Delhi
E1291,Arjun,Jain,arjun.jain1291@company.com,+91-6565039820,D008,Data Engineer,2024-05-05,159000,E0119,M,1999-06-07,ACTIVE,Kolkata
E1292,Sneha,Patel,sneha.patel1292@company.com,+91-9126553791,D008,Business Analyst,2025-05-10,172900,E0829,,1972-11-02,INACTIVE,Gurugram
E1293,Amit,Iyer,amit.iyer1293@company.com,+91-9090853199,D003,Business Analyst,2018-08-26,208000,E0048,F,1987-02-16,INACTIVE,Pune
E1294,Arjun,Yadav,arjun.yadav1294@company.com,+91-7193382050,D016,Accountant,2021-12-06,210600,E1018,F,1980-05-18,ACTIVE,Hyderabad
E1295,Nikhil,Rao,nikhil.rao1295@company.com,+91-6874618367,D019,Recruiter,2023-09-05,73000,E0155,,1991-02-07,ACTIVE,Gurugram
E1296,Karan,Mishra,karan.mishra1296@company.com,+91-6841536460,D007,Data Engineer,2021-05-28,146400,E0455,M,1978-10-15,ACTIVE,Pune
E1297,Meera,Nair,meera.nair1297@company.com,+91-9562237344,D012,Marketing Executive,2019-05-08,197300,E0328,M,2003-06-06,TERMINATED,Mumbai
E1298,Aarav,Singh,aarav.singh1298@company.com,+91-8098830389,D001,Intern,2025-04-22,69100,E0634,F,1975-09-20,ACTIVE,Mumbai
E1299,Sneha,Tiwari,sneha.tiwari1299@company.com,+91-9356359622,D007,DevOps Engineer,2022-09-04,159800,E0410,M,1993-01-17,ACTIVE,Bengaluru
E1300,Ishita,Nair,ishita.nair1300@company.com,+91-9674994866,D004,QA Engineer,2018-05-28,215700,E0616,F,1989-05-29,TERMINATED,Mumbai
E1301,Kabir,Malhotra,kabir.malhotra1301@company.com,+91-6654128247,D005,Data Analyst,2025-07-26,35000,E0263,,1999-01-14,ACTIVE,Chennai
E1302,Ritika,Iyer,ritika.iyer1302@company.com,+91-8227144946,D018,Data Engineer,2023-11-29,140200,E0655,,1991-11-26,TERMINATED,Hyderabad
E1303,Priya,Nair,priya.nair1303@company.com,+91-6636537042,D011,Operations Executive,2024-06-16,69200,E0481,F,1971-02-24,ACTIVE,Pune
E1304,Pooja,Yadav,pooja.yadav1304@company.com,+91-7201814085,D019,Data Analyst,2025-05-01,96000,E1069,M,1996-03-13,ACTIVE,Mumbai
E1305,Kavya,Sharma,kavya.sharma1305@company.com,+91-8875196225,D016,Data Analyst,2025-11-02,46600,E1276,M,1983-10-30,ACTIVE,Gurugram
E1306,Nikhil,Bansal,nikhil.bansal1306@company.com,+91-7590750693,D014,Data Engineer,2020-07-10,29100,E0948,F,1974-08-02,INACTIVE,Hyderabad
E1307,Neha,Rao,neha.rao1307@company.com,+91-6237582837,D005,Project Manager,2021-08-03,207400,E0322,M,2002-07-25,ACTIVE,Chennai
E1308,Arjun,Joshi,arjun.joshi1308@company.com,+91-8199946451,D014,HR Executive,2020-06-03,168500,E0338,,1977-04-17,ACTIVE,Pune
E1309,Rohan,Sinha,rohan.sinha1309@company.com,+91-9747278808,D008,Operations Executive,2024-01-03,66500,E0350,M,2004-08-27,INACTIVE,Bengaluru
E1310,Kavya,Mehta,kavya.mehta1310@company.com,+91-8649504194,D016,Operations Executive,2026-03-03,219600,E0614,F,1967-07-16,ACTIVE,New Delhi
E1311,Amit,Mehta,,+91-8010045226,D015,Operations Executive,2019-01-07,102400,E0969,F,2003-01-17,ACTIVE,Bengaluru
E1312,Neha,Singh,neha.singh1312@company.com,+91-8837792896,D004,QA Engineer,2018-04-10,120300,E0686,,2001-03-21,ACTIVE,Gurugram
E1313,Sneha,Jain,sneha.jain1313@company.com,+91-6053881003,D014,Data Analyst,2021-12-30,136700,E0714,F,1995-08-25,ACTIVE,Gurugram
E1314,Ritika,Tiwari,,+91-9101765110,D018,HR Executive,2020-08-28,96200,E0174,M,1998-04-07,ACTIVE,Mumbai
E1315,Rahul,Nair,rahul.nair1315@company.com,+91-6934711960,D014,Intern,2018-11-14,183200,E1243,F,1988-01-25,ACTIVE,Gurugram
E1316,Aarav,Jain,aarav.jain1316@company.com,+91-7514201009,D015,Accountant,2018-08-11,194500,E0454,F,1991-02-15,ON_LEAVE,Chennai
E1317,Ananya,Malhotra,ananya.malhotra1317@company.com,,D018,Sales Executive,2024-01-18,162200,E0561,M,2004-04-06,ACTIVE,Pune
E1318,Sneha,Jain,sneha.jain1318@company.com,+91-6809180514,D010,Recruiter,2021-05-15,54900,E0705,M,1968-05-05,ACTIVE,Bengaluru
E1319,Neha,Kapoor,neha.kapoor1319@company.com,+91-7610298682,D008,Marketing Executive,2025-09-07,70000,E0538,M,1974-01-10,ACTIVE,Bengaluru
E1320,Amit,Verma,amit.verma1320@company.com,+91-9820480930,D002,DevOps Engineer,2024-09-27,158400,E0199,M,2000-08-29,ACTIVE,Kolkata
E1321,Amit,Singh,amit.singh1321@company.com,+91-9760427614,D001,Data Analyst,2021-08-04,130200,E0637,M,2001-01-16,ACTIVE,Gurugram
E1322,Priya,Sinha,priya.sinha1322@company.com,+91-8455457755,D010,Data Engineer,2026-03-05,98200,E0833,,1967-08-25,ACTIVE,Mumbai
E1323,Ishita,Iyer,ishita.iyer1323@company.com,+91-8298725280,D008,Project Manager,2020-05-30,182800,E0890,M,1999-07-21,ACTIVE,Bengaluru
E1324,Ritika,Joshi,ritika.joshi1324@company.com,+91-8694022475,D020,Project Manager,2025-11-15,99000,E0603,F,1994-04-15,ACTIVE,Bengaluru
E1325,Ishita,Joshi,ishita.joshi1325@company.com,+91-8786248638,D004,Sales Executive,2021-05-30,102800,E0791,M,1977-01-20,ACTIVE,Gurugram
E1326,Nikhil,Mehta,nikhil.mehta1326@company.com,+91-9020742912,D012,Data Analyst,2025-08-20,99700,,F,1987-12-01,ACTIVE,Kolkata
E1327,Rohan,Malhotra,rohan.malhotra1327@company.com,+91-8442260781,D008,Data Engineer,2023-03-03,58900,E0860,,1989-08-20,ON_LEAVE,Mumbai
E1328,Ritika,Patel,ritika.patel1328@company.com,+91-9487941161,D006,Business Analyst,2021-11-29,131000,E0388,M,1967-03-08,ACTIVE,Hyderabad
E1329,Amit,Jain,amit.jain1329@company.com,+91-8942143510,D020,Software Engineer,2019-05-23,64100,E0265,,1971-09-21,TERMINATED,Kolkata
E1330,Neha,Sinha,neha.sinha1330@company.com,+91-7585515728,D012,HR Executive,2023-01-17,121700,E0334,M,1983-02-19,ACTIVE,Kolkata
E1331,Kabir,Singh,kabir.singh1331@company.com,+91-9695802738,D001,Data Analyst,2023-11-02,214600,E0761,M,1985-12-17,TERMINATED,Hyderabad
E1332,Rahul,Joshi,rahul.joshi1332@company.com,+91-7224502447,D012,DevOps Engineer,2019-03-05,198100,E1301,M,1985-10-22,ACTIVE,Chennai
E1333,Rahul,Sinha,rahul.sinha1333@company.com,+91-6381953770,D004,Project Manager,2023-05-19,45200,E0131,F,1982-11-02,ACTIVE,Hyderabad
E1334,Aditya,Joshi,aditya.joshi1334@company.com,+91-7608936406,D015,Data Analyst,2020-08-23,124600,E0753,F,1970-05-03,ACTIVE,New Delhi
E1335,Aditi,Tiwari,aditi.tiwari1335@company.com,+91-7349210458,D011,Data Analyst,2020-01-27,196200,E0927,F,1998-11-29,ACTIVE,New Delhi
E1336,Kabir,Patel,kabir.patel1336@company.com,+91-9673179552,D015,Intern,2019-07-13,86400,,M,1980-11-11,ACTIVE,Kolkata
E1337,Rohan,Kapoor,rohan.kapoor1337@company.com,+91-6613147497,D007,Project Manager,2019-06-04,128400,E0170,F,1991-03-10,ACTIVE,Gurugram
E1338,Aarav,Singh,,+91-7526893042,D016,Accountant,2020-03-05,103100,E1041,M,1978-03-02,ACTIVE,Kolkata
E1339,Vivaan,Yadav,vivaan.yadav1339@company.com,+91-7724157007,D009,Data Analyst,2023-06-07,137000,,M,1985-09-11,ACTIVE,Kolkata
E1340,Ishita,Gupta,ishita.gupta1340@company.com,+91-6501014025,D012,Data Analyst,2026-02-15,124500,E0056,F,1982-03-17,TERMINATED,Kolkata
E1341,Rohan,Kumar,rohan.kumar1341@company.com,+91-9207477071,D014,DevOps Engineer,2022-05-13,110300,E0676,F,2002-06-09,ACTIVE,Gurugram
E1342,Pooja,Mehta,pooja.mehta1342@company.com,+91-8221579909,D003,Marketing Executive,2024-03-21,129400,E0026,F,1971-11-24,ACTIVE,Kolkata
E1343,Kabir,Rao,kabir.rao1343@company.com,+91-8035264921,D008,Marketing Executive,2025-02-19,172500,E1312,M,1983-02-03,ACTIVE,Pune
E1344,Rohan,Malhotra,rohan.malhotra1344@company.com,+91-6782361198,D005,Recruiter,2023-05-02,115000,E0201,M,1972-05-20,ACTIVE,Chennai
E1345,Aditya,Malhotra,aditya.malhotra1345@company.com,+91-7665655274,D017,Business Analyst,2025-07-07,133300,E0271,M,1968-04-29,ACTIVE,Mumbai
E1346,Aditya,Gupta,aditya.gupta1346@company.com,+91-7534207242,D008,QA Engineer,2022-02-22,33500,E0263,,1967-11-16,ACTIVE,Gurugram
E1347,Amit,Gupta,amit.gupta1347@company.com,+91-7713597917,D008,Recruiter,2019-05-26,171000,E0642,F,1970-05-18,ACTIVE,Hyderabad
E1348,Arjun,Iyer,arjun.iyer1348@company.com,+91-6249776701,D016,Business Analyst,2018-09-04,129800,E0076,F,1983-12-11,ACTIVE,Gurugram
E1349,Ishita,Das,ishita.das1349@company.com,+91-7581704027,D019,Software Engineer,2025-08-10,114700,E1347,F,1982-09-12,ACTIVE,Mumbai
E1350,Aditya,Joshi,aditya.joshi1350@company.com,+91-8968180814,D004,Data Analyst,2023-04-29,189500,E0202,F,1987-11-20,INACTIVE,Gurugram
E1351,Kabir,Bansal,kabir.bansal1351@company.com,+91-8324037872,D016,Project Manager,2020-12-06,213400,E0258,,1984-04-09,INACTIVE,Kolkata
E1352,Neha,Malhotra,neha.malhotra1352@company.com,+91-6247279719,D013,Data Engineer,2023-04-15,35800,E0516,M,1971-09-25,INACTIVE,Kolkata
E1353,Arjun,Singh,arjun.singh1353@company.com,+91-7905617972,D008,Intern,2019-05-19,104800,,F,1994-08-31,INACTIVE,Chennai
E1354,Amit,Mehta,,+91-9643077337,D018,Business Analyst,2019-01-01,70600,E0269,F,1972-07-27,ACTIVE,Gurugram
E1355,Pooja,Verma,pooja.verma1355@company.com,+91-9383614099,D002,Data Analyst,2023-04-08,138600,E0651,,1995-01-24,ACTIVE,Bengaluru
E1356,Kavya,Rao,kavya.rao1356@company.com,+91-9652011209,D019,Data Engineer,2018-07-20,171700,E1127,,1966-12-20,ACTIVE,Kolkata
E1357,Ishita,Das,ishita.das1357@company.com,+91-9225844549,D003,Accountant,2022-10-29,84700,E0951,F,1976-04-20,ACTIVE,Kolkata
E1358,Kavya,Sharma,kavya.sharma1358@company.com,+91-7855363296,D011,Marketing Executive,2018-07-23,31200,E0320,,1982-01-25,ACTIVE,Pune
E1359,Arjun,Joshi,arjun.joshi1359@company.com,+91-8355370139,D008,Marketing Executive,2020-05-13,44500,E0072,F,1995-01-13,ACTIVE,Hyderabad
E1360,Rohan,Sharma,rohan.sharma1360@company.com,+91-7854346401,D013,HR Executive,2023-08-02,158700,E0360,F,1971-06-25,ACTIVE,Hyderabad
E1361,Kavya,Nair,,+91-7079883979,D003,QA Engineer,2018-04-25,145700,E0272,M,1983-01-23,ACTIVE,Bengaluru
E1362,Pooja,Joshi,pooja.joshi1362@company.com,+91-9131631478,D017,Business Analyst,2023-10-22,213000,E1273,M,1970-01-16,ACTIVE,Chennai
E1363,Aditi,Das,aditi.das1363@company.com,+91-9434202314,D011,Software Engineer,2022-12-02,177500,E0706,M,1983-02-22,INACTIVE,Mumbai
E1364,Aarav,Kapoor,aarav.kapoor1364@company.com,+91-9377047145,D004,Data Analyst,2024-07-18,95600,E0838,M,1980-04-10,ACTIVE,Bengaluru
E1365,Ananya,Gupta,ananya.gupta1365@company.com,+91-6150786134,D005,Accountant,2023-03-27,167500,E1353,M,1994-05-28,ACTIVE,Chennai
E1366,Amit,Kumar,amit.kumar1366@company.com,,D011,HR Executive,2021-05-11,148800,E0112,F,1997-05-28,ACTIVE,Hyderabad
E1367,Rohan,Kapoor,rohan.kapoor1367@company.com,+91-9017861823,D020,Marketing Executive,2020-04-29,219400,E1224,F,1973-11-29,ACTIVE,Kolkata
E1368,Kavya,Kumar,kavya.kumar1368@company.com,+91-6529899760,D016,Software Engineer,2019-04-24,198300,E0894,M,1972-02-14,TERMINATED,Pune
E1369,Amit,Sinha,amit.sinha1369@company.com,+91-8191398647,D013,Project Manager,2020-10-27,43600,E1138,,1991-06-29,ACTIVE,Kolkata
E1370,Priya,Tiwari,priya.tiwari1370@company.com,+91-9681765759,D009,DevOps Engineer,2023-02-01,126400,E0961,M,1990-07-19,ACTIVE,Mumbai
E1371,Arjun,Mehta,arjun.mehta1371@company.com,+91-6529330817,D004,HR Executive,2018-08-25,167000,E0628,F,1990-07-25,ACTIVE,Gurugram
E1372,Arjun,Yadav,arjun.yadav1372@company.com,+91-9671371445,D015,QA Engineer,2025-11-04,177200,E0423,F,1979-09-16,ACTIVE,Bengaluru
E1373,Neha,Sinha,neha.sinha1373@company.com,+91-8157230144,D014,DevOps Engineer,2021-03-04,40400,E0522,F,1987-05-24,ON_LEAVE,Bengaluru
E1374,Kavya,Das,kavya.das1374@company.com,+91-6935417694,D017,Accountant,2019-10-15,42400,E1031,F,1970-03-29,ACTIVE,Bengaluru
E1375,Arjun,Nair,arjun.nair1375@company.com,+91-7226534073,D002,Recruiter,2025-04-15,194400,E1200,F,1992-01-24,ACTIVE,Mumbai
E1376,Rohan,Mishra,rohan.mishra1376@company.com,+91-8654943882,D002,DevOps Engineer,2024-07-17,35100,E0325,M,1969-02-18,ACTIVE,Hyderabad
E1377,Amit,Iyer,amit.iyer1377@company.com,+91-8187541089,D011,Intern,2023-10-22,108300,E1279,M,1980-05-27,ACTIVE,New Delhi
E1378,Rohan,Kumar,rohan.kumar1378@company.com,+91-7169834029,D020,DevOps Engineer,2018-10-02,114800,E1314,F,1991-09-11,ACTIVE,Chennai
E1379,Ananya,Mishra,ananya.mishra1379@company.com,+91-7332028372,D002,Data Engineer,2022-04-21,194300,E0653,M,1981-03-26,ACTIVE,Gurugram
E1380,Meera,Gupta,meera.gupta1380@company.com,+91-6998132056,D006,Data Analyst,2025-11-16,80300,E0699,M,1982-06-12,ACTIVE,Hyderabad
E1381,Vivaan,Iyer,vivaan.iyer1381@company.com,+91-7855633034,D003,Data Engineer,2024-08-02,46300,,F,2001-04-08,ACTIVE,Mumbai
E1382,Ishita,Kumar,ishita.kumar1382@company.com,+91-8252753853,D004,Business Analyst,2022-01-31,138200,E0553,M,1991-05-03,ACTIVE,Pune
E1383,Vivaan,Singh,vivaan.singh1383@company.com,,D002,Data Analyst,2022-08-24,218800,E0864,M,1994-07-23,ACTIVE,Hyderabad
E1384,Priya,Rao,priya.rao1384@company.com,+91-6634094456,D011,Project Manager,2018-01-04,181300,E0804,M,2002-09-02,ACTIVE,New Delhi
E1385,Priya,Joshi,priya.joshi1385@company.com,+91-9318123627,D007,Business Analyst,2020-12-03,101000,E1129,F,1986-11-27,ACTIVE,Mumbai
E1386,Vivaan,Mishra,vivaan.mishra1386@company.com,+91-9184902487,D008,DevOps Engineer,2021-08-02,71200,E0801,F,1980-08-06,ACTIVE,New Delhi
E1387,Nikhil,Gupta,nikhil.gupta1387@company.com,+91-8106590391,D004,Marketing Executive,2018-12-15,162800,E0423,,1992-10-27,ACTIVE,Kolkata
E1388,Arjun,Rao,arjun.rao1388@company.com,+91-9934618086,D002,Project Manager,2021-11-12,126000,E0073,F,1987-09-07,ACTIVE,Mumbai
E1389,Ishita,Mishra,ishita.mishra1389@company.com,,D005,Operations Executive,2019-06-11,38800,,M,1984-10-01,ACTIVE,Kolkata
E1390,Arjun,Nair,arjun.nair1390@company.com,+91-9115239283,D011,HR Executive,2025-06-06,35500,E0519,F,1978-12-21,ACTIVE,Hyderabad
E1391,Nikhil,Kapoor,nikhil.kapoor1391@company.com,+91-8125811037,D018,Project Manager,2024-08-04,93100,E0143,F,1994-07-12,ACTIVE,Bengaluru
E1392,Arjun,Verma,arjun.verma1392@company.com,+91-8445976781,D015,DevOps Engineer,2020-12-06,175100,E1193,,2002-02-14,ACTIVE,Kolkata
E1393,Karan,Yadav,karan.yadav1393@company.com,,D009,DevOps Engineer,2022-01-09,213200,E1367,M,1986-04-11,INACTIVE,New Delhi
E1394,Pooja,Gupta,,+91-8901993973,D003,Intern,2022-03-10,43900,E0854,F,2003-10-29,ACTIVE,Kolkata
E1395,Karan,Mehta,karan.mehta1395@company.com,+91-9982629046,D006,QA Engineer,2019-03-07,75000,E0697,M,1975-02-22,TERMINATED,Gurugram
E1396,Arjun,Malhotra,arjun.malhotra1396@company.com,+91-9334380293,D015,Software Engineer,2018-10-27,188000,E0593,,1990-12-05,ACTIVE,Kolkata
E1397,Amit,Mishra,amit.mishra1397@company.com,+91-9934677014,D003,Software Engineer,2024-07-06,138000,E0192,,2004-01-16,ACTIVE,Bengaluru
E1398,Kabir,Gupta,kabir.gupta1398@company.com,+91-8744512723,D003,DevOps Engineer,2022-07-06,76300,E1161,F,1981-11-18,ON_LEAVE,Chennai
E1399,Ananya,Tiwari,ananya.tiwari1399@company.com,+91-7558133605,D018,Project Manager,2024-12-01,152600,E0530,F,1999-12-01,ACTIVE,Mumbai
E1400,Rahul,Sharma,rahul.sharma1400@company.com,+91-6673860078,D016,DevOps Engineer,2024-10-09,126600,,,2004-02-13,ACTIVE,Bengaluru
E1401,Meera,Yadav,meera.yadav1401@company.com,+91-7906019363,D012,Project Manager,2019-01-11,180400,E1082,F,1988-04-09,ACTIVE,Kolkata
E1402,Aarav,Rao,aarav.rao1402@company.com,+91-8574687863,D020,Operations Executive,2021-04-21,30900,E0505,M,1990-02-23,ACTIVE,Chennai
E1403,Rohan,Yadav,rohan.yadav1403@company.com,+91-7077263309,D002,Data Analyst,2022-03-14,197400,E0134,M,1975-09-08,ACTIVE,Chennai
E1404,Rohan,Sinha,rohan.sinha1404@company.com,+91-9006327740,D009,QA Engineer,2021-08-25,57600,E0143,M,1993-03-18,TERMINATED,Chennai
E1405,Meera,Das,meera.das1405@company.com,+91-9492055474,D009,Business Analyst,2024-07-29,71400,E0913,M,1990-04-18,ACTIVE,Bengaluru
E1406,Kavya,Kapoor,kavya.kapoor1406@company.com,+91-9524463602,D006,Software Engineer,2024-01-16,159600,E0301,F,1976-08-22,ACTIVE,New Delhi
E1407,Neha,Patel,neha.patel1407@company.com,+91-7707711422,D008,Intern,2023-09-04,83600,E0349,M,1997-03-02,ACTIVE,Gurugram
E1408,Pooja,Singh,,+91-7954887898,D005,Data Analyst,2024-05-14,137800,E0338,F,1966-08-30,INACTIVE,Hyderabad
E1409,Aditi,Malhotra,aditi.malhotra1409@company.com,+91-8183802620,D002,Recruiter,2022-08-28,199600,E0681,M,1982-03-18,INACTIVE,Pune
E1410,Ritika,Mishra,ritika.mishra1410@company.com,+91-8808674992,D010,Operations Executive,2018-03-07,32100,E0036,M,1993-10-03,ACTIVE,Gurugram
E1411,Kabir,Verma,kabir.verma1411@company.com,+91-7141405260,D005,Accountant,2019-07-21,144300,E0099,M,1976-10-24,ACTIVE,Chennai
E1412,Neha,Joshi,neha.joshi1412@company.com,+91-9367183913,D017,Sales Executive,2024-07-22,178300,E1048,F,1990-08-25,ON_LEAVE,Kolkata
E1413,Aditya,Malhotra,aditya.malhotra1413@company.com,+91-7487204791,D007,Intern,2022-12-24,148400,,F,1971-08-11,INACTIVE,Mumbai
E1414,Meera,Patel,meera.patel1414@company.com,+91-6932529014,D014,Intern,2018-06-21,196800,,M,1979-09-04,INACTIVE,Hyderabad
E1415,Kavya,Gupta,kavya.gupta1415@company.com,+91-8623377835,D012,Project Manager,2022-03-10,193700,E0446,F,2002-02-13,ACTIVE,Gurugram
E1416,Aditi,Kumar,aditi.kumar1416@company.com,+91-9146981839,D012,Intern,2023-04-17,165500,,,1988-12-09,ACTIVE,Bengaluru
E1417,Aditya,Gupta,aditya.gupta1417@company.com,+91-6024237905,D014,Data Engineer,2022-03-17,134500,E0652,M,1980-04-01,TERMINATED,Kolkata
E1418,Ananya,Singh,ananya.singh1418@company.com,+91-8415794324,D005,Data Analyst,2021-01-29,62900,E0846,,1991-07-18,ACTIVE,Gurugram
E1419,Rahul,Mishra,rahul.mishra1419@company.com,+91-6629466218,D008,DevOps Engineer,2018-11-14,159100,E0476,F,1990-03-20,ACTIVE,Chennai
E1420,Vivaan,Patel,vivaan.patel1420@company.com,+91-7995828398,D007,Recruiter,2019-07-13,116000,E0488,M,1988-04-27,ACTIVE,Bengaluru
E1421,Sneha,Sinha,sneha.sinha1421@company.com,+91-6684128306,D012,Data Engineer,2019-02-23,36900,E1283,M,1985-10-14,ACTIVE,Hyderabad
E1422,Pooja,Verma,pooja.verma1422@company.com,,D008,DevOps Engineer,2018-09-20,49700,E1086,F,1978-06-01,ACTIVE,Chennai
E1423,Neha,Joshi,neha.joshi1423@company.com,+91-8204725565,D015,HR Executive,2022-01-23,28400,E0125,M,1982-12-24,TERMINATED,New Delhi
E1424,Sneha,Malhotra,sneha.malhotra1424@company.com,+91-6969986510,D004,Software Engineer,2024-10-18,181500,E0828,M,1976-03-24,TERMINATED,Kolkata
E1425,Nikhil,Verma,,+91-9870892723,D008,Operations Executive,2019-11-24,98600,E1344,M,2000-12-16,INACTIVE,Hyderabad
E1426,Sneha,Gupta,sneha.gupta1426@company.com,+91-8079184180,D003,Data Engineer,2022-10-23,54300,E0055,F,2002-11-01,ACTIVE,Kolkata
E1427,Nikhil,Yadav,nikhil.yadav1427@company.com,+91-8334453437,D008,Intern,2025-10-20,139600,E0565,M,1972-02-18,ACTIVE,Hyderabad
E1428,Priya,Jain,priya.jain1428@company.com,+91-6062855841,D005,Data Analyst,2022-08-10,175000,E0512,M,2001-08-25,ACTIVE,Pune
E1429,Meera,Kapoor,meera.kapoor1429@company.com,+91-6143202752,D014,Recruiter,2021-08-16,131300,E0995,,1987-07-03,TERMINATED,Chennai
E1430,Priya,Patel,priya.patel1430@company.com,+91-6476950404,D003,Software Engineer,2020-01-09,85300,E0647,M,1968-03-12,ACTIVE,Kolkata
E1431,Kavya,Mishra,kavya.mishra1431@company.com,+91-6295813592,D005,Marketing Executive,2021-01-25,88100,E0585,M,1970-06-25,ACTIVE,Gurugram
E1432,Karan,Kapoor,karan.kapoor1432@company.com,+91-8657653131,D020,Data Analyst,2025-07-18,63700,E0235,M,1966-12-29,ACTIVE,Bengaluru
E1433,Karan,Mishra,karan.mishra1433@company.com,+91-8523101036,D020,Accountant,2018-12-08,177400,E0400,F,1983-03-26,ACTIVE,New Delhi
E1434,Aditi,Kumar,aditi.kumar1434@company.com,+91-6450064962,D015,Business Analyst,2020-08-09,157200,E0132,M,1974-02-24,ACTIVE,Gurugram
E1435,Kabir,Jain,kabir.jain1435@company.com,+91-7593060793,D003,QA Engineer,2023-02-28,150300,E1408,F,1979-03-26,ACTIVE,New Delhi
E1436,Ananya,Kapoor,ananya.kapoor1436@company.com,+91-9309974366,D013,Recruiter,2024-01-27,143300,E0825,F,2004-08-06,ACTIVE,Pune
E1437,Aditi,Sinha,aditi.sinha1437@company.com,,D002,HR Executive,2026-03-02,137700,E0239,,2001-12-30,ACTIVE,New Delhi
E1438,Sneha,Kumar,sneha.kumar1438@company.com,+91-8732236040,D002,Intern,2025-06-27,55900,E1298,F,1991-04-14,ACTIVE,Bengaluru
E1439,Neha,Nair,neha.nair1439@company.com,,D010,QA Engineer,2026-03-06,194400,E1044,M,1982-02-22,ACTIVE,Chennai
E1440,Vivaan,Bansal,vivaan.bansal1440@company.com,+91-6063036152,D007,Recruiter,2022-08-24,135900,E0297,M,1978-05-16,ACTIVE,Chennai
E1441,Amit,Mehta,amit.mehta1441@company.com,+91-7815590889,D017,Business Analyst,2020-06-12,168200,E0060,M,1971-05-05,ACTIVE,Kolkata
E1442,Ananya,Mishra,ananya.mishra1442@company.com,+91-6728639042,D001,HR Executive,2020-01-20,189600,E0435,F,1997-04-23,ACTIVE,Hyderabad
E1443,Aarav,Nair,aarav.nair1443@company.com,+91-7930032312,D007,Recruiter,2019-04-04,95100,E0245,M,1972-07-16,ACTIVE,Gurugram
E1444,Rohan,Rao,rohan.rao1444@company.com,+91-9647261489,D008,Recruiter,2025-06-08,165800,E0025,F,1989-07-09,ACTIVE,Kolkata
E1445,Nikhil,Das,nikhil.das1445@company.com,+91-9385202279,D015,Project Manager,2018-07-18,66400,E1186,,1970-02-21,ACTIVE,Kolkata
E1446,Kavya,Rao,kavya.rao1446@company.com,+91-8845868694,D011,Software Engineer,2019-05-26,110300,E0708,M,1985-12-25,ACTIVE,Mumbai
E1447,Rahul,Mishra,rahul.mishra1447@company.com,+91-9406484272,D004,Recruiter,2019-07-11,176800,E0026,F,2001-01-13,ACTIVE,Kolkata
E1448,Rahul,Mishra,rahul.mishra1448@company.com,+91-7353504243,D007,DevOps Engineer,2022-09-23,214700,E0075,M,1994-05-18,ON_LEAVE,Gurugram
E1449,Ananya,Malhotra,ananya.malhotra1449@company.com,+91-6482603719,D012,Marketing Executive,2019-08-21,58600,E0275,M,2004-01-31,ACTIVE,Chennai
E1450,Kavya,Sinha,kavya.sinha1450@company.com,+91-6740759004,D008,Recruiter,2021-11-02,175500,,M,1980-12-28,ACTIVE,Kolkata
E1451,Nikhil,Mehta,nikhil.mehta1451@company.com,+91-8361214466,D012,Business Analyst,2020-12-26,160500,E1237,M,1972-12-30,TERMINATED,New Delhi
E1452,Neha,Singh,neha.singh1452@company.com,+91-6749809847,D002,Sales Executive,2023-11-06,94000,E1104,M,1997-07-22,ACTIVE,Pune
E1453,Ishita,Jain,ishita.jain1453@company.com,+91-7931449426,D006,Accountant,2021-06-05,102500,,F,1992-09-24,ACTIVE,Mumbai
E1454,Vivaan,Iyer,vivaan.iyer1454@company.com,+91-7590475720,D013,Business Analyst,2025-12-28,195000,E0451,,1983-10-15,ACTIVE,New Delhi
E1455,Vivaan,Tiwari,vivaan.tiwari1455@company.com,+91-7436575846,D004,Software Engineer,2020-09-20,189400,E0980,F,1992-12-02,ACTIVE,Bengaluru
E1456,Meera,Das,meera.das1456@company.com,+91-9139799258,D012,Operations Executive,2018-01-08,179700,E0774,M,1982-09-28,ACTIVE,Hyderabad
E1457,Rahul,Singh,rahul.singh1457@company.com,+91-8760494949,D004,DevOps Engineer,2023-01-22,42100,E0937,F,1978-01-05,ACTIVE,Pune
E1458,Kavya,Sinha,kavya.sinha1458@company.com,+91-8777000820,D004,Data Analyst,2020-04-14,167600,E0235,M,1988-08-01,ACTIVE,Bengaluru
E1459,Neha,Iyer,neha.iyer1459@company.com,+91-6434314062,D007,Intern,2022-09-16,69700,E0743,F,1984-12-31,ACTIVE,Kolkata
E1460,Amit,Sharma,amit.sharma1460@company.com,+91-6720649397,D003,DevOps Engineer,2023-04-22,193600,E0464,,1989-05-28,ACTIVE,Bengaluru
E1461,Rohan,Mehta,rohan.mehta1461@company.com,,D014,Data Analyst,2024-08-09,123200,E1313,,1968-09-23,ACTIVE,Bengaluru
E1462,Rohan,Tiwari,rohan.tiwari1462@company.com,+91-6646346406,D011,Intern,2020-08-30,46300,E0439,F,1989-01-28,ACTIVE,Pune
E1463,Rahul,Kapoor,rahul.kapoor1463@company.com,+91-8077494916,D006,HR Executive,2020-02-06,40100,E1190,F,1976-05-13,ON_LEAVE,Hyderabad
E1464,Neha,Bansal,neha.bansal1464@company.com,+91-6096883602,D010,Software Engineer,2018-04-18,95700,E0870,F,1984-06-10,ACTIVE,Hyderabad
E1465,Aarav,Tiwari,aarav.tiwari1465@company.com,+91-8905706339,D020,Data Analyst,2019-06-25,150600,E0994,,2000-05-21,ACTIVE,Chennai
E1466,Arjun,Verma,arjun.verma1466@company.com,+91-8050979136,D017,Project Manager,2024-06-29,86300,,M,1992-12-16,ACTIVE,Pune
E1467,Aarav,Das,aarav.das1467@company.com,+91-8442593921,D020,Sales Executive,2025-08-22,92400,E0114,F,1976-04-04,INACTIVE,New Delhi
E1468,Nikhil,Iyer,nikhil.iyer1468@company.com,+91-7121476704,D009,Business Analyst,2026-01-12,63500,E0761,,1999-11-07,ACTIVE,Chennai
E1469,Priya,Kapoor,priya.kapoor1469@company.com,+91-9355408520,D010,Sales Executive,2023-09-05,125100,E0960,F,1994-09-30,INACTIVE,Chennai
E1470,Neha,Bansal,neha.bansal1470@company.com,+91-8904712563,D020,Sales Executive,2020-05-07,50100,E1025,F,1979-07-28,ACTIVE,Gurugram
E1471,Aditya,Nair,,+91-6575150857,D015,Data Analyst,2019-10-21,191300,E1458,F,1999-11-27,ACTIVE,Hyderabad
E1472,Meera,Mishra,meera.mishra1472@company.com,+91-9077512124,D005,Marketing Executive,2019-10-06,150300,E0405,F,2003-05-15,INACTIVE,Chennai
E1473,Vivaan,Mehta,vivaan.mehta1473@company.com,+91-6649468858,D001,Sales Executive,2022-04-04,186400,E0997,F,1996-01-15,ACTIVE,Chennai
E1474,Aarav,Jain,aarav.jain1474@company.com,+91-7497206412,D010,Operations Executive,2024-03-13,211200,,M,1990-02-03,ACTIVE,Chennai
E1475,Aditi,Rao,aditi.rao1475@company.com,+91-7869866850,D008,QA Engineer,2020-08-22,190200,E1378,F,1973-06-18,ACTIVE,Mumbai
E1476,Aditya,Sinha,aditya.sinha1476@company.com,+91-9566469928,D001,Marketing Executive,2024-11-24,148300,,,1973-10-01,ACTIVE,Pune
E1477,Ishita,Iyer,ishita.iyer1477@company.com,+91-7758070225,D007,Operations Executive,2023-12-23,118700,E1044,M,1968-07-26,TERMINATED,Bengaluru
E1478,Meera,Bansal,meera.bansal1478@company.com,+91-6542428120,D004,HR Executive,2018-10-08,126400,E0391,M,1978-03-26,ACTIVE,Hyderabad
E1479,Rohan,Nair,rohan.nair1479@company.com,+91-7770603414,D006,Operations Executive,2022-08-26,97800,E0817,F,1973-04-10,ACTIVE,Kolkata
E1480,Rahul,Tiwari,rahul.tiwari1480@company.com,+91-6468584090,D004,Intern,2022-01-10,165000,E1452,M,1975-08-21,ACTIVE,Gurugram
E1481,Sneha,Jain,sneha.jain1481@company.com,+91-6678060408,D017,Operations Executive,2018-12-21,126900,E0548,M,2003-05-24,ACTIVE,Mumbai
E1482,Arjun,Nair,arjun.nair1482@company.com,+91-9000172945,D013,Project Manager,2024-09-26,163900,E0128,M,1984-08-23,ACTIVE,Mumbai
E1483,Kabir,Kumar,kabir.kumar1483@company.com,+91-8583315658,D008,Accountant,2026-03-15,48700,E0892,M,1992-12-03,ACTIVE,Mumbai
E1484,Kabir,Sinha,kabir.sinha1484@company.com,+91-7410957700,D001,Business Analyst,2024-01-28,183800,E0720,M,2003-02-09,ACTIVE,Pune
E1485,Pooja,Tiwari,pooja.tiwari1485@company.com,+91-8295421266,D008,Data Analyst,2020-09-17,202400,E0012,F,1996-08-07,ACTIVE,Pune
E1486,Nikhil,Yadav,nikhil.yadav1486@company.com,+91-7189309253,D012,Business Analyst,2021-06-27,208900,E0151,F,1971-02-21,TERMINATED,Kolkata
E1487,Sneha,Malhotra,sneha.malhotra1487@company.com,+91-9933079631,D018,Data Analyst,2024-10-13,29200,E1302,F,1994-11-25,ACTIVE,New Delhi
E1488,Arjun,Iyer,arjun.iyer1488@company.com,+91-7004589671,D020,Operations Executive,2018-05-10,64900,E0718,,2002-11-06,ACTIVE,New Delhi
E1489,Aditi,Verma,aditi.verma1489@company.com,+91-9469365249,D010,Project Manager,2021-12-09,147000,E1481,F,1971-06-17,ACTIVE,Chennai
E1490,Pooja,Singh,pooja.singh1490@company.com,+91-8116061163,D017,DevOps Engineer,2019-05-22,146400,E0328,F,1995-01-14,ON_LEAVE,Bengaluru
E1491,Arjun,Nair,arjun.nair1491@company.com,+91-7616498393,D008,Recruiter,2019-10-14,154200,E0500,F,1972-10-31,TERMINATED,Chennai
E1492,Arjun,Nair,arjun.nair1492@company.com,+91-9237174788,D003,Data Engineer,2018-01-17,72800,E1240,F,2004-04-20,ACTIVE,Hyderabad
E1493,Rahul,Sinha,rahul.sinha1493@company.com,+91-7597987909,D012,Business Analyst,2024-01-30,211100,,M,2002-10-07,ACTIVE,Chennai
E1494,Neha,Gupta,neha.gupta1494@company.com,+91-6978083066,D007,Data Engineer,2024-02-28,210500,E1081,F,1966-01-07,INACTIVE,Mumbai
E1495,Priya,Verma,priya.verma1495@company.com,+91-7447513577,D019,Sales Executive,2018-05-03,52400,E0594,F,1982-04-08,ACTIVE,Hyderabad
E1496,Ishita,Malhotra,ishita.malhotra1496@company.com,+91-9184570427,D003,Recruiter,2021-11-14,120200,,F,1999-10-30,ACTIVE,Pune
E1497,Vivaan,Mehta,vivaan.mehta1497@company.com,+91-7192939844,D020,HR Executive,2023-10-15,70500,,M,1981-10-25,ACTIVE,Bengaluru
E1498,Aditi,Rao,aditi.rao1498@company.com,+91-8714343374,D012,Intern,2019-11-28,141100,E0907,F,1970-02-27,ACTIVE,New Delhi
E1499,Priya,Rao,priya.rao1499@company.com,+91-7645365218,D020,Recruiter,2022-04-01,197100,E1013,,1982-10-01,ACTIVE,Pune
E1500,Priya,Nair,priya.nair1500@company.com,+91-7675590195,D007,HR Executive,2025-12-20,118700,E1408,F,1981-01-13,ACTIVE,Gurugram
E1501,Nikhil,Gupta,nikhil.gupta1501@company.com,+91-9788881801,D004,Intern,2025-09-24,184300,E1291,M,2001-05-29,ACTIVE,Kolkata
E1502,Arjun,Singh,arjun.singh1502@company.com,+91-8194232942,D001,Intern,2022-02-07,171500,E0340,M,1972-05-31,ACTIVE,Chennai
E1503,Aditi,Gupta,aditi.gupta1503@company.com,+91-8109941185,D010,Sales Executive,2018-04-22,76200,E1027,F,1999-04-06,ACTIVE,Bengaluru
E1504,Ishita,Joshi,ishita.joshi1504@company.com,+91-6276756494,D019,Data Analyst,2025-01-14,195300,E0441,M,1981-09-20,ACTIVE,Mumbai
E1505,Aditi,Gupta,aditi.gupta1505@company.com,+91-9488233213,D011,Sales Executive,2022-08-19,192000,E1222,F,1972-06-21,ON_LEAVE,Chennai
E1506,Priya,Das,priya.das1506@company.com,+91-7675556899,D007,Sales Executive,2025-04-03,80700,E0453,F,1974-11-12,TERMINATED,New Delhi
E1507,Priya,Joshi,priya.joshi1507@company.com,+91-9669295835,D014,QA Engineer,2018-05-04,157500,E0330,F,1990-02-13,ACTIVE,Kolkata
E1508,Rohan,Singh,rohan.singh1508@company.com,+91-8307484680,D019,HR Executive,2025-09-25,75800,E0365,M,1983-09-22,ACTIVE,Kolkata
E1509,Karan,Mishra,,+91-6700628617,D018,Project Manager,2025-03-03,107900,E1477,F,1972-03-23,ACTIVE,Bengaluru
E1510,Aditya,Tiwari,aditya.tiwari1510@company.com,+91-7546923470,D020,Marketing Executive,2024-01-04,101900,E1221,M,1983-11-07,ACTIVE,Kolkata
E1511,Aarav,Mishra,aarav.mishra1511@company.com,+91-8312052356,D005,Software Engineer,2023-02-23,122700,E0518,,1973-10-10,ACTIVE,New Delhi
E1512,Kabir,Bansal,kabir.bansal1512@company.com,+91-6707762558,D013,Sales Executive,2018-07-16,214900,E1384,,1995-03-04,ACTIVE,Bengaluru
E1513,Karan,Kumar,karan.kumar1513@company.com,+91-8814565153,D008,DevOps Engineer,2022-09-19,190000,E0368,F,1983-12-27,ACTIVE,Bengaluru
E1514,Meera,Nair,meera.nair1514@company.com,+91-7593921295,D013,Project Manager,2022-10-07,191000,E0311,M,1988-08-11,ACTIVE,Bengaluru
E1515,Arjun,Verma,,+91-7373468335,D003,Sales Executive,2023-01-14,99100,E0480,F,1974-03-09,ACTIVE,Mumbai
E1516,Amit,Iyer,amit.iyer1516@company.com,+91-7498709589,D009,Project Manager,2024-01-19,173100,E1172,M,1998-01-21,ACTIVE,Chennai
E1517,Pooja,Das,pooja.das1517@company.com,+91-6275176106,D014,Project Manager,2019-12-29,95100,E0540,,1993-02-17,ACTIVE,Kolkata
E1518,Ishita,Nair,ishita.nair1518@company.com,+91-7951270693,D008,Accountant,2019-01-05,129400,E0914,,1977-01-19,ACTIVE,Hyderabad
E1519,Kavya,Sharma,kavya.sharma1519@company.com,+91-8208678655,D018,HR Executive,2021-12-02,47300,E1084,F,1997-06-30,ACTIVE,Bengaluru
E1520,Nikhil,Malhotra,nikhil.malhotra1520@company.com,+91-9298270707,D005,Accountant,2019-11-11,58900,E1043,M,1997-06-24,ACTIVE,Pune
E1521,Ritika,Das,ritika.das1521@company.com,+91-8814951840,D001,HR Executive,2021-12-25,157100,E0485,M,1969-06-14,ACTIVE,Pune
E1522,Amit,Joshi,amit.joshi1522@company.com,+91-7481208691,D020,Project Manager,2018-05-21,157000,E0713,M,1976-08-01,ACTIVE,Kolkata
E1523,Neha,Mehta,neha.mehta1523@company.com,+91-8832003304,D016,Data Engineer,2025-09-28,197900,E0994,M,1966-08-02,ACTIVE,Pune
E1524,Rahul,Iyer,rahul.iyer1524@company.com,+91-8578714830,D001,Business Analyst,2020-11-07,161000,E1199,F,1966-03-02,ON_LEAVE,Gurugram
E1525,Amit,Das,amit.das1525@company.com,+91-7601912005,D004,Intern,2024-04-28,57700,E0876,F,2002-02-21,ACTIVE,Hyderabad
E1526,Rahul,Joshi,rahul.joshi1526@company.com,+91-9914947417,D012,Accountant,2023-01-13,206700,E1031,F,1970-01-17,ACTIVE,Hyderabad
E1527,Amit,Bansal,amit.bansal1527@company.com,+91-8422048622,D002,DevOps Engineer,2020-06-02,171100,E0470,M,2004-07-23,ACTIVE,Bengaluru
E1528,Kabir,Kumar,kabir.kumar1528@company.com,+91-9089707833,D007,Recruiter,2021-06-08,30900,E0582,F,1969-03-29,ACTIVE,New Delhi
E1529,Priya,Joshi,priya.joshi1529@company.com,+91-7279507859,D019,Marketing Executive,2021-12-19,197400,E0320,F,1967-11-17,ACTIVE,Gurugram
E1530,Rohan,Joshi,rohan.joshi1530@company.com,+91-6647162246,D015,Project Manager,2022-04-09,139300,,F,1992-07-01,ACTIVE,New Delhi
E1531,Vivaan,Kumar,vivaan.kumar1531@company.com,+91-7208989190,D012,QA Engineer,2020-12-22,147700,E0186,F,1966-09-03,TERMINATED,Hyderabad
E1532,Meera,Sharma,meera.sharma1532@company.com,+91-7434612994,D002,Project Manager,2024-05-20,71800,E0517,M,1978-10-17,ACTIVE,Mumbai
E1533,Aditi,Sinha,aditi.sinha1533@company.com,+91-9088454774,D011,Business Analyst,2021-06-15,202600,,M,1978-10-16,ACTIVE,Hyderabad
E1534,Arjun,Sharma,arjun.sharma1534@company.com,+91-6535150892,D010,DevOps Engineer,2019-07-05,28100,E1314,F,1995-01-18,ACTIVE,Chennai
E1535,Neha,Mehta,neha.mehta1535@company.com,+91-7519159443,D013,HR Executive,2018-07-05,123900,E0094,M,1991-12-22,ACTIVE,New Delhi
E1536,Rahul,Patel,rahul.patel1536@company.com,+91-8886253039,D006,Data Analyst,2025-05-21,220000,E0561,F,1974-07-19,ACTIVE,Bengaluru
E1537,Aditya,Das,aditya.das1537@company.com,+91-7031476227,D001,Accountant,2025-05-12,32000,E0822,M,1985-11-05,ACTIVE,Pune
E1538,Aarav,Yadav,aarav.yadav1538@company.com,+91-6995226101,D007,Data Analyst,2022-09-18,170900,E1477,M,1966-04-05,ACTIVE,Gurugram
E1539,Amit,Jain,amit.jain1539@company.com,+91-9687707629,D013,Operations Executive,2024-01-24,176000,E1222,M,1989-02-24,ACTIVE,Bengaluru
E1540,Rohan,Sharma,rohan.sharma1540@company.com,+91-8986987421,D001,Intern,2018-09-24,118800,E0658,M,1975-03-29,ACTIVE,Mumbai
E1541,Rohan,Rao,rohan.rao1541@company.com,+91-8229641385,D002,Accountant,2020-01-13,103700,E0718,F,1994-09-18,ACTIVE,Pune
E1542,Pooja,Nair,pooja.nair1542@company.com,+91-7219290940,D012,Intern,2025-07-22,195200,E1490,M,1978-09-17,ACTIVE,New Delhi
E1543,Rahul,Joshi,rahul.joshi1543@company.com,+91-9339025812,D020,Data Engineer,2023-09-09,191900,E1345,M,2000-01-25,ACTIVE,Kolkata
E1544,Kabir,Patel,kabir.patel1544@company.com,+91-6274028367,D007,HR Executive,2020-12-04,89200,E0255,M,1988-12-12,ACTIVE,Bengaluru
E1545,Rohan,Mehta,rohan.mehta1545@company.com,+91-8193003579,D004,QA Engineer,2023-01-10,140300,E0650,,1995-11-03,ACTIVE,Mumbai
E1546,Aditi,Sinha,aditi.sinha1546@company.com,+91-7522842855,D008,DevOps Engineer,2024-07-29,160600,E0403,F,2004-06-14,INACTIVE,Gurugram
E1547,Sneha,Iyer,sneha.iyer1547@company.com,+91-9653098648,D009,Business Analyst,2023-12-11,130500,E1281,,1970-01-30,ACTIVE,Pune
E1548,Karan,Kapoor,karan.kapoor1548@company.com,+91-7802345471,D016,Sales Executive,2022-06-03,162800,E1378,F,1992-11-10,ACTIVE,Kolkata
E1549,Aditya,Gupta,aditya.gupta1549@company.com,+91-6272426380,D006,Sales Executive,2024-02-29,143700,E0641,,1976-11-27,ACTIVE,New Delhi
E1550,Aditya,Iyer,,+91-8192184085,D013,Operations Executive,2023-06-23,215000,E0374,M,1995-04-02,TERMINATED,New Delhi
E1551,Amit,Iyer,amit.iyer1551@company.com,+91-6099077929,D019,Accountant,2019-02-15,212800,E1461,M,1967-02-21,ACTIVE,Gurugram
E1552,Aarav,Mishra,aarav.mishra1552@company.com,+91-8909233340,D004,Operations Executive,2021-04-29,62500,,M,1990-08-12,ACTIVE,New Delhi
E1553,Aditya,Malhotra,aditya.malhotra1553@company.com,+91-8081796792,D017,Business Analyst,2020-01-31,165800,E0516,M,1966-11-04,ACTIVE,Kolkata
E1554,Priya,Gupta,priya.gupta1554@company.com,+91-8143427108,D013,Accountant,2022-12-09,149400,E1552,F,1988-03-23,ACTIVE,Kolkata
E1555,Priya,Patel,priya.patel1555@company.com,+91-8788303627,D007,Business Analyst,2020-09-23,92900,E1386,F,1971-05-07,ACTIVE,Kolkata
E1556,Pooja,Verma,pooja.verma1556@company.com,+91-8620769376,D018,Recruiter,2019-11-13,150300,E1523,M,1990-07-07,ON_LEAVE,Hyderabad
E1557,Meera,Iyer,meera.iyer1557@company.com,+91-6312154042,D002,Recruiter,2023-05-04,52300,E0455,F,1973-10-07,ACTIVE,Chennai
E1558,Ananya,Jain,ananya.jain1558@company.com,+91-6343177798,D013,Sales Executive,2019-05-19,157700,E0854,M,1990-08-15,ACTIVE,Mumbai
E1559,Ananya,Singh,ananya.singh1559@company.com,+91-8649912495,D010,Marketing Executive,2022-04-30,207200,,F,2003-08-14,ACTIVE,Chennai
E1560,Pooja,Bansal,pooja.bansal1560@company.com,+91-8538525332,D004,Recruiter,2025-01-24,186400,E0294,F,1982-12-15,INACTIVE,New Delhi
E1561,Aditi,Mishra,aditi.mishra1561@company.com,+91-6999374668,D016,Project Manager,2022-11-22,196200,E0041,M,1977-07-10,ACTIVE,Pune
E1562,Arjun,Malhotra,,+91-9621818301,D015,Accountant,2019-12-08,211600,E0430,M,1986-01-07,ACTIVE,New Delhi
E1563,Rahul,Iyer,rahul.iyer1563@company.com,+91-7439026736,D016,Recruiter,2023-10-08,29100,E1070,,1985-08-26,ACTIVE,Mumbai
E1564,Ananya,Iyer,ananya.iyer1564@company.com,+91-9365582524,D007,Sales Executive,2024-07-06,95200,E0153,M,1968-12-16,ACTIVE,Bengaluru
E1565,Amit,Nair,amit.nair1565@company.com,+91-6048479762,D002,Recruiter,2022-10-19,89700,E1052,F,2001-01-29,INACTIVE,Chennai
E1566,Karan,Kumar,karan.kumar1566@company.com,+91-8255355518,D009,HR Executive,2020-08-13,42900,E0604,,1995-05-14,ACTIVE,Mumbai
E1567,Priya,Bansal,priya.bansal1567@company.com,+91-7635284558,D015,Accountant,2023-12-13,141600,,M,2003-09-26,ACTIVE,Bengaluru
E1568,Neha,Sinha,neha.sinha1568@company.com,+91-9447625576,D011,Recruiter,2021-02-02,136200,E1372,F,1982-01-18,ACTIVE,Bengaluru
E1569,Ananya,Das,ananya.das1569@company.com,+91-7529841166,D007,QA Engineer,2020-10-10,181500,E0783,,2004-07-29,ACTIVE,Pune
E1570,Pooja,Joshi,pooja.joshi1570@company.com,+91-9824242859,D009,QA Engineer,2023-07-06,166500,E0614,M,1995-09-25,TERMINATED,Mumbai
E1571,Kabir,Malhotra,kabir.malhotra1571@company.com,+91-8981372901,D002,Sales Executive,2022-01-24,173500,E1342,M,1997-04-05,ON_LEAVE,Hyderabad
E1572,Rohan,Tiwari,rohan.tiwari1572@company.com,+91-9674527172,D011,Data Engineer,2018-07-05,45400,E0423,,1970-08-17,ACTIVE,Chennai
E1573,Sneha,Nair,sneha.nair1573@company.com,+91-8439168103,D010,QA Engineer,2018-06-05,107000,E1011,M,2001-10-26,ACTIVE,Pune
E1574,Ishita,Gupta,ishita.gupta1574@company.com,+91-6880099855,D017,DevOps Engineer,2022-12-11,103500,E0274,F,1998-11-30,ACTIVE,Gurugram
E1575,Karan,Das,karan.das1575@company.com,+91-9328526674,D004,Intern,2021-01-16,208400,E1216,,1980-07-27,TERMINATED,Bengaluru
E1576,Amit,Jain,amit.jain1576@company.com,+91-7151869494,D013,DevOps Engineer,2021-02-25,117100,E0422,F,2000-03-20,TERMINATED,Kolkata
E1577,Pooja,Jain,pooja.jain1577@company.com,+91-7115675811,D001,Sales Executive,2022-01-15,49200,E0862,M,2001-07-23,ACTIVE,Mumbai
E1578,Ananya,Singh,ananya.singh1578@company.com,+91-6607777438,D010,Business Analyst,2022-07-05,189400,E0463,M,1967-12-04,ACTIVE,Gurugram
E1579,Amit,Kapoor,amit.kapoor1579@company.com,+91-6465117446,D020,Business Analyst,2018-10-19,56100,E0192,,2002-09-06,ACTIVE,Mumbai
E1580,Nikhil,Verma,nikhil.verma1580@company.com,+91-9639881210,D004,Recruiter,2021-02-12,211000,E0495,,1976-01-02,TERMINATED,Kolkata
E1581,Kavya,Bansal,kavya.bansal1581@company.com,+91-6142022565,D005,DevOps Engineer,2023-07-07,110200,E0844,F,2004-01-28,ACTIVE,Kolkata
E1582,Priya,Kumar,priya.kumar1582@company.com,+91-9195653560,D003,QA Engineer,2019-11-28,128100,E0825,M,1999-01-29,ACTIVE,Kolkata
E1583,Neha,Mishra,neha.mishra1583@company.com,+91-8034358733,D014,HR Executive,2020-03-02,28000,E0296,M,1975-02-19,ACTIVE,Mumbai
E1584,Amit,Jain,amit.jain1584@company.com,+91-7892455157,D010,Marketing Executive,2020-12-23,80400,E1332,,1992-03-02,ACTIVE,Chennai
E1585,Meera,Iyer,meera.iyer1585@company.com,+91-7268547297,D014,Data Engineer,2024-12-21,203000,E0902,,1974-02-10,ACTIVE,Gurugram
E1586,Kavya,Yadav,kavya.yadav1586@company.com,+91-7825174411,D018,Accountant,2022-04-27,173400,E0713,F,1971-06-01,ACTIVE,Mumbai
E1587,Rohan,Malhotra,rohan.malhotra1587@company.com,+91-7025513484,D018,Data Engineer,2024-05-19,177500,E0361,M,2000-11-18,ACTIVE,New Delhi
E1588,Ananya,Malhotra,ananya.malhotra1588@company.com,+91-9982440415,D012,Data Analyst,2019-03-17,81300,E1483,M,1974-07-23,ACTIVE,Gurugram
E1589,Aditi,Mishra,aditi.mishra1589@company.com,+91-9956505612,D011,Software Engineer,2023-09-06,215100,E0095,M,1987-02-28,ACTIVE,Kolkata
E1590,Kabir,Das,kabir.das1590@company.com,+91-7559904566,D015,Marketing Executive,2023-03-28,35700,E0591,F,1972-06-16,ACTIVE,Kolkata
E1591,Amit,Verma,amit.verma1591@company.com,+91-7986874700,D006,Software Engineer,2020-08-21,65000,E0740,,1972-06-11,ACTIVE,Gurugram
E1592,Ananya,Bansal,ananya.bansal1592@company.com,+91-7540280553,D015,Recruiter,2019-08-10,111400,E0565,F,1972-04-19,ACTIVE,Hyderabad
E1593,Rahul,Kumar,rahul.kumar1593@company.com,+91-8295848346,D006,Accountant,2020-06-17,32200,E1561,M,1969-08-25,TERMINATED,Bengaluru
E1594,Arjun,Kumar,arjun.kumar1594@company.com,+91-8768983716,D003,Data Engineer,2020-08-24,140000,E1520,F,1997-06-01,ACTIVE,Chennai
E1595,Rahul,Yadav,rahul.yadav1595@company.com,+91-6542899873,D005,Marketing Executive,2022-05-26,204100,E0302,M,1972-10-08,ACTIVE,Kolkata
E1596,Karan,Jain,karan.jain1596@company.com,+91-9019060649,D013,DevOps Engineer,2019-10-21,82300,E0153,M,1990-09-11,ACTIVE,Kolkata
E1597,Aditi,Verma,aditi.verma1597@company.com,+91-9270098206,D006,Intern,2018-11-26,155100,E0236,M,1974-04-02,ACTIVE,Hyderabad
E1598,Kavya,Tiwari,kavya.tiwari1598@company.com,+91-7872563435,D017,HR Executive,2023-07-25,174400,E1426,,1970-03-13,ACTIVE,Hyderabad
E1599,Rahul,Patel,rahul.patel1599@company.com,+91-9584730958,D010,Data Engineer,2020-12-18,153300,E0964,M,1998-11-20,ACTIVE,Pune
E1600,Priya,Mehta,priya.mehta1600@company.com,+91-6948822323,D007,Marketing Executive,2023-08-16,206700,E0869,M,1994-03-04,ACTIVE,Gurugram
E1601,Arjun,Jain,arjun.jain1601@company.com,+91-7771887532,D013,HR Executive,2024-08-25,138800,E0497,M,1990-03-09,ACTIVE,Bengaluru
E1602,Karan,Kumar,karan.kumar1602@company.com,+91-8646396975,D004,Data Engineer,2023-01-27,162100,E0730,M,1978-09-27,ACTIVE,Gurugram
E1603,Ritika,Verma,ritika.verma1603@company.com,+91-6958367768,D009,Sales Executive,2020-09-06,32600,E1273,F,2001-03-20,INACTIVE,Pune
E1604,Aditi,Joshi,aditi.joshi1604@company.com,+91-8353469455,D002,DevOps Engineer,2020-11-09,212600,E0081,F,1980-01-23,ACTIVE,Gurugram
E1605,Aditi,Kapoor,aditi.kapoor1605@company.com,+91-9442295826,D018,Recruiter,2018-07-15,102300,E0401,,1978-05-13,ACTIVE,Kolkata
E1606,Neha,Jain,neha.jain1606@company.com,+91-9685607023,D011,Recruiter,2024-02-02,195700,E0460,F,1978-01-08,ACTIVE,Pune
E1607,Priya,Patel,priya.patel1607@company.com,+91-7402559259,D015,Business Analyst,2024-08-19,167200,E1399,M,1974-02-05,ACTIVE,Mumbai
E1608,Ritika,Kapoor,ritika.kapoor1608@company.com,+91-8776977686,D017,Sales Executive,2023-07-05,70600,E0350,M,1976-04-17,ACTIVE,Pune
E1609,Karan,Mishra,karan.mishra1609@company.com,+91-9156703919,D003,Sales Executive,2020-06-04,98100,E0037,F,1985-11-06,ACTIVE,Bengaluru
E1610,Aditi,Singh,aditi.singh1610@company.com,+91-9179864684,D014,Intern,2024-08-16,99600,E0059,F,1980-10-10,ACTIVE,Kolkata
E1611,Vivaan,Mehta,vivaan.mehta1611@company.com,+91-9007761863,D014,Business Analyst,2018-09-17,199200,E1572,F,1978-05-04,ACTIVE,Kolkata
E1612,Ritika,Kapoor,ritika.kapoor1612@company.com,+91-7216560865,D015,HR Executive,2021-06-23,196700,E0532,,1985-06-25,ACTIVE,Kolkata
E1613,Sneha,Mishra,sneha.mishra1613@company.com,+91-6183994262,D009,Recruiter,2020-06-24,137600,E0855,M,1985-11-02,ACTIVE,New Delhi
E1614,Aditi,Das,aditi.das1614@company.com,+91-8796275107,D008,Data Engineer,2023-10-01,195000,E0967,F,1966-06-14,ACTIVE,Gurugram
E1615,Ishita,Joshi,ishita.joshi1615@company.com,+91-6340080033,D003,QA Engineer,2019-06-02,194400,,M,2003-12-26,ACTIVE,Hyderabad
E1616,Vivaan,Nair,vivaan.nair1616@company.com,+91-8835803978,D012,Business Analyst,2019-12-01,204900,E0661,,1989-05-05,ACTIVE,Mumbai
E1617,Nikhil,Das,nikhil.das1617@company.com,+91-6483881346,D012,DevOps Engineer,2023-03-08,186000,E0457,F,1998-09-09,ACTIVE,Hyderabad
E1618,Arjun,Tiwari,arjun.tiwari1618@company.com,+91-8694365792,D018,Accountant,2022-03-17,107500,E0948,M,1970-02-18,ACTIVE,Chennai
E1619,Amit,Das,amit.das1619@company.com,+91-9335559199,D016,Intern,2023-05-04,40300,E0322,M,1970-07-07,ACTIVE,Chennai
E1620,Rahul,Kumar,rahul.kumar1620@company.com,+91-7974342998,D008,Accountant,2025-08-07,155300,E1001,,1988-11-11,ACTIVE,Pune
E1621,Vivaan,Sinha,vivaan.sinha1621@company.com,+91-9005496633,D019,Software Engineer,2024-03-23,68300,E1073,M,1971-12-04,ACTIVE,New Delhi
E1622,Ananya,Bansal,ananya.bansal1622@company.com,+91-8761177572,D011,Business Analyst,2023-02-27,189900,E0869,F,1971-06-15,ACTIVE,Pune
E1623,Rohan,Malhotra,rohan.malhotra1623@company.com,+91-6111288316,D015,Project Manager,2019-10-28,209800,E1341,,1972-10-27,ACTIVE,Pune
E1624,Arjun,Patel,arjun.patel1624@company.com,+91-8924109641,D020,Business Analyst,2020-12-28,40800,,F,1971-12-28,TERMINATED,Pune
E1625,Aditya,Sharma,aditya.sharma1625@company.com,+91-8720023815,D009,HR Executive,2025-01-20,128700,E0769,F,2003-09-24,ACTIVE,Gurugram
E1626,Amit,Mehta,amit.mehta1626@company.com,,D017,Sales Executive,2018-09-28,157500,E1480,,1987-09-02,INACTIVE,Pune
E1627,Meera,Nair,meera.nair1627@company.com,+91-9316229967,D005,Operations Executive,2019-02-23,178000,E0347,,1996-12-20,ACTIVE,Pune
E1628,Aditi,Bansal,aditi.bansal1628@company.com,+91-9836371974,D014,Business Analyst,2023-11-14,112900,E1213,M,2003-05-19,ACTIVE,Pune
E1629,Nikhil,Rao,nikhil.rao1629@company.com,+91-6827853828,D003,Business Analyst,2025-05-01,190100,E0262,F,1966-10-19,ACTIVE,Chennai
E1630,Aarav,Nair,aarav.nair1630@company.com,+91-9988713328,D013,Accountant,2020-04-15,43700,E0639,,1973-07-02,ACTIVE,Chennai
E1631,Arjun,Patel,arjun.patel1631@company.com,,D014,Project Manager,2023-12-08,170400,E0721,,1970-03-27,TERMINATED,Bengaluru
E1632,Ritika,Sinha,ritika.sinha1632@company.com,+91-7962451655,D011,Sales Executive,2019-11-13,58800,E0314,M,1971-08-09,ACTIVE,Pune
E1633,Pooja,Patel,pooja.patel1633@company.com,+91-6008154657,D020,Accountant,2019-10-04,100300,E0070,F,1995-03-19,ACTIVE,Mumbai
E1634,Ananya,Tiwari,ananya.tiwari1634@company.com,+91-9465667072,D019,Recruiter,2020-02-05,152400,E0740,F,1984-10-09,ACTIVE,Hyderabad
E1635,Sneha,Das,sneha.das1635@company.com,+91-8583077498,D020,HR Executive,2019-11-13,210600,E0579,F,1968-04-01,ACTIVE,Hyderabad
E1636,Vivaan,Rao,vivaan.rao1636@company.com,+91-6735301641,D007,Data Engineer,2023-12-18,38200,E1261,F,2002-01-12,ACTIVE,Kolkata
E1637,Priya,Iyer,priya.iyer1637@company.com,,D007,HR Executive,2020-04-25,215200,E0709,F,1999-06-27,ACTIVE,Bengaluru
E1638,Kavya,Nair,kavya.nair1638@company.com,+91-9522552058,D002,DevOps Engineer,2022-04-22,215100,E1441,M,1988-06-07,ACTIVE,New Delhi
E1639,Aditya,Sinha,aditya.sinha1639@company.com,+91-8623969661,D005,QA Engineer,2023-07-20,159400,E0682,M,1975-08-14,ACTIVE,Kolkata
E1640,Neha,Mehta,neha.mehta1640@company.com,+91-9422930107,D017,Project Manager,2018-11-08,208200,E0741,F,1969-01-06,ACTIVE,Chennai
E1641,Amit,Mehta,amit.mehta1641@company.com,+91-9045485226,D008,Project Manager,2026-03-02,190200,E1559,,1971-04-17,ACTIVE,Chennai
E1642,Kavya,Rao,kavya.rao1642@company.com,+91-9605267587,D015,Project Manager,2021-02-21,168900,,M,2003-04-10,ACTIVE,New Delhi
E1643,Sneha,Jain,sneha.jain1643@company.com,+91-8292608126,D015,Operations Executive,2024-10-26,74000,E1589,,1974-09-01,ACTIVE,Chennai
E1644,Ananya,Kumar,ananya.kumar1644@company.com,+91-6969793853,D017,Recruiter,2025-01-28,182100,E0549,M,1973-01-07,ON_LEAVE,Mumbai
E1645,Priya,Iyer,priya.iyer1645@company.com,+91-9921466454,D001,HR Executive,2023-01-04,157200,E0798,M,1971-09-09,ACTIVE,Kolkata
E1646,Kabir,Sharma,kabir.sharma1646@company.com,+91-9460727156,D013,Sales Executive,2024-01-15,36700,E0269,F,1999-01-24,ACTIVE,New Delhi
E1647,Ishita,Iyer,ishita.iyer1647@company.com,,D004,Recruiter,2022-07-09,203500,E0445,M,1975-05-14,ACTIVE,Pune
E1648,Priya,Tiwari,priya.tiwari1648@company.com,+91-9074549853,D018,QA Engineer,2025-03-31,140600,E0161,F,1987-11-23,ACTIVE,Gurugram
E1649,Ishita,Singh,ishita.singh1649@company.com,+91-8901194842,D007,Project Manager,2020-01-28,163900,E0795,M,2000-10-18,ACTIVE,Hyderabad
E1650,Rohan,Bansal,rohan.bansal1650@company.com,,D018,Business Analyst,2020-02-11,153100,E0040,,1990-06-16,ACTIVE,Kolkata
E1651,Nikhil,Bansal,nikhil.bansal1651@company.com,+91-7517796186,D020,Business Analyst,2022-10-16,44400,E0036,F,1977-10-27,ACTIVE,Bengaluru
E1652,Ananya,Verma,ananya.verma1652@company.com,+91-7511903353,D018,Data Engineer,2022-11-23,216600,E0473,M,1971-09-30,ACTIVE,New Delhi
E1653,Nikhil,Yadav,nikhil.yadav1653@company.com,+91-8433296607,D008,HR Executive,2022-12-03,119500,E1099,M,1990-04-05,ACTIVE,Kolkata
E1654,Aarav,Sharma,aarav.sharma1654@company.com,+91-6999800351,D007,Data Analyst,2018-10-09,94100,E0428,F,2000-10-16,ACTIVE,Bengaluru
E1655,Ananya,Sharma,,,D005,DevOps Engineer,2018-06-10,46900,E1380,M,1968-11-16,ACTIVE,New Delhi
E1656,Nikhil,Joshi,nikhil.joshi1656@company.com,+91-8349057381,D008,Intern,2020-10-12,36000,E0193,F,1978-06-22,ACTIVE,Hyderabad
E1657,Ritika,Yadav,ritika.yadav1657@company.com,+91-7706896077,D016,Operations Executive,2021-01-28,105000,E0337,F,1969-06-03,ACTIVE,New Delhi
E1658,Kabir,Sinha,kabir.sinha1658@company.com,+91-6392945805,D001,HR Executive,2022-11-14,219900,E0728,,2002-03-23,ACTIVE,Kolkata
E1659,Aarav,Nair,aarav.nair1659@company.com,+91-8521152266,D002,HR Executive,2022-07-08,104000,E0278,M,1974-07-06,INACTIVE,Mumbai
E1660,Sneha,Patel,sneha.patel1660@company.com,+91-6004033981,D004,Data Analyst,2019-03-13,98200,E0621,,1985-03-20,ACTIVE,New Delhi
E1661,Neha,Tiwari,neha.tiwari1661@company.com,+91-8982166218,D004,Sales Executive,2025-07-20,164800,E0584,M,1977-04-19,ACTIVE,Pune
E1662,Ishita,Nair,ishita.nair1662@company.com,+91-9772772128,D020,Software Engineer,2024-11-22,189700,E1567,,1974-08-08,TERMINATED,Kolkata
E1663,Meera,Rao,meera.rao1663@company.com,+91-9725347084,D005,Intern,2022-07-01,180700,E1648,,1997-12-28,ACTIVE,Bengaluru
E1664,Priya,Singh,priya.singh1664@company.com,+91-6260054798,D018,Software Engineer,2025-11-10,109400,E0303,F,1987-07-24,ACTIVE,New Delhi
E1665,Vivaan,Kumar,vivaan.kumar1665@company.com,+91-8359698511,D017,QA Engineer,2025-06-21,48500,E1124,M,1977-09-01,ACTIVE,New Delhi
E1666,Pooja,Rao,pooja.rao1666@company.com,+91-6560343469,D002,Marketing Executive,2023-06-01,90100,E0563,F,1967-09-19,ACTIVE,Bengaluru
E1667,Nikhil,Bansal,nikhil.bansal1667@company.com,+91-8793744279,D006,Project Manager,2018-05-20,134700,E0214,F,1973-09-19,ACTIVE,Pune
E1668,Ananya,Kumar,ananya.kumar1668@company.com,+91-9314754838,D019,DevOps Engineer,2022-07-22,77800,E1008,M,1993-01-07,ACTIVE,Mumbai
E1669,Ritika,Nair,ritika.nair1669@company.com,+91-8729123536,D020,Sales Executive,2019-07-06,92600,,M,1974-02-04,ACTIVE,Hyderabad
E1670,Sneha,Sinha,sneha.sinha1670@company.com,+91-7763433871,D017,Intern,2020-03-22,179600,E0859,,1986-04-22,ACTIVE,Mumbai
E1671,Pooja,Gupta,pooja.gupta1671@company.com,+91-9929515088,D004,HR Executive,2020-04-03,77600,E0814,F,2002-05-09,ACTIVE,Bengaluru
E1672,Aditi,Patel,aditi.patel1672@company.com,+91-6444556612,D018,DevOps Engineer,2020-08-10,63200,E0733,F,1996-05-11,ACTIVE,Kolkata
E1673,Neha,Das,neha.das1673@company.com,+91-7682463191,D007,Sales Executive,2022-06-30,122500,E1343,M,1974-09-09,ACTIVE,Kolkata
E1674,Rahul,Iyer,rahul.iyer1674@company.com,+91-7451107186,D010,Software Engineer,2021-01-01,54100,E1130,M,1971-01-19,ACTIVE,New Delhi
E1675,Ananya,Mehta,ananya.mehta1675@company.com,+91-7486243118,D014,Intern,2025-12-06,42900,E0505,M,2002-01-01,ACTIVE,New Delhi
E1676,Priya,Singh,priya.singh1676@company.com,+91-6031227092,D006,Software Engineer,2022-02-28,44700,E1577,,1979-11-13,ACTIVE,Chennai
E1677,Rahul,Joshi,rahul.joshi1677@company.com,+91-6731501432,D012,Project Manager,2025-10-02,173900,E0344,,1995-01-11,ACTIVE,New Delhi
E1678,Ritika,Verma,ritika.verma1678@company.com,+91-7061541554,D012,Intern,2020-01-12,179800,E0496,M,1975-01-18,ACTIVE,New Delhi
E1679,Priya,Jain,priya.jain1679@company.com,+91-9245968055,D016,HR Executive,2022-10-23,59500,E1576,,1972-07-14,ACTIVE,Bengaluru
E1680,Kavya,Kumar,kavya.kumar1680@company.com,+91-9213717934,D015,Recruiter,2020-09-04,90000,,F,1983-06-19,ACTIVE,Pune
E1681,Aarav,Singh,aarav.singh1681@company.com,+91-9313771656,D002,DevOps Engineer,2023-03-02,144000,E0289,M,2004-01-07,ACTIVE,Chennai
E1682,Aditi,Mehta,aditi.mehta1682@company.com,+91-6877152213,D009,Intern,2022-11-13,74100,E0099,F,2002-02-08,ACTIVE,Kolkata
E1683,Karan,Tiwari,karan.tiwari1683@company.com,+91-9476153246,D004,HR Executive,2025-04-18,60600,E1518,M,1972-08-15,ACTIVE,Hyderabad
E1684,Sneha,Yadav,sneha.yadav1684@company.com,+91-9214884314,D018,Operations Executive,2024-07-11,184600,E0546,F,1985-10-16,ACTIVE,Hyderabad
E1685,Aarav,Patel,aarav.patel1685@company.com,+91-6694595574,D010,Accountant,2023-08-03,65600,E0216,M,1996-03-10,ACTIVE,Mumbai
E1686,Ananya,Jain,ananya.jain1686@company.com,+91-9730370760,D014,Accountant,2018-01-04,45400,E1490,F,1973-10-22,ACTIVE,Hyderabad
E1687,Aditi,Yadav,aditi.yadav1687@company.com,+91-9153598590,D002,Sales Executive,2024-03-11,99000,E0433,F,1994-03-17,ACTIVE,Hyderabad
E1688,Priya,Singh,priya.singh1688@company.com,+91-6465952245,D019,Accountant,2026-02-10,104400,E0584,M,2000-11-15,ACTIVE,Hyderabad
E1689,Kavya,Yadav,kavya.yadav1689@company.com,+91-8590932014,D018,Accountant,2018-12-28,219500,E0755,M,1978-03-09,ON_LEAVE,Mumbai
E1690,Arjun,Sharma,arjun.sharma1690@company.com,+91-6647559569,D020,Recruiter,2019-03-19,43800,E1324,F,2001-03-29,TERMINATED,Chennai
E1691,Aditya,Rao,aditya.rao1691@company.com,+91-7725215464,D019,Recruiter,2018-07-03,193900,E0457,F,1998-11-14,ACTIVE,Pune
E1692,Karan,Kumar,karan.kumar1692@company.com,+91-6789063167,D009,Recruiter,2025-04-09,111800,E1393,M,2004-10-19,ACTIVE,Gurugram
E1693,Vivaan,Singh,vivaan.singh1693@company.com,+91-6851649412,D002,Data Engineer,2021-06-20,162300,E0713,M,1966-11-16,ON_LEAVE,Chennai
E1694,Kavya,Kapoor,kavya.kapoor1694@company.com,+91-7220825711,D008,Business Analyst,2022-01-20,174400,E0210,,1999-07-16,ACTIVE,Hyderabad
E1695,Nikhil,Singh,nikhil.singh1695@company.com,+91-9427698291,D008,QA Engineer,2021-01-09,31000,E0623,,1992-03-13,ACTIVE,Bengaluru
E1696,Meera,Singh,meera.singh1696@company.com,+91-7816840703,D001,Software Engineer,2021-02-10,70000,E0326,M,2002-08-24,INACTIVE,Chennai
E1697,Ishita,Rao,ishita.rao1697@company.com,+91-6733374495,D001,Business Analyst,2020-02-29,81800,E0478,,1972-08-12,ON_LEAVE,Kolkata
E1698,Pooja,Joshi,pooja.joshi1698@company.com,+91-7110726390,D016,DevOps Engineer,2022-11-05,35500,E0780,M,1991-11-02,TERMINATED,Mumbai
E1699,Meera,Patel,meera.patel1699@company.com,+91-9395089950,D015,Intern,2025-05-05,96300,E0831,M,1993-10-10,ACTIVE,Hyderabad
E1700,Kavya,Das,kavya.das1700@company.com,+91-7179026626,D007,Software Engineer,2018-06-29,216600,E1540,M,2003-02-02,ACTIVE,Mumbai
E1701,Rahul,Gupta,rahul.gupta1701@company.com,+91-8075805890,D012,HR Executive,2022-11-04,141200,E0292,M,1993-07-19,ACTIVE,Kolkata
E1702,Ananya,Iyer,ananya.iyer1702@company.com,+91-7303613486,D015,QA Engineer,2025-06-19,216600,E1044,M,1975-09-24,ACTIVE,Bengaluru
E1703,Aditi,Verma,aditi.verma1703@company.com,+91-6394662964,D011,QA Engineer,2023-11-22,75400,E0360,F,1995-09-03,ACTIVE,New Delhi
E1704,Amit,Das,amit.das1704@company.com,+91-6790345572,D002,Sales Executive,2022-02-06,166100,E1110,F,2002-08-12,ACTIVE,New Delhi
E1705,Vivaan,Rao,vivaan.rao1705@company.com,+91-8909535908,D001,Project Manager,2025-03-20,133100,E0059,F,1985-07-18,ACTIVE,Mumbai
E1706,Neha,Malhotra,neha.malhotra1706@company.com,+91-6504932199,D003,Sales Executive,2025-01-03,49700,E0975,F,1989-05-31,ACTIVE,Pune
E1707,Aditi,Kapoor,aditi.kapoor1707@company.com,+91-9773005738,D001,Software Engineer,2022-10-28,184000,E0800,F,1978-02-25,ACTIVE,New Delhi
E1708,Kabir,Verma,kabir.verma1708@company.com,+91-7334393641,D020,Software Engineer,2023-02-06,78200,E0740,M,2001-05-06,ACTIVE,Gurugram
E1709,Pooja,Iyer,pooja.iyer1709@company.com,+91-9983107149,D017,Intern,2023-09-01,163200,E0734,F,1995-11-02,ACTIVE,Hyderabad
E1710,Priya,Bansal,priya.bansal1710@company.com,+91-8225974722,D017,Marketing Executive,2021-03-14,206300,E1634,F,1989-04-02,ACTIVE,Gurugram
E1711,Priya,Mehta,priya.mehta1711@company.com,+91-7067684602,D003,Data Engineer,2022-04-05,135200,E0366,F,1984-12-19,ACTIVE,New Delhi
E1712,Kavya,Gupta,kavya.gupta1712@company.com,+91-8864219823,D017,Marketing Executive,2025-12-06,147800,E0737,M,1983-10-01,TERMINATED,Chennai
E1713,Aditi,Sinha,aditi.sinha1713@company.com,+91-8582307517,D005,Operations Executive,2025-10-03,205300,E0008,F,1978-06-25,ON_LEAVE,Pune
E1714,Ananya,Jain,ananya.jain1714@company.com,+91-8428763106,D002,Project Manager,2024-10-14,29400,E0359,M,1972-11-17,ACTIVE,Bengaluru
E1715,Ananya,Singh,ananya.singh1715@company.com,+91-9892895770,D011,Operations Executive,2019-08-20,158200,E1634,M,1999-08-31,ACTIVE,Chennai
E1716,Arjun,Joshi,arjun.joshi1716@company.com,+91-6537280604,D012,Operations Executive,2025-07-17,142300,E0097,,1999-06-28,ACTIVE,Chennai
E1717,Aditya,Mishra,,+91-8389755213,D003,Recruiter,2018-05-02,165200,E0352,M,1986-12-17,ACTIVE,Mumbai
E1718,Priya,Jain,priya.jain1718@company.com,+91-7790718544,D007,HR Executive,2022-01-16,207100,E1338,F,1992-07-28,ACTIVE,Hyderabad
E1719,Aditi,Jain,aditi.jain1719@company.com,+91-8864558245,D020,Software Engineer,2024-08-15,121200,E0848,F,1988-07-15,ACTIVE,Hyderabad
E1720,Ishita,Das,ishita.das1720@company.com,+91-9942539444,D018,Business Analyst,2022-05-01,81500,E0169,,2003-07-01,ACTIVE,Pune
E1721,Rahul,Gupta,rahul.gupta1721@company.com,+91-6702092612,D015,HR Executive,2024-01-20,160500,E1150,F,1999-10-29,ACTIVE,Bengaluru
E1722,Vivaan,Sinha,vivaan.sinha1722@company.com,+91-6124171521,D007,DevOps Engineer,2021-01-16,180900,E0003,,1998-06-21,ACTIVE,Pune
E1723,Nikhil,Kapoor,nikhil.kapoor1723@company.com,+91-9578843688,D015,Data Analyst,2018-07-20,217200,E0621,,2000-05-04,INACTIVE,New Delhi
E1724,Priya,Sinha,priya.sinha1724@company.com,,D006,Project Manager,2018-09-12,56500,,,1991-12-05,ACTIVE,Hyderabad
E1725,Arjun,Yadav,arjun.yadav1725@company.com,+91-8176315909,D016,Operations Executive,2025-04-05,201200,E0606,F,1993-12-19,INACTIVE,Pune
E1726,Aditi,Rao,aditi.rao1726@company.com,+91-6861989230,D010,Data Engineer,2021-05-25,199500,E0863,M,1992-06-01,ACTIVE,Bengaluru
E1727,Sneha,Patel,sneha.patel1727@company.com,+91-7111171163,D001,Data Analyst,2023-04-03,202900,E1094,,1970-12-12,ACTIVE,Gurugram
E1728,Aditya,Tiwari,aditya.tiwari1728@company.com,+91-6433455766,D006,Business Analyst,2022-12-24,138000,,,1979-09-10,TERMINATED,Mumbai
E1729,Meera,Iyer,,+91-7084684697,D012,DevOps Engineer,2025-10-15,75200,,F,1993-01-06,TERMINATED,Gurugram
E1730,Nikhil,Bansal,nikhil.bansal1730@company.com,+91-7122840320,D007,Software Engineer,2019-01-13,164500,E0359,F,2001-05-18,ACTIVE,Kolkata
E1731,Rohan,Sharma,rohan.sharma1731@company.com,+91-8281504253,D004,Accountant,2023-08-08,63700,E1168,,2001-12-27,ACTIVE,Pune
E1732,Neha,Mishra,neha.mishra1732@company.com,+91-8645153374,D002,QA Engineer,2019-03-11,175200,E1342,M,1991-03-15,ACTIVE,Pune
E1733,Ishita,Kapoor,ishita.kapoor1733@company.com,+91-9982276036,D005,Operations Executive,2020-04-04,140600,E0893,F,1997-12-11,ACTIVE,Chennai
E1734,Aditya,Patel,aditya.patel1734@company.com,+91-6575433369,D017,Intern,2020-06-17,124100,E1551,F,1983-07-05,ACTIVE,Kolkata
E1735,Ananya,Sinha,ananya.sinha1735@company.com,+91-9355492231,D017,Software Engineer,2023-06-30,178800,E1093,M,1989-11-05,ACTIVE,Gurugram
E1736,Vivaan,Iyer,vivaan.iyer1736@company.com,+91-6336295659,D014,Business Analyst,2021-01-24,135200,E1733,M,1975-05-09,ACTIVE,Pune
E1737,Priya,Mishra,priya.mishra1737@company.com,+91-7595895242,D013,HR Executive,2021-12-15,179900,E1024,F,1986-03-02,ACTIVE,Mumbai
E1738,Vivaan,Jain,vivaan.jain1738@company.com,+91-6302897187,D019,Business Analyst,2024-12-18,81400,E0737,F,1985-11-21,ACTIVE,Pune
E1739,Kabir,Iyer,kabir.iyer1739@company.com,+91-9829673365,D019,Data Engineer,2020-07-03,38700,E0039,M,1975-05-29,INACTIVE,Kolkata
E1740,Karan,Verma,karan.verma1740@company.com,+91-6727653436,D002,Sales Executive,2021-05-01,185400,E1083,F,1997-12-10,ACTIVE,Gurugram
E1741,Rohan,Singh,rohan.singh1741@company.com,+91-8216888373,D020,Recruiter,2025-12-01,142900,E0772,M,1971-10-02,ACTIVE,Pune
E1742,Rahul,Sharma,rahul.sharma1742@company.com,+91-8407129317,D015,Intern,2019-11-08,34600,E1300,F,1992-01-01,ACTIVE,Hyderabad
E1743,Rahul,Bansal,rahul.bansal1743@company.com,+91-8412037507,D019,Data Analyst,2025-12-14,141500,E0044,M,1974-12-09,ACTIVE,Chennai
E1744,Neha,Joshi,neha.joshi1744@company.com,+91-8305599667,D011,Accountant,2024-11-13,184600,E0472,M,2000-12-12,ACTIVE,Gurugram
E1745,Vivaan,Sinha,vivaan.sinha1745@company.com,+91-7666870535,D011,Business Analyst,2021-03-02,39500,E0448,M,1970-01-02,ACTIVE,Hyderabad
E1746,Nikhil,Rao,nikhil.rao1746@company.com,+91-6934404718,D001,Software Engineer,2023-12-21,205800,E0855,F,1983-07-13,ACTIVE,Kolkata
E1747,Rohan,Iyer,rohan.iyer1747@company.com,+91-8445837413,D016,Intern,2023-08-09,179600,E1238,F,1975-08-04,ACTIVE,Chennai
E1748,Neha,Iyer,neha.iyer1748@company.com,+91-9635869214,D004,Data Engineer,2025-02-27,87400,E0615,F,1985-03-02,ACTIVE,Pune
E1749,Rohan,Mehta,rohan.mehta1749@company.com,+91-9679491982,D002,Marketing Executive,2018-10-08,188600,,F,1984-01-20,ACTIVE,Gurugram
E1750,Aditi,Malhotra,aditi.malhotra1750@company.com,+91-6993101221,D017,Marketing Executive,2024-11-04,112900,E1385,M,1981-06-18,ACTIVE,Pune
E1751,Vivaan,Singh,vivaan.singh1751@company.com,+91-6750924903,D003,Project Manager,2025-06-06,66900,E1317,F,1987-11-05,ACTIVE,Chennai
E1752,Aarav,Nair,aarav.nair1752@company.com,+91-9746246717,D016,Project Manager,2020-04-23,174000,E0250,,1979-02-26,ACTIVE,New Delhi
E1753,Sneha,Das,sneha.das1753@company.com,+91-7321634885,D013,Business Analyst,2018-06-21,85800,E0528,M,1977-02-08,ACTIVE,New Delhi
E1754,Pooja,Gupta,pooja.gupta1754@company.com,+91-9856565961,D016,Business Analyst,2019-12-03,97300,E1138,M,1970-08-22,ACTIVE,New Delhi
E1755,Rahul,Jain,rahul.jain1755@company.com,+91-8390652283,D008,Sales Executive,2019-08-05,104900,E0400,M,1973-07-15,ACTIVE,Hyderabad
E1756,Aarav,Kumar,aarav.kumar1756@company.com,+91-7786041549,D001,Data Engineer,2022-05-18,207200,E0003,F,1967-07-11,ACTIVE,Gurugram
E1757,Rahul,Bansal,rahul.bansal1757@company.com,+91-8908716387,D015,Recruiter,2019-12-17,31500,E0058,M,1970-01-24,INACTIVE,Hyderabad
E1758,Pooja,Mishra,pooja.mishra1758@company.com,+91-9652695775,D004,Recruiter,2019-05-14,186500,E0583,F,1984-07-29,INACTIVE,Chennai
E1759,Pooja,Sharma,pooja.sharma1759@company.com,+91-8093873321,D004,Accountant,2023-02-16,148200,E0782,F,1974-02-04,ACTIVE,Pune
E1760,Arjun,Gupta,arjun.gupta1760@company.com,+91-6224323773,D003,Software Engineer,2022-01-13,172600,E1652,F,1972-11-16,ACTIVE,Hyderabad
E1761,Rahul,Mishra,rahul.mishra1761@company.com,+91-7498691441,D015,Operations Executive,2019-08-19,202400,E0758,M,1987-02-28,ACTIVE,Chennai
E1762,Aditi,Kumar,aditi.kumar1762@company.com,+91-8558110129,D008,QA Engineer,2020-10-26,122000,E1698,F,1967-02-24,ACTIVE,Chennai
E1763,Vivaan,Gupta,vivaan.gupta1763@company.com,+91-6450062555,D015,DevOps Engineer,2020-05-20,200800,E0314,F,1972-10-01,ACTIVE,New Delhi
E1764,Ishita,Malhotra,ishita.malhotra1764@company.com,+91-6728747726,D007,QA Engineer,2024-01-14,194000,E1387,F,1980-07-29,ACTIVE,Chennai
E1765,Meera,Nair,meera.nair1765@company.com,+91-8259485564,D018,Recruiter,2023-09-03,111100,E0799,F,1988-02-10,ACTIVE,Pune
E1766,Neha,Gupta,neha.gupta1766@company.com,+91-6027856955,D019,Software Engineer,2019-01-03,198400,E1017,,1990-11-02,ACTIVE,Hyderabad
E1767,Neha,Jain,neha.jain1767@company.com,+91-8638611706,D017,Sales Executive,2025-03-15,217700,E1700,,2003-11-03,ACTIVE,Mumbai
E1768,Kavya,Verma,kavya.verma1768@company.com,+91-8895285929,D011,Business Analyst,2024-07-14,194700,E0810,,1983-08-19,ACTIVE,Mumbai
E1769,Aditya,Singh,aditya.singh1769@company.com,+91-9695118983,D011,Recruiter,2020-04-29,138800,E1714,M,1968-02-23,ACTIVE,Kolkata
E1770,Kavya,Das,kavya.das1770@company.com,+91-7050638880,D018,Operations Executive,2023-11-27,188700,E0844,M,1984-10-18,ACTIVE,Chennai
E1771,Kabir,Bansal,kabir.bansal1771@company.com,+91-8780570972,D008,QA Engineer,2022-06-24,165200,E0700,F,2002-03-03,INACTIVE,Bengaluru
E1772,Pooja,Kapoor,pooja.kapoor1772@company.com,+91-9599599120,D016,Recruiter,2020-03-28,210500,E1584,,1996-09-29,ON_LEAVE,Hyderabad
E1773,Ananya,Bansal,ananya.bansal1773@company.com,+91-9901039653,D011,Data Engineer,2021-01-31,114400,E0620,M,1979-08-02,ACTIVE,Kolkata
E1774,Neha,Joshi,neha.joshi1774@company.com,+91-7609970548,D010,Operations Executive,2023-11-05,216900,E1048,M,2000-12-29,ACTIVE,Mumbai
E1775,Amit,Gupta,amit.gupta1775@company.com,+91-6958746450,D013,Sales Executive,2021-05-18,29200,E1036,,1983-08-18,ACTIVE,Bengaluru
E1776,Aditi,Tiwari,aditi.tiwari1776@company.com,+91-7764006538,D007,Data Analyst,2018-01-09,159900,,F,1968-02-24,ACTIVE,Kolkata
E1777,Kabir,Patel,kabir.patel1777@company.com,+91-6424712150,D008,Project Manager,2020-04-05,197700,,M,1991-10-01,ACTIVE,New Delhi
E1778,Amit,Tiwari,amit.tiwari1778@company.com,+91-8583573016,D020,QA Engineer,2024-10-03,65300,E0291,F,1991-06-27,TERMINATED,Gurugram
E1779,Arjun,Das,arjun.das1779@company.com,+91-7897393961,D001,DevOps Engineer,2026-01-19,174400,E0763,F,1976-08-17,ACTIVE,Gurugram
E1780,Neha,Rao,,+91-7115113810,D005,Sales Executive,2020-08-28,199500,E1317,F,2003-10-09,ACTIVE,Bengaluru
E1781,Rahul,Iyer,rahul.iyer1781@company.com,+91-8720042289,D016,Operations Executive,2024-04-20,48500,,F,2001-09-29,ON_LEAVE,Gurugram
E1782,Aditya,Kapoor,aditya.kapoor1782@company.com,+91-9123842134,D017,QA Engineer,2026-03-06,51600,E1149,M,1988-02-20,ACTIVE,Gurugram
E1783,Aditya,Patel,aditya.patel1783@company.com,+91-8893212029,D011,HR Executive,2020-01-19,74500,E1576,F,1991-04-29,ACTIVE,Chennai
E1784,Vivaan,Verma,vivaan.verma1784@company.com,+91-7815542339,D005,Recruiter,2019-01-27,219700,E1291,M,1990-12-10,ON_LEAVE,Kolkata
E1785,Ritika,Mishra,ritika.mishra1785@company.com,+91-9552126052,D019,Operations Executive,2022-05-04,193400,E1088,,1974-06-30,TERMINATED,Chennai
E1786,Ritika,Tiwari,ritika.tiwari1786@company.com,+91-8834266835,D018,DevOps Engineer,2022-03-20,144600,E1281,M,1979-08-06,ACTIVE,Chennai
E1787,Priya,Yadav,priya.yadav1787@company.com,+91-7201375627,D012,Recruiter,2025-01-24,33700,E0923,F,1967-06-02,TERMINATED,Bengaluru
E1788,Amit,Jain,amit.jain1788@company.com,+91-9111357402,D003,Marketing Executive,2024-08-16,129800,E0843,F,1998-01-11,ACTIVE,New Delhi
E1789,Ritika,Malhotra,,+91-9734181963,D016,HR Executive,2018-09-08,216200,E0856,,2000-02-08,ACTIVE,Mumbai
E1790,Kavya,Mehta,kavya.mehta1790@company.com,+91-8875597319,D017,Recruiter,2018-08-14,49400,E0363,F,1973-09-16,ACTIVE,Chennai
E1791,Nikhil,Yadav,nikhil.yadav1791@company.com,+91-9711872643,D018,Marketing Executive,2020-08-20,177800,,F,1966-07-20,ACTIVE,Pune
E1792,Meera,Iyer,meera.iyer1792@company.com,+91-7976534830,D015,Intern,2020-12-12,151600,E0461,F,1991-06-26,ACTIVE,Kolkata
E1793,Karan,Sinha,karan.sinha1793@company.com,+91-6365382897,D009,Intern,2022-10-26,88500,E0838,,1987-10-18,ACTIVE,Bengaluru
E1794,Ananya,Bansal,ananya.bansal1794@company.com,+91-9232706020,D002,QA Engineer,2020-11-03,109700,E1629,F,1987-02-07,ACTIVE,Kolkata
E1795,Ananya,Gupta,ananya.gupta1795@company.com,+91-7760202922,D005,Sales Executive,2025-01-27,162800,E1564,M,1968-01-25,ACTIVE,New Delhi
E1796,Priya,Malhotra,priya.malhotra1796@company.com,+91-7109349848,D016,Data Engineer,2020-12-01,173400,E0817,,1969-08-20,ACTIVE,Hyderabad
E1797,Neha,Kumar,neha.kumar1797@company.com,+91-7802565433,D015,Data Engineer,2025-02-05,141800,E1736,,1966-06-30,ACTIVE,Hyderabad
E1798,Karan,Singh,karan.singh1798@company.com,+91-6269494728,D010,Intern,2022-08-13,203000,E1576,M,1992-05-02,ON_LEAVE,Hyderabad
E1799,Meera,Singh,meera.singh1799@company.com,+91-6319532662,D006,Marketing Executive,2024-04-01,139900,E1784,M,1977-11-30,TERMINATED,Chennai
E1800,Ananya,Sinha,ananya.sinha1800@company.com,+91-9569575532,D009,Accountant,2022-09-21,113500,E1772,M,2000-11-07,INACTIVE,Kolkata
E1801,Rohan,Tiwari,rohan.tiwari1801@company.com,+91-9080188098,D017,Operations Executive,2020-04-22,94100,E0843,,2003-08-02,ACTIVE,Kolkata
E1802,Ananya,Jain,ananya.jain1802@company.com,+91-9155286073,D015,QA Engineer,2020-04-30,196100,E1171,M,2004-06-03,ACTIVE,Gurugram
E1803,Rahul,Tiwari,rahul.tiwari1803@company.com,,D020,Recruiter,2024-10-28,78800,E1306,,1987-02-19,INACTIVE,Mumbai
E1804,Neha,Mishra,neha.mishra1804@company.com,+91-8706073768,D012,Intern,2024-10-23,76700,E1715,F,1978-04-05,ACTIVE,Bengaluru
E1805,Aarav,Gupta,aarav.gupta1805@company.com,+91-9635945758,D015,Business Analyst,2019-05-18,175700,E1352,F,1988-06-05,ACTIVE,Gurugram
E1806,Aditya,Sharma,aditya.sharma1806@company.com,+91-9714618778,D017,Operations Executive,2021-01-14,50500,E0251,F,1990-02-15,ACTIVE,Gurugram
E1807,Kavya,Verma,kavya.verma1807@company.com,+91-7717970064,D018,Data Analyst,2018-04-21,189900,E1532,M,1995-12-07,ACTIVE,Chennai
E1808,Priya,Kumar,priya.kumar1808@company.com,+91-6924748284,D007,HR Executive,2018-01-10,188000,E0619,,1990-01-22,ACTIVE,Kolkata
E1809,Aditya,Sinha,aditya.sinha1809@company.com,+91-9882968012,D017,Recruiter,2020-07-03,43500,E0802,,1969-01-05,ACTIVE,Pune
E1810,Vivaan,Jain,vivaan.jain1810@company.com,+91-7058068447,D010,Data Analyst,2025-03-06,70400,E0982,,1979-08-07,ACTIVE,Kolkata
E1811,Pooja,Nair,pooja.nair1811@company.com,+91-7162235748,D018,HR Executive,2019-06-02,125600,E0419,F,1977-11-27,INACTIVE,Hyderabad
E1812,Kabir,Jain,kabir.jain1812@company.com,+91-9414719454,D011,Operations Executive,2021-05-04,122200,E0753,F,1981-07-30,ACTIVE,Gurugram
E1813,Rohan,Gupta,rohan.gupta1813@company.com,+91-6034849967,D013,HR Executive,2019-02-06,154200,E0236,M,1988-08-12,ACTIVE,New Delhi
E1814,Arjun,Patel,arjun.patel1814@company.com,+91-7764691676,D014,Software Engineer,2024-12-28,201300,,F,2004-06-26,ACTIVE,Hyderabad
E1815,Nikhil,Joshi,nikhil.joshi1815@company.com,+91-7614945412,D017,Operations Executive,2019-07-27,201000,E1572,M,1988-06-04,ACTIVE,Pune
E1816,Arjun,Das,arjun.das1816@company.com,+91-6848556963,D017,Sales Executive,2024-06-30,201400,E1015,M,1970-07-16,ACTIVE,Mumbai
E1817,Rohan,Das,rohan.das1817@company.com,+91-8640516037,D013,Data Engineer,2025-09-29,195100,E0660,M,1966-11-08,ACTIVE,Gurugram
E1818,Aditya,Nair,aditya.nair1818@company.com,+91-6362589117,D003,HR Executive,2023-08-17,167700,E1717,F,1967-12-01,ACTIVE,Pune
E1819,Rohan,Gupta,rohan.gupta1819@company.com,+91-6927106231,D011,Recruiter,2019-01-05,42200,E0799,M,2002-05-03,ACTIVE,Pune
E1820,Aarav,Singh,aarav.singh1820@company.com,+91-7310218059,D005,Software Engineer,2020-01-26,204700,E0836,M,1977-11-11,TERMINATED,Gurugram
E1821,Karan,Rao,karan.rao1821@company.com,+91-7252760122,D001,Accountant,2025-08-06,140800,E1555,,1979-06-22,ACTIVE,Bengaluru
E1822,Karan,Kumar,karan.kumar1822@company.com,+91-9667983555,D005,QA Engineer,2024-09-25,207500,E1039,,1990-06-02,ACTIVE,Kolkata
E1823,Arjun,Sharma,arjun.sharma1823@company.com,+91-8655886852,D009,Project Manager,2019-06-02,124700,,,1980-09-05,ACTIVE,New Delhi
E1824,Arjun,Das,arjun.das1824@company.com,+91-6800086171,D012,Software Engineer,2025-12-02,59200,E0715,F,1983-04-02,ON_LEAVE,Mumbai
E1825,Karan,Sinha,karan.sinha1825@company.com,+91-6553181764,D019,HR Executive,2023-02-02,63500,E0821,F,1977-07-13,ACTIVE,Chennai
E1826,Aarav,Kapoor,aarav.kapoor1826@company.com,+91-8440242435,D008,Marketing Executive,2022-05-30,171200,E1453,F,1982-08-28,ACTIVE,Chennai
E1827,Rohan,Tiwari,rohan.tiwari1827@company.com,+91-8688308767,D015,Project Manager,2020-10-19,152000,E1684,,1998-12-06,ACTIVE,Hyderabad
E1828,Nikhil,Malhotra,nikhil.malhotra1828@company.com,+91-8823964061,D014,Data Analyst,2018-06-29,122300,E1117,M,2001-02-18,ACTIVE,Pune
E1829,Ananya,Nair,ananya.nair1829@company.com,+91-6856119049,D007,Marketing Executive,2020-12-17,146600,E0195,,1990-03-08,ACTIVE,Pune
E1830,Rohan,Mehta,rohan.mehta1830@company.com,+91-7857906190,D013,Sales Executive,2025-09-07,166500,E0644,M,1979-05-08,ACTIVE,Gurugram
E1831,Karan,Joshi,karan.joshi1831@company.com,+91-6852245560,D011,Recruiter,2020-10-17,85300,E1072,,1991-12-07,TERMINATED,Hyderabad
E1832,Ananya,Yadav,ananya.yadav1832@company.com,+91-7834494619,D009,Sales Executive,2021-09-22,37200,E1116,F,1986-09-30,ACTIVE,Gurugram
E1833,Vivaan,Kapoor,vivaan.kapoor1833@company.com,+91-8129606753,D010,Data Analyst,2019-08-06,174100,E0700,M,1985-06-26,ACTIVE,Hyderabad
E1834,Priya,Yadav,priya.yadav1834@company.com,+91-7452325424,D012,Accountant,2021-08-07,152000,E1279,M,1973-05-04,ACTIVE,Kolkata
E1835,Aditya,Kapoor,aditya.kapoor1835@company.com,+91-8395180543,D014,Data Analyst,2020-01-31,47500,E1235,F,1992-11-12,ACTIVE,New Delhi
E1836,Nikhil,Nair,nikhil.nair1836@company.com,+91-9642685304,D004,HR Executive,2022-03-03,86900,E1360,F,1998-01-06,ACTIVE,Mumbai
E1837,Karan,Yadav,karan.yadav1837@company.com,+91-6484732455,D004,Accountant,2025-08-31,89000,E0894,M,1969-12-18,ACTIVE,Hyderabad
E1838,Pooja,Bansal,pooja.bansal1838@company.com,+91-8859205368,D017,Marketing Executive,2025-08-20,203400,E1030,M,1981-09-12,ACTIVE,Pune
E1839,Kabir,Bansal,kabir.bansal1839@company.com,+91-6679757893,D015,Software Engineer,2025-08-26,101700,E0884,,1999-05-11,ON_LEAVE,Hyderabad
E1840,Meera,Kumar,meera.kumar1840@company.com,+91-6962431315,D008,QA Engineer,2024-01-31,170700,,M,1984-06-03,ACTIVE,Pune
E1841,Rahul,Verma,rahul.verma1841@company.com,,D007,Intern,2020-04-03,137000,E1403,,1989-05-09,ACTIVE,Mumbai
E1842,Kabir,Patel,,+91-6656521313,D017,Data Analyst,2018-04-29,56200,E0769,M,1982-05-25,ACTIVE,Bengaluru
E1843,Karan,Tiwari,karan.tiwari1843@company.com,+91-7831028858,D002,HR Executive,2021-12-26,79900,E1357,F,1977-11-30,ACTIVE,Pune
E1844,Pooja,Mishra,pooja.mishra1844@company.com,+91-7803468692,D007,Operations Executive,2025-07-26,168600,E0709,F,2004-09-05,ACTIVE,Bengaluru
E1845,Vivaan,Joshi,vivaan.joshi1845@company.com,+91-7725560371,D017,Recruiter,2019-03-05,70000,E0395,F,1971-04-01,TERMINATED,Gurugram
E1846,Kavya,Sinha,kavya.sinha1846@company.com,,D020,Data Analyst,2021-03-16,82400,E0126,M,1988-01-16,ACTIVE,Chennai
E1847,Amit,Joshi,amit.joshi1847@company.com,+91-8524888670,D015,Sales Executive,2020-11-15,181200,E0534,F,1981-08-26,ACTIVE,Gurugram
E1848,Aarav,Tiwari,aarav.tiwari1848@company.com,+91-8130060760,D009,DevOps Engineer,2023-05-08,110600,E1423,M,1978-05-01,ACTIVE,New Delhi
E1849,Meera,Kapoor,meera.kapoor1849@company.com,+91-9424366745,D005,Software Engineer,2024-05-19,129800,E0529,F,1974-12-10,ACTIVE,Hyderabad
E1850,Aditi,Yadav,aditi.yadav1850@company.com,+91-8024552988,D003,Data Analyst,2018-02-14,206300,E1425,F,1973-09-04,ACTIVE,Chennai
E1851,Ishita,Joshi,ishita.joshi1851@company.com,+91-9318492222,D004,Sales Executive,2021-10-18,96800,E1359,M,1980-05-24,ACTIVE,Pune
E1852,Pooja,Malhotra,pooja.malhotra1852@company.com,+91-9825760729,D006,Intern,2019-12-24,75200,E1624,M,1989-01-29,ACTIVE,Hyderabad
E1853,Ritika,Kumar,ritika.kumar1853@company.com,+91-8719604878,D010,Project Manager,2023-03-18,165200,E1652,M,1969-08-10,ACTIVE,Pune
E1854,Rahul,Mehta,rahul.mehta1854@company.com,+91-7117258175,D012,Recruiter,2025-03-19,31500,E0384,,1984-05-12,ACTIVE,Hyderabad
E1855,Meera,Sinha,meera.sinha1855@company.com,+91-8231480649,D013,Business Analyst,2025-10-11,158500,E0481,,1996-04-05,ACTIVE,Hyderabad
E1856,Kavya,Sinha,kavya.sinha1856@company.com,+91-9296182409,D011,Marketing Executive,2021-05-21,126900,,M,1975-08-08,ACTIVE,Chennai
E1857,Ritika,Mehta,ritika.mehta1857@company.com,+91-9834502067,D015,Marketing Executive,2019-02-25,145900,E0450,M,2001-03-28,ACTIVE,Gurugram
E1858,Sneha,Sinha,sneha.sinha1858@company.com,+91-7457407767,D004,Data Analyst,2025-08-16,36200,E1301,F,1982-07-07,ACTIVE,Hyderabad
E1859,Aditya,Nair,aditya.nair1859@company.com,+91-8965030736,D017,Project Manager,2023-06-19,72900,,M,1989-03-09,ACTIVE,Bengaluru
E1860,Neha,Jain,neha.jain1860@company.com,+91-6780204446,D015,Intern,2021-01-15,211600,E0626,M,1981-12-18,ACTIVE,Bengaluru
E1861,Aditya,Sinha,aditya.sinha1861@company.com,+91-9016714947,D011,Sales Executive,2021-12-20,127300,E0878,M,2002-10-10,ACTIVE,Gurugram
E1862,Amit,Kapoor,amit.kapoor1862@company.com,+91-9140534933,D002,Marketing Executive,2021-01-07,172600,E1426,M,1985-01-28,ACTIVE,Kolkata
E1863,Meera,Tiwari,meera.tiwari1863@company.com,+91-6439943004,D010,Sales Executive,2022-12-27,56300,E0332,M,1984-01-03,ACTIVE,Bengaluru
E1864,Kabir,Rao,kabir.rao1864@company.com,+91-6357805507,D006,DevOps Engineer,2024-03-20,69400,E1196,F,1970-06-17,ACTIVE,Bengaluru
E1865,Pooja,Verma,pooja.verma1865@company.com,+91-8733133351,D012,Data Analyst,2021-07-16,88600,E0429,M,1986-03-06,INACTIVE,Gurugram
E1866,Rohan,Malhotra,rohan.malhotra1866@company.com,+91-9177290210,D005,Data Analyst,2024-08-27,96900,E0574,F,2004-08-21,ACTIVE,Chennai
E1867,Ishita,Mehta,ishita.mehta1867@company.com,,D004,Marketing Executive,2021-05-23,132100,E0033,F,1968-06-07,ACTIVE,Bengaluru
E1868,Nikhil,Das,nikhil.das1868@company.com,+91-6016225990,D016,Accountant,2018-01-25,164400,,F,1988-03-26,ACTIVE,Hyderabad
E1869,Meera,Sinha,,+91-8672350109,D005,DevOps Engineer,2023-02-20,53400,E0791,M,1982-04-23,ACTIVE,Kolkata
E1870,Meera,Rao,meera.rao1870@company.com,+91-9776757916,D014,Software Engineer,2024-02-03,76800,E0382,M,1979-12-05,ACTIVE,Kolkata
E1871,Kabir,Mishra,kabir.mishra1871@company.com,+91-8555778138,D007,Project Manager,2019-04-08,119300,E0530,M,1994-10-09,INACTIVE,Pune
E1872,Pooja,Singh,pooja.singh1872@company.com,,D015,Marketing Executive,2023-04-12,137900,,,1991-05-10,ACTIVE,Chennai
E1873,Aditya,Rao,aditya.rao1873@company.com,+91-6976772504,D016,Marketing Executive,2023-05-31,119700,E1042,F,1966-12-31,ACTIVE,Chennai
E1874,Ananya,Mehta,ananya.mehta1874@company.com,+91-6594941113,D011,Operations Executive,2018-04-27,49500,E1873,M,1978-12-13,ACTIVE,New Delhi
E1875,Amit,Patel,amit.patel1875@company.com,+91-7117032376,D018,DevOps Engineer,2022-10-13,170300,E0759,F,1985-11-10,ACTIVE,Bengaluru
E1876,Meera,Kumar,meera.kumar1876@company.com,+91-6880013622,D012,DevOps Engineer,2019-03-07,146400,E0929,F,1969-02-28,ACTIVE,Gurugram
E1877,Pooja,Iyer,pooja.iyer1877@company.com,+91-8876655857,D011,Operations Executive,2022-01-22,156000,E1843,F,1970-07-30,ACTIVE,Mumbai
E1878,Aditi,Yadav,aditi.yadav1878@company.com,+91-7062780731,D012,Intern,2019-07-29,92900,E1685,F,1968-10-13,ACTIVE,Chennai
E1879,Aarav,Gupta,aarav.gupta1879@company.com,+91-6505061819,D019,HR Executive,2024-06-10,164300,E1521,F,1973-05-17,ACTIVE,Gurugram
E1880,Ananya,Gupta,ananya.gupta1880@company.com,+91-7896950105,D010,Recruiter,2020-12-19,55200,,F,1976-09-10,ACTIVE,Pune
E1881,Kavya,Joshi,kavya.joshi1881@company.com,+91-7256853522,D004,Data Analyst,2025-03-11,49000,E0251,M,1997-12-23,ACTIVE,New Delhi
E1882,Kavya,Sinha,kavya.sinha1882@company.com,+91-8619010599,D018,Project Manager,2022-05-04,136900,,F,1981-06-06,ACTIVE,Bengaluru
E1883,Aditya,Mishra,aditya.mishra1883@company.com,+91-8553353747,D011,Data Engineer,2019-08-29,37500,E1487,F,1977-11-03,ACTIVE,New Delhi
E1884,Neha,Kumar,neha.kumar1884@company.com,+91-9288435806,D008,Project Manager,2025-06-16,82400,,F,1990-03-18,ACTIVE,Bengaluru
E1885,Priya,Rao,priya.rao1885@company.com,+91-9730414225,D005,Project Manager,2019-07-26,189400,E0605,,1991-04-24,ACTIVE,Chennai
E1886,Rohan,Jain,rohan.jain1886@company.com,+91-9553856563,D013,Intern,2023-05-01,133800,E1446,F,1981-04-05,ACTIVE,Mumbai
E1887,Aditi,Das,aditi.das1887@company.com,+91-9109359222,D010,Data Engineer,2020-11-26,75800,E1194,,1985-08-19,ACTIVE,New Delhi
E1888,Karan,Yadav,karan.yadav1888@company.com,+91-7003614149,D018,Operations Executive,2025-10-17,204000,E0859,F,1971-07-25,INACTIVE,Mumbai
E1889,Neha,Patel,neha.patel1889@company.com,+91-6447339120,D006,Data Analyst,2024-09-08,88700,E0067,F,1969-10-26,ACTIVE,Pune
E1890,Amit,Nair,amit.nair1890@company.com,+91-6853843694,D011,Accountant,2022-12-19,133000,E1414,M,1980-02-02,ACTIVE,Hyderabad
E1891,Aarav,Iyer,aarav.iyer1891@company.com,+91-8544773285,D003,Software Engineer,2019-07-26,218900,E1129,F,1990-05-09,ACTIVE,Hyderabad
E1892,Aditi,Mishra,aditi.mishra1892@company.com,+91-8525416419,D020,Sales Executive,2024-08-30,170000,E0014,M,1985-06-04,TERMINATED,Mumbai
E1893,Aditi,Gupta,aditi.gupta1893@company.com,+91-9676659106,D006,Business Analyst,2022-07-02,36700,E0934,M,2002-02-08,ACTIVE,Gurugram
E1894,Aditya,Das,aditya.das1894@company.com,+91-6397803203,D011,Project Manager,2022-01-03,50400,E1112,M,1984-10-06,ON_LEAVE,Bengaluru
E1895,Rahul,Verma,rahul.verma1895@company.com,+91-7067177295,D018,Marketing Executive,2022-05-05,128500,E0779,M,1988-12-01,TERMINATED,New Delhi
E1896,Aditya,Mishra,aditya.mishra1896@company.com,+91-8100757066,D019,HR Executive,2024-03-18,146200,E1761,M,1974-09-23,ACTIVE,Chennai
E1897,Ishita,Rao,ishita.rao1897@company.com,+91-8660239928,D015,Project Manager,2026-01-05,200800,E1195,M,1980-10-21,ACTIVE,Gurugram
E1898,Amit,Yadav,amit.yadav1898@company.com,+91-8302543493,D008,Accountant,2024-10-31,147800,E0508,,1971-03-13,INACTIVE,Bengaluru
E1899,Ananya,Jain,ananya.jain1899@company.com,+91-7079286451,D009,Business Analyst,2018-09-14,147400,,F,1982-07-14,ACTIVE,Gurugram
E1900,Rahul,Patel,rahul.patel1900@company.com,+91-6954666537,D019,Marketing Executive,2023-04-12,122700,E0935,,1985-04-20,ACTIVE,Hyderabad
E1901,Priya,Jain,priya.jain1901@company.com,+91-9221354057,D008,Operations Executive,2025-08-11,104500,E0106,M,1990-12-13,ACTIVE,New Delhi
E1902,Amit,Mehta,amit.mehta1902@company.com,,D017,Project Manager,2019-06-09,128800,E0333,F,2002-10-16,ACTIVE,Pune
E1903,Aarav,Bansal,aarav.bansal1903@company.com,+91-6184411948,D015,HR Executive,2018-02-16,153100,E0161,F,1993-06-23,ACTIVE,Hyderabad
E1904,Meera,Iyer,meera.iyer1904@company.com,+91-8887951741,D015,Software Engineer,2020-03-31,104500,E0474,F,1982-01-05,ACTIVE,Mumbai
E1905,Priya,Mishra,priya.mishra1905@company.com,+91-7090841783,D008,Intern,2022-10-16,57100,E0803,F,1994-12-04,ACTIVE,Kolkata
E1906,Arjun,Yadav,arjun.yadav1906@company.com,+91-9575731619,D016,Sales Executive,2021-09-19,88100,E0406,F,2004-02-25,ACTIVE,Gurugram
E1907,Neha,Sharma,neha.sharma1907@company.com,+91-6869772945,D016,Operations Executive,2022-12-14,159900,E1215,,1988-10-31,TERMINATED,Gurugram
E1908,Vivaan,Kapoor,vivaan.kapoor1908@company.com,+91-7507462321,D010,Business Analyst,2026-02-24,128600,E1097,M,1977-10-11,ACTIVE,Pune
E1909,Nikhil,Mehta,nikhil.mehta1909@company.com,+91-6465203634,D010,Accountant,2025-10-26,201700,E0408,,1969-12-15,ACTIVE,Pune
E1910,Priya,Mishra,priya.mishra1910@company.com,+91-7617951170,D017,Data Engineer,2018-01-19,184600,E1427,,1990-08-17,ACTIVE,Pune
E1911,Pooja,Nair,pooja.nair1911@company.com,+91-8626262687,D005,Software Engineer,2022-09-08,71200,E1198,,1997-01-27,ACTIVE,Kolkata
E1912,Ananya,Sharma,ananya.sharma1912@company.com,+91-7789765956,D006,Recruiter,2022-03-29,61700,E1164,F,1984-12-04,ACTIVE,New Delhi
E1913,Ishita,Sharma,ishita.sharma1913@company.com,+91-7545774253,D005,Recruiter,2025-03-14,100100,E1210,,1997-11-09,ACTIVE,Kolkata
E1914,Meera,Sharma,meera.sharma1914@company.com,+91-8174845947,D004,Accountant,2024-03-15,41100,E1351,M,1987-06-29,ACTIVE,Gurugram
E1915,Aarav,Bansal,aarav.bansal1915@company.com,+91-6410791162,D018,Recruiter,2024-02-11,44100,E0747,,1989-12-14,ACTIVE,Kolkata
E1916,Karan,Sharma,karan.sharma1916@company.com,+91-8657121070,D013,Accountant,2021-07-31,118800,,F,1967-09-25,ACTIVE,Gurugram
E1917,Aditya,Patel,aditya.patel1917@company.com,+91-9012122350,D020,Data Analyst,2022-07-12,48600,E0510,M,1972-11-27,ACTIVE,Gurugram
E1918,Pooja,Kapoor,pooja.kapoor1918@company.com,,D004,QA Engineer,2018-04-23,134100,E0063,M,1984-08-16,ON_LEAVE,Pune
E1919,Sneha,Kumar,sneha.kumar1919@company.com,+91-6150534642,D011,Data Analyst,2022-06-24,83700,E0492,F,1982-07-15,ACTIVE,Kolkata
E1920,Rahul,Das,rahul.das1920@company.com,+91-6426070988,D017,Operations Executive,2024-07-17,161500,E0110,M,2000-07-11,ACTIVE,Hyderabad
E1921,Meera,Rao,meera.rao1921@company.com,+91-8889130791,D020,DevOps Engineer,2023-01-12,202500,E1363,F,1980-08-27,ACTIVE,Mumbai
E1922,Rahul,Gupta,rahul.gupta1922@company.com,+91-8239478631,D016,Operations Executive,2021-03-11,208800,E1455,M,1966-03-03,ACTIVE,Kolkata
E1923,Arjun,Mehta,arjun.mehta1923@company.com,+91-9490770674,D005,Marketing Executive,2020-09-28,172000,E1349,,1969-02-21,ACTIVE,Chennai
E1924,Nikhil,Kumar,nikhil.kumar1924@company.com,+91-7174669108,D004,Marketing Executive,2025-05-22,169900,E0889,F,1970-04-10,ACTIVE,Mumbai
E1925,Kavya,Patel,kavya.patel1925@company.com,+91-8043509525,D015,Software Engineer,2025-03-08,206300,E1745,M,1980-05-15,ACTIVE,Mumbai
E1926,Ishita,Verma,ishita.verma1926@company.com,+91-7708819828,D003,DevOps Engineer,2020-05-22,76600,E1207,M,1998-09-26,ACTIVE,Gurugram
E1927,Nikhil,Patel,nikhil.patel1927@company.com,+91-9514460398,D004,Intern,2018-02-27,105400,E0164,M,1975-06-11,ACTIVE,Chennai
E1928,Kabir,Sinha,kabir.sinha1928@company.com,+91-6973691658,D003,Operations Executive,2022-01-08,37400,E0596,M,1984-10-04,ACTIVE,Kolkata
E1929,Kavya,Das,kavya.das1929@company.com,+91-8904827669,D009,Data Engineer,2022-08-15,93000,E0069,F,1977-04-03,ACTIVE,Hyderabad
E1930,Meera,Malhotra,meera.malhotra1930@company.com,+91-9769103660,D020,Accountant,2025-07-20,101100,E0733,F,1990-02-24,ACTIVE,New Delhi
E1931,Priya,Tiwari,priya.tiwari1931@company.com,+91-6688311381,D015,HR Executive,2018-05-13,58300,E1480,M,1971-02-23,ACTIVE,Chennai
E1932,Karan,Jain,karan.jain1932@company.com,+91-8497829448,D009,Data Engineer,2020-04-22,203900,E0161,F,1991-08-29,ACTIVE,Bengaluru
E1933,Aarav,Kumar,aarav.kumar1933@company.com,+91-6351158188,D015,Sales Executive,2022-03-05,107000,E0479,F,1985-02-07,ACTIVE,Chennai
E1934,Aditi,Bansal,aditi.bansal1934@company.com,+91-7518646944,D020,Marketing Executive,2020-06-28,107800,E0805,F,2003-11-04,ACTIVE,Bengaluru
E1935,Nikhil,Gupta,nikhil.gupta1935@company.com,+91-7043439670,D002,DevOps Engineer,2018-12-30,35300,E0997,F,1996-09-15,TERMINATED,Bengaluru
E1936,Arjun,Kumar,arjun.kumar1936@company.com,+91-9652570228,D004,DevOps Engineer,2022-03-09,133500,E0080,F,1989-05-03,ON_LEAVE,Mumbai
E1937,Vivaan,Iyer,vivaan.iyer1937@company.com,+91-7056108191,D019,Project Manager,2021-03-31,109400,E1352,F,1979-07-18,ACTIVE,Gurugram
E1938,Ritika,Rao,ritika.rao1938@company.com,+91-7612952631,D019,Project Manager,2023-03-10,98000,E1287,M,1998-08-07,ACTIVE,Bengaluru
E1939,Ishita,Malhotra,ishita.malhotra1939@company.com,+91-6632794314,D010,Software Engineer,2021-04-04,139400,E0544,M,1978-08-26,ON_LEAVE,Kolkata
E1940,Rahul,Sinha,rahul.sinha1940@company.com,+91-9227398858,D020,Project Manager,2018-11-25,179700,E1890,,1998-01-30,ACTIVE,Gurugram
E1941,Kavya,Yadav,kavya.yadav1941@company.com,+91-9304329691,D011,Operations Executive,2023-10-21,160400,E1515,F,1986-06-02,ACTIVE,Mumbai
E1942,Sneha,Kapoor,sneha.kapoor1942@company.com,+91-6223520039,D004,Recruiter,2020-01-13,188600,E1324,M,1986-05-02,ACTIVE,Kolkata
E1943,Kavya,Gupta,kavya.gupta1943@company.com,+91-6804931699,D016,Recruiter,2021-01-06,40600,E0927,M,1979-04-08,ACTIVE,Gurugram
E1944,Ananya,Kapoor,ananya.kapoor1944@company.com,+91-9576752183,D008,Operations Executive,2023-02-09,162200,E1177,M,1986-03-11,ACTIVE,Chennai
E1945,Ananya,Kapoor,ananya.kapoor1945@company.com,,D002,Project Manager,2018-09-06,98900,E0947,M,2001-08-06,ACTIVE,New Delhi
E1946,Aditi,Gupta,aditi.gupta1946@company.com,+91-9407600111,D002,QA Engineer,2020-09-04,87900,E1449,M,1969-08-16,ACTIVE,Hyderabad
E1947,Neha,Kumar,neha.kumar1947@company.com,+91-6973290796,D008,Project Manager,2022-03-13,213600,E1524,,1974-10-11,ACTIVE,Mumbai
E1948,Nikhil,Malhotra,nikhil.malhotra1948@company.com,+91-8555422613,D003,Recruiter,2023-01-06,162300,E0437,F,1974-04-12,ACTIVE,New Delhi
E1949,Meera,Sharma,meera.sharma1949@company.com,+91-6385056640,D020,HR Executive,2021-07-04,61300,E0631,F,1972-04-04,ACTIVE,Mumbai
E1950,Rohan,Jain,rohan.jain1950@company.com,+91-8023530318,D016,Accountant,2019-07-06,177900,E1008,,1979-01-07,ACTIVE,Chennai
E1951,Aditya,Verma,aditya.verma1951@company.com,,D011,Software Engineer,2021-09-12,64300,E0280,M,1976-03-08,ACTIVE,Mumbai
E1952,Kabir,Sinha,kabir.sinha1952@company.com,+91-8471416341,D002,Marketing Executive,2020-03-09,55100,E0249,F,1981-05-03,ACTIVE,New Delhi
E1953,Arjun,Sinha,arjun.sinha1953@company.com,+91-6995937216,D012,Accountant,2020-09-03,113800,E1309,F,1992-10-17,ACTIVE,Hyderabad
E1954,Vivaan,Das,vivaan.das1954@company.com,+91-6317193025,D010,Sales Executive,2020-05-22,147400,E1468,M,1993-12-26,ACTIVE,New Delhi
E1955,Sneha,Kapoor,sneha.kapoor1955@company.com,+91-6687646414,D009,Recruiter,2019-12-09,112000,E0184,M,1986-03-27,ON_LEAVE,New Delhi
E1956,Kavya,Sinha,kavya.sinha1956@company.com,+91-7261676269,D007,Data Analyst,2025-10-20,181000,E0006,M,1978-12-03,ACTIVE,Gurugram
E1957,Neha,Das,neha.das1957@company.com,+91-6035592063,D019,Recruiter,2020-05-02,120700,E1461,F,2002-11-20,ACTIVE,New Delhi
E1958,Kabir,Tiwari,kabir.tiwari1958@company.com,+91-8513065781,D004,Operations Executive,2024-08-04,206900,E1374,M,1994-07-09,ACTIVE,Chennai
E1959,Ishita,Kapoor,ishita.kapoor1959@company.com,+91-6551212546,D014,HR Executive,2025-07-27,124600,E0230,F,1998-05-26,ACTIVE,New Delhi
E1960,Ishita,Bansal,ishita.bansal1960@company.com,+91-6582384471,D005,Intern,2024-11-01,64600,E0674,F,1999-05-12,ON_LEAVE,Bengaluru
E1961,Aarav,Tiwari,,+91-9834415296,D009,Marketing Executive,2022-04-12,161800,E0090,,1986-11-29,ACTIVE,Pune
E1962,Kavya,Malhotra,kavya.malhotra1962@company.com,+91-7092291372,D013,Data Engineer,2026-03-12,47400,E1803,F,1974-12-06,ACTIVE,New Delhi
E1963,Pooja,Das,pooja.das1963@company.com,+91-6998465248,D004,Accountant,2025-12-28,42800,E1382,,1991-09-30,ACTIVE,Mumbai
E1964,Arjun,Kumar,arjun.kumar1964@company.com,+91-8118952386,D017,HR Executive,2021-09-10,206600,,M,1975-06-17,ACTIVE,Mumbai
E1965,Sneha,Kapoor,sneha.kapoor1965@company.com,+91-6318882537,D011,Marketing Executive,2018-04-05,155500,,F,1990-07-15,ACTIVE,New Delhi
E1966,Ananya,Tiwari,ananya.tiwari1966@company.com,+91-8871714822,D003,QA Engineer,2022-05-20,37300,E1797,M,1992-06-16,ACTIVE,Hyderabad
E1967,Kabir,Sinha,kabir.sinha1967@company.com,+91-6667644968,D006,QA Engineer,2023-07-07,55100,E0870,M,1977-09-10,ACTIVE,Kolkata
E1968,Vivaan,Mehta,vivaan.mehta1968@company.com,+91-6522663194,D012,DevOps Engineer,2019-03-31,75200,E0102,M,1992-01-10,ACTIVE,New Delhi
E1969,Nikhil,Iyer,nikhil.iyer1969@company.com,+91-9919434248,D005,Sales Executive,2023-07-27,104200,E1256,F,1985-05-25,ACTIVE,New Delhi
E1970,Kabir,Rao,kabir.rao1970@company.com,+91-9207392250,D006,Data Engineer,2023-02-02,154700,E1774,,1984-01-08,ACTIVE,Mumbai
E1971,Ananya,Singh,ananya.singh1971@company.com,+91-9332163919,D001,HR Executive,2023-12-27,134200,E0686,M,1969-09-04,ACTIVE,Hyderabad
E1972,Vivaan,Malhotra,vivaan.malhotra1972@company.com,+91-8389404302,D001,Intern,2025-05-24,170100,E0678,F,2003-03-31,ON_LEAVE,Mumbai
E1973,Aarav,Singh,aarav.singh1973@company.com,+91-9461591497,D014,Data Analyst,2024-06-11,64200,E0432,,1990-07-29,ACTIVE,Pune
E1974,Ishita,Gupta,ishita.gupta1974@company.com,+91-7631613175,D003,Sales Executive,2023-07-01,119300,E0378,F,1990-01-11,TERMINATED,Kolkata
E1975,Aarav,Mehta,aarav.mehta1975@company.com,+91-7021539025,D006,Software Engineer,2025-09-19,88000,E1463,F,1972-08-16,ACTIVE,Pune
E1976,Aarav,Sinha,aarav.sinha1976@company.com,+91-9247027004,D016,Intern,2024-09-04,214100,E1108,F,1968-10-14,ACTIVE,Bengaluru
E1977,Nikhil,Sinha,nikhil.sinha1977@company.com,+91-8947260432,D010,Software Engineer,2025-11-28,86200,E0521,,1967-02-13,ACTIVE,Bengaluru
E1978,Aditi,Kapoor,aditi.kapoor1978@company.com,+91-6455802849,D019,Data Engineer,2025-04-16,167500,E0664,M,1987-05-26,ACTIVE,Kolkata
E1979,Kavya,Joshi,kavya.joshi1979@company.com,+91-8337151917,D020,QA Engineer,2025-05-30,97800,E1443,M,1969-04-15,ACTIVE,Kolkata
E1980,Karan,Iyer,karan.iyer1980@company.com,+91-6014791564,D001,Business Analyst,2021-02-25,108400,E0725,M,1995-11-08,ACTIVE,Gurugram
E1981,Sneha,Mehta,sneha.mehta1981@company.com,+91-7870377927,D008,DevOps Engineer,2020-05-16,142400,E1942,M,1978-02-22,ACTIVE,Pune
E1982,Ishita,Gupta,,+91-6338157407,D009,HR Executive,2019-08-29,111600,E1123,M,1996-07-29,ACTIVE,New Delhi
E1983,Meera,Patel,meera.patel1983@company.com,+91-6335876818,D018,Operations Executive,2024-04-28,48300,E0541,F,1977-05-14,TERMINATED,Chennai
E1984,Sneha,Sinha,sneha.sinha1984@company.com,,D002,DevOps Engineer,2023-05-30,162800,E0250,,1970-03-08,ACTIVE,Pune
E1985,Ishita,Patel,ishita.patel1985@company.com,+91-8028341807,D005,Software Engineer,2022-06-02,191400,E1100,F,1977-10-09,ACTIVE,Chennai
E1986,Aarav,Mehta,aarav.mehta1986@company.com,+91-7523238746,D018,Sales Executive,2025-12-24,44300,E0879,F,1986-09-15,ACTIVE,Gurugram
E1987,Meera,Mehta,meera.mehta1987@company.com,+91-6721676185,D015,DevOps Engineer,2023-03-12,39900,E0140,F,1980-10-02,INACTIVE,Mumbai
E1988,Aarav,Sharma,aarav.sharma1988@company.com,+91-7180459957,D006,Software Engineer,2022-03-05,167900,E1286,M,1986-06-01,ACTIVE,New Delhi
E1989,Kabir,Joshi,kabir.joshi1989@company.com,+91-7856158010,D019,Data Analyst,2022-07-05,168200,E1468,F,2002-02-24,INACTIVE,Gurugram
E1990,Kabir,Mishra,kabir.mishra1990@company.com,+91-7731465983,D004,Marketing Executive,2020-03-31,178200,E1494,,1970-06-27,ACTIVE,Gurugram
E1991,Vivaan,Das,vivaan.das1991@company.com,+91-7254852458,D013,Recruiter,2019-04-14,146500,E1032,M,1993-06-06,TERMINATED,New Delhi
E1992,Ananya,Iyer,ananya.iyer1992@company.com,+91-7729255235,D009,Operations Executive,2024-03-08,144100,E0039,F,1999-08-14,ACTIVE,Bengaluru
E1993,Priya,Iyer,priya.iyer1993@company.com,+91-8489718939,D016,Data Analyst,2021-04-16,125800,,F,1992-08-14,ACTIVE,Bengaluru
E1994,Arjun,Sinha,arjun.sinha1994@company.com,+91-6460804196,D004,Marketing Executive,2025-07-06,105700,E0835,M,2002-02-15,INACTIVE,Hyderabad
E1995,Sneha,Kapoor,sneha.kapoor1995@company.com,+91-7907594753,D012,DevOps Engineer,2020-10-10,186700,E0755,M,1966-09-28,ACTIVE,Bengaluru
E1996,Vivaan,Joshi,vivaan.joshi1996@company.com,+91-6663026510,D011,DevOps Engineer,2024-04-25,47700,E1324,,1993-04-06,ACTIVE,New Delhi
E1997,Neha,Mishra,neha.mishra1997@company.com,+91-7458808420,D017,Operations Executive,2018-06-01,114200,E0541,F,1966-10-28,ACTIVE,Pune
E1998,Karan,Bansal,karan.bansal1998@company.com,+91-6605079570,D020,Data Analyst,2019-07-25,176600,E1989,,1968-06-08,ACTIVE,Mumbai
E1999,Karan,Jain,karan.jain1999@company.com,+91-9879680291,D008,Operations Executive,2022-03-09,122400,E0132,F,2001-03-09,INACTIVE,Mumbai
E2000,Aditi,Sharma,aditi.sharma2000@company.com,+91-7461787589,D006,Recruiter,2024-08-22,83700,E0406,M,1979-09-15,ACTIVE,Chennai
