attendance_id,employee_id,attendance_date,attendance_status,check_in_time,check_out_time,work_hours,leave_type,remarks
A000001,E0894,2026-01-21,ON_LEAVE,,,,CASUAL,
A000002,E0536,2026-03-05,PRESENT,08:46:00,16:48:00,8.03,,
A000003,E0735,2026-04-27,PRESENT,09:08:00,18:29:00,9.35,,
A000004,E0761,2026-02-18,ABSENT,,,,,
A000005,E0928,2026-02-03,PRESENT,08:15:00,16:08:00,7.88,,
A000006,E0600,2026-07-14,PRESENT,09:58:00,17:23:00,7.42,,
A000007,E0801,2026-01-14,PRESENT,08:18:00,16:08:00,7.83,,
A000008,E0453,2026-01-22,PRESENT,08:25:00,17:43:00,9.3,,
A000009,E0613,2026-05-05,PRESENT,08:02:00,17:30:00,9.47,,
A000010,E0927,2026-01-29,ABSENT,,,,,
A000011,E0659,2026-02-19,PRESENT,09:56:00,16:56:00,7.0,,
A000012,E0417,2026-06-03,PRESENT,08:45:00,17:09:00,8.4,,
A000013,E0527,2026-03-14,WORK_FROM_HOME,10:15:00,19:30:00,7.4,,
A000014,E0516,2026-03-21,PRESENT,08:28:00,16:14:00,7.77,,
A000015,E0327,2026-05-11,PRESENT,08:41:00,16:26:00,7.75,,Traffic delay
A000016,E0690,2026-03-19,PRESENT,09:53:00,18:20:00,8.45,,
A000017,E0552,2026-07-30,PRESENT,08:27:00,16:26:00,7.98,,
A000018,E0514,2026-03-20,PRESENT,10:15:00,19:15:00,9.0,,Approved remote work
A000019,E0950,2026-06-06,PRESENT,08:39:00,17:01:00,8.37,,
A000020,E0785,2026-04-12,LATE,11:50:00,18:30:00,6.67,,
A000021,E0161,2026-03-25,WORK_FROM_HOME,10:45:00,19:15:00,9.44,,
A000022,E0484,2026-03-19,PRESENT,09:18:00,17:43:00,8.42,,
A000023,E0850,2026-07-10,PRESENT,09:18:00,18:06:00,8.8,,
A000024,E0781,2026-04-17,PRESENT,09:43:00,16:57:00,7.23,,
A000025,E0363,2026-06-15,LATE,10:59:00,18:09:00,7.17,,Personal emergency
A000026,E0208,2026-02-23,PRESENT,09:05:00,17:20:00,8.25,,
A000027,E0025,2026-03-24,PRESENT,09:37:00,18:00:00,8.38,,
A000028,E0757,2026-02-21,LATE,11:20:00,19:28:00,8.13,,
A000029,E0281,2026-01-28,PRESENT,08:41:00,17:04:00,8.38,,
A000030,E0965,2026-07-04,PRESENT,08:11:00,16:50:00,8.65,,
A000031,E0931,2026-06-30,PRESENT,09:11:00,18:41:00,9.5,,
A000032,E0104,2026-01-15,PRESENT,09:10:00,18:27:00,9.28,,
A000033,E0946,2026-03-14,PRESENT,08:34:00,15:52:00,7.3,,
A000034,E0794,2026-07-07,PRESENT,08:38:00,16:16:00,7.63,,
A000035,E0588,2026-02-21,PRESENT,09:52:00,17:54:00,8.03,,
A000036,E0560,2026-07-15,PRESENT,10:22:00,19:37:00,9.25,,
A000037,E0707,2026-01-06,PRESENT,08:17:00,16:37:00,8.33,,
A000038,E0370,2026-07-17,PRESENT,08:54:00,16:41:00,7.78,,
A000039,E0234,2026-04-28,PRESENT,08:50:00,16:56:00,8.1,,
A000040,E0766,2026-01-06,PRESENT,09:45:00,18:34:00,8.82,,
A000041,E0499,2026-07-24,PRESENT,10:15:00,17:30:00,7.25,,
A000042,E0525,2026-04-06,PRESENT,09:51:00,16:59:00,7.13,,
A000043,E0895,2026-07-24,PRESENT,10:17:00,19:22:00,9.08,,
A000044,E0342,2026-06-12,PRESENT,08:19:00,17:43:00,9.4,,System issue
A000045,E0800,2026-01-29,PRESENT,10:11:00,17:33:00,7.37,,
A000046,E0480,2026-06-06,PRESENT,08:48:00,16:06:00,7.3,,
A000047,E0442,2026-07-29,PRESENT,09:55:00,17:33:00,7.63,,
A000048,E0075,2026-02-16,PRESENT,09:26:00,18:22:00,8.93,,
A000049,E0710,2026-07-09,HALF_DAY,09:25:00,12:57:00,3.53,,
A000050,E0301,2026-01-02,PRESENT,09:39:00,16:43:00,7.07,,Approved remote work
A000051,E0438,2026-02-08,PRESENT,08:57:00,18:26:00,9.48,,
A000052,E0335,2026-05-17,PRESENT,08:51:00,18:18:00,9.45,,
A000053,E0915,2026-07-03,WORK_FROM_HOME,08:15:00,19:15:00,6.96,,System issue
A000054,E0617,2026-01-11,LATE,11:10:00,18:39:00,7.48,,
A000055,E0336,2026-03-22,WORK_FROM_HOME,08:30:00,18:45:00,8.47,,
A000056,E0239,2026-02-25,LATE,10:04:00,16:39:00,6.58,,
A000057,E0968,2026-04-23,PRESENT,09:36:00,16:42:00,7.1,,
A000058,E0762,2026-07-09,PRESENT,08:12:00,17:06:00,8.9,,
A000059,E0204,2026-02-22,LATE,11:16:00,17:47:00,6.52,,Doctor appointment
A000060,E0519,2026-05-29,ABSENT,,,,,
A000061,E0775,2026-02-23,PRESENT,10:05:00,18:36:00,8.52,,
A000062,E0325,2026-04-17,PRESENT,08:23:00,17:32:00,9.15,,
A000063,E0262,2026-05-11,PRESENT,09:56:00,17:00:00,7.07,,Training session
A000064,E0431,2026-04-13,WORK_FROM_HOME,09:30:00,17:45:00,6.8,,
A000065,E0668,2026-03-18,PRESENT,08:21:00,17:00:00,8.65,,
A000066,E0017,2026-03-12,ABSENT,,,,,
A000067,E0047,2026-02-06,HALF_DAY,08:52:00,13:34:00,4.7,,System issue
A000068,E0160,2026-02-05,PRESENT,08:09:00,15:24:00,7.25,,
A000069,E0215,2026-07-09,PRESENT,09:35:00,18:21:00,8.77,,
A000070,E0430,2026-02-14,PRESENT,10:12:00,17:50:00,7.63,,
A000071,E0830,2026-06-21,PRESENT,08:28:00,16:09:00,7.68,,Doctor appointment
A000072,E0314,2026-04-14,PRESENT,09:07:00,17:29:00,8.37,,Client meeting
A000073,E0340,2026-01-08,WORK_FROM_HOME,08:45:00,17:45:00,6.6,,
A000074,E0740,2026-05-15,PRESENT,08:25:00,15:28:00,7.05,,
A000075,E0229,2026-01-24,PRESENT,08:16:00,15:44:00,7.47,,
A000076,E0476,2026-04-17,WORK_FROM_HOME,08:00:00,19:45:00,8.11,,
A000077,E0925,2026-03-07,PRESENT,10:18:00,18:51:00,8.55,,
A000078,E0685,2026-07-03,PRESENT,10:06:00,19:32:00,9.43,,
A000079,E0225,2026-05-12,PRESENT,08:36:00,16:33:00,7.95,,
A000080,E0762,2026-01-25,ABSENT,,,,,
A000081,E0630,2026-01-27,PRESENT,09:04:00,16:51:00,7.78,,
A000082,E0309,2026-03-26,ABSENT,,,,,
A000083,E0605,2026-05-14,PRESENT,09:08:00,16:41:00,7.55,,
A000084,E0384,2026-06-19,PRESENT,08:08:00,16:46:00,8.63,,
A000085,E0814,2026-02-20,ON_LEAVE,,,,CASUAL,
A000086,E0035,2026-07-23,PRESENT,09:41:00,18:03:00,8.37,,Traffic delay
A000087,E0496,2026-03-30,PRESENT,10:27:00,19:10:00,8.72,,
A000088,E0220,2026-04-27,PRESENT,10:19:00,19:11:00,8.87,,Approved remote work
A000089,E0672,2026-07-16,PRESENT,09:26:00,17:52:00,8.43,,
A000090,E0191,2026-03-07,PRESENT,10:04:00,19:24:00,9.33,,
A000091,E0099,2026-06-21,WORK_FROM_HOME,09:00:00,19:45:00,8.79,,
A000092,E0988,2026-05-20,PRESENT,08:58:00,17:55:00,8.95,,
A000093,E0124,2026-05-21,ABSENT,,,,,
A000094,E0356,2026-03-20,PRESENT,10:21:00,17:42:00,7.35,,
A000095,E0996,2026-05-10,PRESENT,10:10:00,17:59:00,7.82,,
A000096,E0697,2026-02-26,LATE,10:26:00,17:56:00,7.5,,
A000097,E0799,2026-02-08,PRESENT,10:15:00,19:29:00,9.23,,System issue
A000098,E0372,2026-05-19,PRESENT,10:15:00,17:57:00,7.7,,
A000099,E0103,2026-06-24,PRESENT,08:57:00,16:35:00,7.63,,
A000100,E0979,2026-06-06,PRESENT,08:51:00,17:02:00,8.18,,Traffic delay
A000101,E0304,2026-04-10,WORK_FROM_HOME,09:45:00,19:15:00,9.42,,
A000102,E0308,2026-01-01,PRESENT,10:22:00,18:41:00,8.32,,
A000103,E0752,2026-06-06,PRESENT,08:17:00,15:32:00,7.25,,
A000104,E0144,2026-02-06,PRESENT,08:41:00,16:43:00,8.03,,
A000105,E0164,2026-06-15,PRESENT,08:49:00,16:52:00,8.05,,
A000106,E0073,2026-02-27,WORK_FROM_HOME,09:00:00,18:15:00,7.33,,
A000107,E0689,2026-03-12,LATE,10:02:00,18:45:00,8.72,,Approved remote work
A000108,E0537,2026-01-27,LATE,11:17:00,19:17:00,8.0,,
A000109,E0449,2026-03-18,HALF_DAY,09:39:00,14:27:00,4.8,,
A000110,E0073,2026-07-13,WORK_FROM_HOME,09:00:00,20:30:00,7.52,,Traffic delay
A000111,E0437,2026-05-30,PRESENT,10:04:00,18:18:00,8.23,,
A000112,E0106,2026-01-23,ON_LEAVE,,,,PATERNITY,
A000113,E0886,2026-04-03,PRESENT,10:06:00,18:56:00,8.83,,
A000114,E0654,2026-01-27,WORK_FROM_HOME,10:30:00,19:30:00,7.34,,
A000115,E0857,2026-03-06,ON_LEAVE,,,,CASUAL,Personal emergency
A000116,E0826,2026-05-05,PRESENT,10:06:00,18:02:00,7.93,,
A000117,E0682,2026-03-10,PRESENT,10:04:00,19:27:00,9.38,,
A000118,E0580,2026-04-07,PRESENT,09:37:00,16:47:00,7.17,,
A000119,E0605,2026-07-23,PRESENT,08:25:00,17:52:00,9.45,,Training session
A000120,E0245,2026-04-03,PRESENT,09:47:00,18:27:00,8.67,,
A000121,E0041,2026-03-30,PRESENT,09:52:00,18:49:00,8.95,,
A000122,E0536,2026-01-10,WORK_FROM_HOME,10:45:00,17:15:00,8.94,,
A000123,E0025,2026-06-11,WORK_FROM_HOME,09:00:00,20:30:00,6.8,,
A000124,E0700,2026-03-30,PRESENT,09:03:00,17:13:00,8.17,,
A000125,E0049,2026-03-25,PRESENT,09:07:00,16:48:00,7.68,,
A000126,E0790,2026-05-21,PRESENT,09:42:00,18:11:00,8.48,,
A000127,E0177,2026-05-08,WORK_FROM_HOME,10:15:00,19:30:00,7.5,,Personal emergency
A000128,E0093,2026-06-13,PRESENT,10:07:00,17:54:00,7.78,,
A000129,E0208,2026-03-09,WORK_FROM_HOME,09:45:00,19:15:00,7.96,,
A000130,E0331,2026-01-05,PRESENT,10:28:00,18:47:00,8.32,,
A000131,E0718,2026-06-14,PRESENT,10:23:00,19:40:00,9.28,,
A000132,E0634,2026-06-28,PRESENT,08:23:00,15:46:00,7.38,,
A000133,E0937,2026-06-19,PRESENT,09:07:00,16:44:00,7.62,,
A000134,E0546,2026-04-01,PRESENT,09:38:00,17:04:00,7.43,,
A000135,E0754,2026-07-28,WORK_FROM_HOME,10:00:00,19:15:00,8.9,,
A000136,E0042,2026-03-04,PRESENT,09:10:00,16:16:00,7.1,,
A000137,E0854,2026-06-27,ON_LEAVE,,,,SICK,
A000138,E0451,2026-06-15,LATE,10:19:00,16:22:00,6.05,,
A000139,E0988,2026-01-06,WORK_FROM_HOME,09:45:00,18:45:00,7.95,,
A000140,E0532,2026-05-29,PRESENT,10:27:00,19:06:00,8.65,,
A000141,E0724,2026-07-23,ON_LEAVE,,,,EARNED,
A000142,E0374,2026-03-02,PRESENT,09:31:00,16:50:00,7.32,,
A000143,E0138,2026-03-24,WORK_FROM_HOME,08:15:00,17:45:00,9.46,,
A000144,E0108,2026-07-26,HALF_DAY,08:59:00,13:13:00,4.23,,
A000145,E0661,2026-05-22,HALF_DAY,08:58:00,13:27:00,4.48,,
A000146,E0857,2026-01-14,PRESENT,09:52:00,18:59:00,9.12,,
A000147,E0067,2026-02-13,PRESENT,09:54:00,19:17:00,9.38,,
A000148,E0918,2026-03-30,PRESENT,08:37:00,15:53:00,7.27,,
A000149,E0067,2026-07-04,PRESENT,09:04:00,16:11:00,7.12,,
A000150,E0503,2026-04-21,ABSENT,,,,,
A000151,E0406,2026-02-25,PRESENT,09:19:00,18:36:00,9.28,,
A000152,E0312,2026-03-26,PRESENT,10:10:00,18:54:00,8.73,,
A000153,E0553,2026-06-24,PRESENT,08:01:00,15:14:00,7.22,,
A000154,E0367,2026-05-31,PRESENT,08:18:00,15:34:00,7.27,,
A000155,E0748,2026-02-11,ABSENT,,,,,
A000156,E0616,2026-07-18,LATE,10:23:00,17:09:00,6.77,,Traffic delay
A000157,E0747,2026-01-31,PRESENT,08:24:00,17:07:00,8.72,,
A000158,E0972,2026-06-25,PRESENT,09:44:00,18:21:00,8.62,,
A000159,E0142,2026-03-29,PRESENT,09:19:00,17:49:00,8.5,,
A000160,E0441,2026-03-06,PRESENT,08:47:00,16:53:00,8.1,,
A000161,E0233,2026-03-31,ON_LEAVE,,,,CASUAL,
A000162,E0770,2026-01-25,PRESENT,08:05:00,15:20:00,7.25,,
A000163,E0061,2026-06-24,PRESENT,08:43:00,15:43:00,7.0,,
A000164,E0542,2026-01-04,PRESENT,09:38:00,17:56:00,8.3,,System issue
A000165,E0577,2026-04-06,WORK_FROM_HOME,08:45:00,18:15:00,9.37,,
A000166,E0100,2026-06-24,WORK_FROM_HOME,10:15:00,20:15:00,8.3,,
A000167,E0834,2026-07-29,PRESENT,08:09:00,17:26:00,9.28,,
A000168,E0813,2026-01-31,LATE,10:40:00,17:54:00,7.23,,Personal emergency
A000169,E0185,2026-06-01,PRESENT,08:25:00,17:32:00,9.12,,
A000170,E0159,2026-06-06,WORK_FROM_HOME,10:45:00,20:00:00,9.31,,
A000171,E0068,2026-03-28,PRESENT,08:36:00,16:37:00,8.02,,
A000172,E0503,2026-02-18,LATE,10:06:00,17:37:00,7.52,,Traffic delay
A000173,E0831,2026-06-18,ABSENT,,,,,
A000174,E0102,2026-05-14,PRESENT,09:22:00,18:36:00,9.23,,
A000175,E0720,2026-05-17,PRESENT,10:19:00,18:10:00,7.85,,
A000176,E0139,2026-04-25,LATE,10:38:00,19:18:00,8.67,,
A000177,E0446,2026-04-07,PRESENT,08:06:00,17:11:00,9.08,,System issue
A000178,E0496,2026-06-06,PRESENT,10:07:00,18:20:00,8.22,,
A000179,E0716,2026-01-15,PRESENT,08:10:00,15:58:00,7.8,,
A000180,E0315,2026-05-31,ABSENT,,,,,
A000181,E0178,2026-06-14,PRESENT,08:12:00,17:28:00,9.27,,Approved remote work
A000182,E0395,2026-02-18,PRESENT,10:17:00,17:30:00,7.22,,
A000183,E0701,2026-04-22,ABSENT,,,,,
A000184,E0183,2026-05-11,PRESENT,08:11:00,16:05:00,7.9,,Doctor appointment
A000185,E0914,2026-02-26,ABSENT,,,,,Doctor appointment
A000186,E0508,2026-02-22,PRESENT,08:03:00,15:14:00,7.18,,
A000187,E0211,2026-06-26,PRESENT,09:14:00,16:15:00,7.02,,
A000188,E0676,2026-07-28,WORK_FROM_HOME,08:45:00,18:30:00,7.49,,
A000189,E0412,2026-01-12,PRESENT,09:03:00,17:09:00,8.1,,
A000190,E0433,2026-06-24,PRESENT,09:19:00,17:11:00,7.87,,
A000191,E0670,2026-07-08,WORK_FROM_HOME,08:45:00,20:45:00,7.73,,
A000192,E0923,2026-02-18,LATE,11:03:00,18:07:00,7.07,,
A000193,E0642,2026-06-27,PRESENT,09:54:00,17:26:00,7.53,,
A000194,E0229,2026-01-19,PRESENT,08:29:00,16:09:00,7.67,,
A000195,E0501,2026-01-18,PRESENT,09:23:00,17:05:00,7.7,,
A000196,E0263,2026-06-24,ABSENT,,,,,
A000197,E0292,2026-05-18,PRESENT,10:25:00,18:31:00,8.1,,Client meeting
A000198,E0405,2026-07-30,WORK_FROM_HOME,08:45:00,18:15:00,7.11,,
A000199,E0037,2026-05-01,PRESENT,08:28:00,16:26:00,7.97,,Traffic delay
A000200,E0189,2026-01-22,LATE,11:44:00,18:01:00,6.28,,
A000201,E0631,2026-04-05,PRESENT,08:36:00,17:29:00,8.88,,
A000202,E0043,2026-06-19,WORK_FROM_HOME,08:15:00,19:00:00,8.8,,
A000203,E0972,2026-02-09,PRESENT,09:04:00,16:48:00,7.73,,
A000204,E0206,2026-06-14,PRESENT,09:37:00,17:16:00,7.65,,
A000205,E0518,2026-01-17,PRESENT,08:49:00,17:14:00,8.42,,
A000206,E0450,2026-01-07,WORK_FROM_HOME,08:30:00,18:15:00,6.71,,
A000207,E0326,2026-01-15,PRESENT,08:16:00,17:00:00,8.73,,
A000208,E0018,2026-06-08,ABSENT,,,,,
A000209,E0330,2026-04-05,PRESENT,08:26:00,16:25:00,7.98,,Client meeting
A000210,E0577,2026-01-15,LATE,11:39:00,20:04:00,8.42,,Doctor appointment
A000211,E0781,2026-06-10,PRESENT,10:19:00,17:37:00,7.3,,Training session
A000212,E0933,2026-05-02,WORK_FROM_HOME,09:45:00,20:15:00,8.43,,
A000213,E0628,2026-03-06,PRESENT,09:56:00,18:58:00,9.03,,
A000214,E0157,2026-04-27,PRESENT,09:32:00,17:29:00,7.95,,
A000215,E0653,2026-07-07,PRESENT,09:39:00,17:44:00,8.08,,
A000216,E0377,2026-07-09,PRESENT,09:16:00,16:52:00,7.6,,Traffic delay
A000217,E0728,2026-05-19,WORK_FROM_HOME,08:30:00,18:45:00,9.46,,
A000218,E0428,2026-04-28,ABSENT,,,,,
A000219,E0398,2026-04-29,PRESENT,09:23:00,18:05:00,8.7,,
A000220,E0543,2026-02-22,PRESENT,08:48:00,18:13:00,9.42,,
A000221,E0895,2026-07-06,PRESENT,09:33:00,18:31:00,8.97,,
A000222,E0783,2026-07-22,PRESENT,09:18:00,17:12:00,7.9,,
A000223,E0482,2026-01-28,PRESENT,09:55:00,18:11:00,8.27,,
A000224,E0979,2026-07-18,WORK_FROM_HOME,08:15:00,19:15:00,7.74,,
A000225,E0960,2026-05-13,PRESENT,09:53:00,16:59:00,7.1,,
A000226,E0396,2026-05-26,PRESENT,09:09:00,18:33:00,9.4,,
A000227,E0657,2026-04-13,PRESENT,08:50:00,16:28:00,7.63,,
A000228,E0480,2026-03-04,WORK_FROM_HOME,09:30:00,17:00:00,6.89,,
A000229,E0088,2026-01-06,PRESENT,08:13:00,16:37:00,8.4,,
A000230,E0321,2026-04-02,PRESENT,08:38:00,16:32:00,7.9,,
A000231,E0068,2026-04-03,PRESENT,09:20:00,18:49:00,9.48,,
A000232,E0458,2026-05-02,PRESENT,08:44:00,16:58:00,8.23,,
A000233,E0822,2026-05-24,PRESENT,08:38:00,16:19:00,7.68,,
A000234,E0546,2026-06-08,PRESENT,10:23:00,19:44:00,9.35,,
A000235,E0717,2026-03-13,PRESENT,09:03:00,16:32:00,7.48,,
A000236,E0151,2026-04-24,PRESENT,08:10:00,15:44:00,7.57,,
A000237,E0485,2026-04-08,PRESENT,08:05:00,17:35:00,9.5,,
A000238,E0838,2026-04-03,WORK_FROM_HOME,08:45:00,17:45:00,8.25,,
A000239,E0581,2026-03-30,WORK_FROM_HOME,09:00:00,18:15:00,9.46,,
A000240,E0694,2026-04-11,WORK_FROM_HOME,10:15:00,19:30:00,6.83,,
A000241,E0972,2026-07-21,PRESENT,10:06:00,17:10:00,7.07,,
A000242,E0605,2026-04-17,ON_LEAVE,,,,EARNED,
A000243,E0197,2026-05-12,PRESENT,10:13:00,17:19:00,7.1,,
A000244,E0928,2026-02-12,PRESENT,09:01:00,17:19:00,8.3,,
A000245,E0444,2026-03-28,PRESENT,09:57:00,17:17:00,7.33,,
A000246,E0033,2026-02-03,WORK_FROM_HOME,08:00:00,19:45:00,9.28,,
A000247,E0482,2026-04-08,PRESENT,09:09:00,17:45:00,8.6,,
A000248,E0823,2026-05-12,WORK_FROM_HOME,09:30:00,18:30:00,8.85,,
A000249,E0566,2026-02-19,PRESENT,09:08:00,16:29:00,7.35,,
A000250,E0941,2026-06-21,PRESENT,09:21:00,18:31:00,9.17,,
A000251,E0024,2026-07-27,PRESENT,08:27:00,16:29:00,8.03,,Approved remote work
A000252,E0067,2026-02-09,PRESENT,09:00:00,16:22:00,7.37,,
A000253,E0010,2026-07-05,PRESENT,09:27:00,16:45:00,7.3,,
A000254,E0642,2026-04-28,PRESENT,09:24:00,16:51:00,7.45,,
A000255,E0058,2026-06-30,PRESENT,08:20:00,16:07:00,7.78,,Client meeting
A000256,E0004,2026-04-21,LATE,10:30:00,17:23:00,6.88,,Client meeting
A000257,E0397,2026-03-24,PRESENT,08:49:00,17:50:00,9.02,,
A000258,E0726,2026-05-07,PRESENT,08:47:00,17:47:00,9.0,,
A000259,E0693,2026-06-01,WORK_FROM_HOME,08:00:00,17:15:00,6.68,,
A000260,E0270,2026-02-06,WORK_FROM_HOME,08:00:00,17:15:00,8.23,,
A000261,E0330,2026-07-13,ON_LEAVE,,,,SICK,
A000262,E0857,2026-06-01,PRESENT,09:45:00,18:54:00,9.15,,
A000263,E0224,2026-04-20,PRESENT,09:28:00,17:29:00,8.02,,
A000264,E0671,2026-06-24,PRESENT,08:41:00,15:57:00,7.27,,Traffic delay
A000265,E0353,2026-07-07,PRESENT,09:50:00,17:10:00,7.33,,
A000266,E0921,2026-07-03,PRESENT,08:22:00,16:43:00,8.35,,
A000267,E0939,2026-04-03,PRESENT,08:16:00,17:41:00,9.42,,
A000268,E0860,2026-03-23,PRESENT,10:02:00,18:36:00,8.57,,
A000269,E0782,2026-05-06,PRESENT,08:48:00,16:46:00,7.97,,
A000270,E0044,2026-06-26,PRESENT,09:59:00,18:57:00,8.97,,
A000271,E0816,2026-04-14,PRESENT,09:58:00,18:53:00,8.92,,
A000272,E0756,2026-07-12,PRESENT,08:06:00,15:41:00,7.58,,
A000273,E0391,2026-06-11,PRESENT,09:33:00,16:36:00,7.05,,
A000274,E0838,2026-06-19,WORK_FROM_HOME,08:15:00,17:00:00,6.95,,
A000275,E0154,2026-03-11,PRESENT,08:05:00,17:12:00,9.12,,
A000276,E0311,2026-08-01,WORK_FROM_HOME,08:15:00,20:45:00,8.15,,
A000277,E0971,2026-02-10,PRESENT,08:15:00,16:45:00,8.5,,
A000278,E0069,2026-03-24,ABSENT,,,,,
A000279,E0145,2026-03-02,PRESENT,10:06:00,18:01:00,7.92,,
A000280,E0014,2026-03-20,PRESENT,09:26:00,17:45:00,8.32,,
A000281,E0440,2026-06-06,PRESENT,08:33:00,17:48:00,9.25,,
A000282,E0743,2026-04-06,LATE,11:51:00,18:23:00,6.53,,
A000283,E0994,2026-05-02,PRESENT,09:54:00,18:28:00,8.57,,
A000284,E0215,2026-03-25,PRESENT,09:20:00,18:21:00,9.02,,
A000285,E0569,2026-03-29,PRESENT,09:24:00,17:13:00,7.82,,
A000286,E0989,2026-03-24,LATE,11:14:00,18:12:00,6.97,,
A000287,E0625,2026-03-02,LATE,10:32:00,18:37:00,8.08,,
A000288,E0912,2026-01-05,PRESENT,08:24:00,17:02:00,8.63,,
A000289,E0639,2026-03-24,PRESENT,10:05:00,19:03:00,8.97,,
A000290,E0913,2026-07-06,PRESENT,09:55:00,18:34:00,8.65,,
A000291,E0811,2026-07-17,PRESENT,08:36:00,17:09:00,8.55,,
A000292,E0061,2026-05-02,PRESENT,08:00:00,16:23:00,8.38,,
A000293,E0636,2026-05-04,PRESENT,09:09:00,17:30:00,8.35,,
A000294,E0322,2026-06-04,WORK_FROM_HOME,10:15:00,17:30:00,7.1,,
A000295,E0754,2026-02-19,PRESENT,10:09:00,18:21:00,8.2,,
A000296,E0386,2026-04-19,ABSENT,,,,,
A000297,E0306,2026-03-08,PRESENT,09:15:00,16:21:00,7.1,,Personal emergency
A000298,E0781,2026-04-18,PRESENT,09:59:00,17:36:00,7.62,,
A000299,E0392,2026-05-23,PRESENT,09:53:00,18:13:00,8.33,,Approved remote work
A000300,E0467,2026-03-12,PRESENT,09:56:00,18:08:00,8.2,,
A000301,E0132,2026-03-24,WORK_FROM_HOME,09:45:00,19:15:00,6.87,,
A000302,E0738,2026-04-07,PRESENT,09:51:00,18:13:00,8.37,,
A000303,E0335,2026-06-06,HALF_DAY,08:34:00,13:26:00,4.87,,
A000304,E0580,2026-07-13,PRESENT,10:10:00,17:24:00,7.23,,
A000305,E0731,2026-02-03,PRESENT,08:17:00,15:52:00,7.58,,
A000306,E0536,2026-02-11,WORK_FROM_HOME,09:30:00,19:00:00,7.21,,
A000307,E0769,2026-01-18,PRESENT,10:19:00,17:34:00,7.25,,
A000308,E0658,2026-07-22,PRESENT,08:39:00,17:59:00,9.33,,
A000309,E0834,2026-02-23,PRESENT,08:29:00,16:35:00,8.1,,
A000310,E0058,2026-06-15,PRESENT,08:06:00,15:19:00,7.22,,
A000311,E0715,2026-02-27,PRESENT,08:10:00,16:06:00,7.93,,
A000312,E0973,2026-02-09,WORK_FROM_HOME,09:30:00,20:45:00,6.91,,Training session
A000313,E0297,2026-05-07,PRESENT,09:46:00,19:06:00,9.33,,Doctor appointment
A000314,E0604,2026-01-10,PRESENT,10:29:00,19:34:00,9.08,,Personal emergency
A000315,E0083,2026-05-29,WORK_FROM_HOME,08:45:00,18:15:00,8.03,,
A000316,E0938,2026-06-10,ABSENT,,,,,
A000317,E0570,2026-04-06,PRESENT,08:40:00,16:31:00,7.85,,
A000318,E0263,2026-03-27,PRESENT,09:06:00,17:46:00,8.67,,Approved remote work
A000319,E0463,2026-01-08,PRESENT,10:11:00,18:54:00,8.72,,
A000320,E0116,2026-01-11,PRESENT,08:27:00,16:19:00,7.87,,
A000321,E0584,2026-07-08,ABSENT,,,,,
A000322,E0691,2026-02-24,WORK_FROM_HOME,09:45:00,17:15:00,8.95,,
A000323,E0906,2026-03-06,PRESENT,08:06:00,16:25:00,8.32,,Training session
A000324,E0186,2026-03-27,PRESENT,09:39:00,18:02:00,8.38,,
A000325,E0401,2026-06-04,LATE,11:58:00,20:03:00,8.08,,
A000326,E0612,2026-03-15,LATE,11:26:00,18:29:00,7.05,,Client meeting
A000327,E0906,2026-01-01,WORK_FROM_HOME,08:30:00,17:30:00,8.36,,
A000328,E0747,2026-05-26,WORK_FROM_HOME,09:15:00,18:45:00,6.79,,
A000329,E0382,2026-01-20,PRESENT,08:05:00,16:21:00,8.27,,
A000330,E0921,2026-01-31,PRESENT,09:07:00,18:03:00,8.93,,
A000331,E0909,2026-07-24,WORK_FROM_HOME,10:00:00,20:15:00,6.86,,Client meeting
A000332,E0743,2026-03-02,PRESENT,10:28:00,19:50:00,9.37,,
A000333,E0024,2026-06-29,PRESENT,08:16:00,15:55:00,7.65,,
A000334,E0408,2026-06-23,PRESENT,08:09:00,17:16:00,9.12,,
A000335,E0477,2026-04-16,PRESENT,08:03:00,17:30:00,9.45,,
A000336,E0673,2026-01-17,WORK_FROM_HOME,10:30:00,20:15:00,9.13,,
A000337,E0025,2026-06-21,PRESENT,08:48:00,16:48:00,8.0,,
A000338,E0830,2026-01-01,ON_LEAVE,,,,CASUAL,
A000339,E0856,2026-04-22,PRESENT,10:05:00,18:04:00,7.98,,
A000340,E0761,2026-01-13,PRESENT,08:22:00,16:56:00,8.57,,
A000341,E0484,2026-05-20,PRESENT,09:35:00,18:56:00,9.35,,
A000342,E0329,2026-07-08,PRESENT,09:44:00,17:28:00,7.73,,
A000343,E0382,2026-04-30,ON_LEAVE,,,,EARNED,
A000344,E0689,2026-07-12,WORK_FROM_HOME,09:30:00,20:00:00,8.53,,
A000345,E0907,2026-02-05,PRESENT,09:31:00,18:30:00,8.98,,
A000346,E0553,2026-06-24,PRESENT,08:10:00,16:37:00,8.45,,
A000347,E0881,2026-06-10,PRESENT,09:27:00,18:45:00,9.3,,
A000348,E0763,2026-02-10,WORK_FROM_HOME,08:45:00,17:45:00,8.22,,
A000349,E0514,2026-05-20,PRESENT,08:26:00,17:53:00,9.45,,System issue
A000350,E0681,2026-02-12,ABSENT,,,,,
A000351,E0807,2026-03-27,PRESENT,09:23:00,17:58:00,8.58,,
A000352,E0405,2026-05-14,PRESENT,09:40:00,17:36:00,7.93,,
A000353,E0768,2026-04-15,PRESENT,08:27:00,16:24:00,7.95,,
A000354,E0465,2026-02-09,HALF_DAY,08:54:00,12:24:00,3.5,,
A000355,E0993,2026-05-10,LATE,11:04:00,17:40:00,6.6,,
A000356,E0712,2026-03-20,PRESENT,09:43:00,18:00:00,8.28,,
A000357,E0555,2026-06-13,PRESENT,08:48:00,15:54:00,7.1,,Approved remote work
A000358,E0124,2026-02-23,PRESENT,08:18:00,15:35:00,7.28,,
A000359,E0974,2026-01-31,PRESENT,09:31:00,18:14:00,8.72,,System issue
A000360,E0308,2026-03-29,PRESENT,08:53:00,17:10:00,8.28,,
A000361,E0604,2026-05-03,PRESENT,08:10:00,17:15:00,9.08,,
A000362,E0512,2026-03-23,PRESENT,09:05:00,18:06:00,9.02,,
A000363,E0393,2026-07-12,PRESENT,08:25:00,17:13:00,8.8,,
A000364,E0636,2026-03-31,WORK_FROM_HOME,08:45:00,17:45:00,8.55,,
A000365,E0089,2026-05-02,PRESENT,08:23:00,15:44:00,7.35,,
A000366,E0851,2026-07-03,PRESENT,08:24:00,17:20:00,8.93,,
A000367,E0346,2026-03-03,PRESENT,10:00:00,17:08:00,7.13,,
A000368,E0566,2026-07-18,ABSENT,,,,,
A000369,E0629,2026-04-16,PRESENT,08:32:00,15:39:00,7.12,,
A000370,E0456,2026-01-18,PRESENT,09:58:00,18:08:00,8.17,,
A000371,E0398,2026-07-25,WORK_FROM_HOME,08:30:00,17:45:00,8.46,,
A000372,E0463,2026-03-17,WORK_FROM_HOME,10:30:00,20:00:00,6.62,,
A000373,E0992,2026-01-20,PRESENT,10:04:00,18:07:00,8.05,,Training session
A000374,E0763,2026-07-26,PRESENT,08:45:00,17:21:00,8.6,,Doctor appointment
A000375,E0229,2026-03-29,WORK_FROM_HOME,09:15:00,20:00:00,8.25,,Doctor appointment
A000376,E0136,2026-07-09,ON_LEAVE,,,,PATERNITY,
A000377,E0449,2026-05-08,PRESENT,09:50:00,16:55:00,7.08,,
A000378,E0920,2026-06-27,PRESENT,10:19:00,17:46:00,7.45,,
A000379,E0035,2026-03-13,PRESENT,09:48:00,17:05:00,7.28,,Approved remote work
A000380,E0899,2026-06-20,PRESENT,09:42:00,18:51:00,9.15,,
A000381,E0929,2026-02-05,PRESENT,08:41:00,16:03:00,7.37,,
A000382,E0681,2026-02-20,PRESENT,10:19:00,18:54:00,8.58,,
A000383,E0490,2026-01-18,ON_LEAVE,,,,SICK,
A000384,E0119,2026-05-24,PRESENT,08:51:00,16:28:00,7.62,,
A000385,E0765,2026-06-29,PRESENT,09:35:00,16:50:00,7.25,,
A000386,E0013,2026-01-29,PRESENT,09:08:00,18:37:00,9.48,,
A000387,E0311,2026-07-27,PRESENT,09:02:00,18:04:00,9.03,,
A000388,E0194,2026-06-19,PRESENT,10:02:00,17:56:00,7.9,,Traffic delay
A000389,E0567,2026-06-12,PRESENT,08:18:00,15:55:00,7.62,,
A000390,E0879,2026-05-11,PRESENT,08:17:00,17:19:00,9.03,,
A000391,E0075,2026-05-25,PRESENT,09:45:00,18:17:00,8.53,,
A000392,E0848,2026-03-09,PRESENT,09:50:00,17:00:00,7.17,,
A000393,E0800,2026-04-12,PRESENT,09:35:00,18:15:00,8.67,,
A000394,E0857,2026-02-27,ABSENT,,,,,
A000395,E0630,2026-07-22,PRESENT,09:44:00,17:24:00,7.67,,
A000396,E0534,2026-03-15,PRESENT,08:19:00,17:09:00,8.83,,
A000397,E0428,2026-01-17,PRESENT,08:37:00,15:47:00,7.17,,
A000398,E0403,2026-03-13,PRESENT,09:27:00,17:44:00,8.28,,
A000399,E0620,2026-03-25,WORK_FROM_HOME,09:45:00,20:15:00,9.07,,
A000400,E0094,2026-06-27,PRESENT,09:27:00,18:43:00,9.27,,
A000401,E0647,2026-01-17,PRESENT,09:08:00,17:17:00,8.15,,
A000402,E0609,2026-05-12,PRESENT,09:22:00,17:23:00,8.02,,
A000403,E0357,2026-03-20,PRESENT,09:25:00,18:37:00,9.2,,
A000404,E0286,2026-03-09,PRESENT,08:48:00,16:23:00,7.58,,
A000405,E0705,2026-03-17,PRESENT,09:32:00,18:50:00,9.3,,
A000406,E0210,2026-07-24,PRESENT,10:13:00,17:57:00,7.73,,Personal emergency
A000407,E0898,2026-03-16,PRESENT,08:52:00,17:18:00,8.43,,
A000408,E0664,2026-07-27,PRESENT,09:02:00,17:42:00,8.67,,
A000409,E0278,2026-05-26,PRESENT,09:27:00,17:04:00,7.62,,
A000410,E0074,2026-03-06,PRESENT,09:36:00,18:56:00,9.33,,
A000411,E0004,2026-01-18,PRESENT,09:05:00,18:11:00,9.1,,
A000412,E0564,2026-05-30,HALF_DAY,09:35:00,14:17:00,4.7,,
A000413,E0273,2026-01-14,ON_LEAVE,,,,MATERNITY,
A000414,E0488,2026-04-22,PRESENT,08:30:00,16:05:00,7.58,,
A000415,E0371,2026-07-14,LATE,10:07:00,16:17:00,6.17,,
A000416,E0285,2026-01-28,PRESENT,09:08:00,16:40:00,7.53,,
A000417,E0948,2026-07-10,PRESENT,08:52:00,16:02:00,7.17,,
A000418,E0581,2026-01-16,PRESENT,09:26:00,17:36:00,8.17,,
A000419,E0247,2026-03-01,PRESENT,10:26:00,18:34:00,8.13,,
A000420,E0363,2026-03-02,PRESENT,10:21:00,19:50:00,9.48,,
A000421,E0226,2026-02-13,LATE,11:46:00,19:24:00,7.63,,
A000422,E0632,2026-01-05,WORK_FROM_HOME,10:30:00,20:00:00,6.77,,Training session
A000423,E0417,2026-02-26,PRESENT,08:42:00,16:26:00,7.73,,
A000424,E0287,2026-01-28,PRESENT,09:18:00,18:09:00,8.85,,
A000425,E0615,2026-04-09,PRESENT,08:59:00,16:24:00,7.42,,
A000426,E0419,2026-07-02,PRESENT,08:38:00,17:16:00,8.63,,
A000427,E0769,2026-04-08,PRESENT,09:09:00,17:01:00,7.87,,
A000428,E0504,2026-04-22,LATE,11:08:00,18:35:00,7.45,,
A000429,E0512,2026-05-10,PRESENT,09:53:00,17:45:00,7.87,,
A000430,E0721,2026-01-20,PRESENT,09:36:00,17:19:00,7.72,,
A000431,E0213,2026-02-25,PRESENT,09:43:00,17:53:00,8.17,,
A000432,E0298,2026-03-01,PRESENT,10:00:00,17:06:00,7.1,,
A000433,E0577,2026-03-04,PRESENT,08:16:00,17:11:00,8.92,,
A000434,E0023,2026-04-10,PRESENT,09:32:00,18:09:00,8.62,,Traffic delay
A000435,E0742,2026-04-25,WORK_FROM_HOME,09:30:00,18:30:00,6.77,,
A000436,E0267,2026-05-03,PRESENT,08:56:00,18:25:00,9.48,,
A000437,E0614,2026-05-16,LATE,11:49:00,17:58:00,6.15,,
A000438,E0374,2026-01-13,LATE,10:12:00,16:52:00,6.67,,Personal emergency
A000439,E0567,2026-01-13,PRESENT,10:14:00,18:19:00,8.08,,
A000440,E0301,2026-02-06,WORK_FROM_HOME,08:15:00,20:30:00,7.34,,
A000441,E0069,2026-03-01,WORK_FROM_HOME,10:15:00,19:45:00,8.36,,
A000442,E0917,2026-02-12,PRESENT,08:50:00,16:09:00,7.32,,Client meeting
A000443,E0276,2026-07-29,LATE,11:09:00,17:40:00,6.52,,
A000444,E0567,2026-07-14,PRESENT,08:45:00,16:24:00,7.65,,
A000445,E0192,2026-03-04,LATE,10:42:00,17:25:00,6.72,,
A000446,E0526,2026-07-28,PRESENT,10:09:00,17:23:00,7.23,,
A000447,E0172,2026-01-13,PRESENT,08:33:00,16:34:00,8.02,,
A000448,E0855,2026-04-05,PRESENT,09:11:00,18:09:00,8.97,,
A000449,E0180,2026-07-01,PRESENT,09:03:00,16:44:00,7.68,,
A000450,E0773,2026-01-11,PRESENT,09:36:00,17:10:00,7.57,,Traffic delay
A000451,E0542,2026-07-24,PRESENT,09:41:00,19:01:00,9.33,,
A000452,E0414,2026-05-15,PRESENT,10:13:00,18:43:00,8.5,,
A000453,E0592,2026-07-03,HALF_DAY,09:21:00,13:23:00,4.03,,
A000454,E0418,2026-02-12,PRESENT,10:07:00,17:39:00,7.53,,
A000455,E0212,2026-01-19,PRESENT,09:34:00,17:50:00,8.27,,Traffic delay
A000456,E0392,2026-04-07,PRESENT,08:06:00,16:26:00,8.33,,
A000457,E0769,2026-01-05,PRESENT,08:37:00,17:32:00,8.92,,
A000458,E0810,2026-07-14,ABSENT,,,,,
A000459,E0310,2026-04-12,PRESENT,08:04:00,16:02:00,7.97,,
A000460,E0259,2026-05-05,PRESENT,09:59:00,18:34:00,8.58,,
A000461,E0475,2026-02-03,PRESENT,08:13:00,16:15:00,8.03,,
A000462,E0919,2026-06-13,WORK_FROM_HOME,08:30:00,20:45:00,7.39,,
A000463,E0894,2026-04-21,PRESENT,09:15:00,17:45:00,8.5,,
A000464,E0565,2026-05-03,PRESENT,10:02:00,17:19:00,7.28,,
A000465,E0199,2026-03-21,WORK_FROM_HOME,08:15:00,19:00:00,7.0,,Doctor appointment
A000466,E0646,2026-05-14,PRESENT,09:54:00,18:37:00,8.72,,
A000467,E0628,2026-04-28,PRESENT,09:23:00,17:35:00,8.2,,
A000468,E0821,2026-05-13,PRESENT,09:52:00,18:56:00,9.07,,
A000469,E0527,2026-01-10,PRESENT,10:20:00,19:44:00,9.4,,
A000470,E0992,2026-02-09,WORK_FROM_HOME,10:45:00,19:15:00,7.63,,
A000471,E0937,2026-02-20,PRESENT,09:38:00,17:48:00,8.17,,
A000472,E0043,2026-01-12,PRESENT,08:34:00,16:23:00,7.82,,
A000473,E0199,2026-04-17,LATE,11:54:00,18:32:00,6.63,,
A000474,E0582,2026-03-07,ON_LEAVE,,,,SICK,Client meeting
A000475,E0168,2026-01-10,PRESENT,10:03:00,17:19:00,7.27,,
A000476,E0938,2026-02-12,WORK_FROM_HOME,08:45:00,19:30:00,7.98,,
A000477,E0979,2026-03-08,PRESENT,10:20:00,18:44:00,8.4,,
A000478,E0335,2026-05-15,PRESENT,10:30:00,19:43:00,9.22,,
A000479,E0826,2026-06-02,LATE,10:32:00,17:29:00,6.95,,
A000480,E0445,2026-05-04,PRESENT,10:10:00,18:26:00,8.27,,
A000481,E0742,2026-04-14,PRESENT,09:16:00,17:21:00,8.08,,Doctor appointment
A000482,E0569,2026-02-27,HALF_DAY,08:58:00,12:59:00,4.02,,
A000483,E0157,2026-01-26,PRESENT,10:09:00,18:41:00,8.53,,
A000484,E0410,2026-04-18,PRESENT,09:16:00,16:36:00,7.33,,
A000485,E0639,2026-05-04,WORK_FROM_HOME,09:00:00,20:45:00,8.49,,
A000486,E0158,2026-04-17,PRESENT,08:07:00,16:32:00,8.42,,
A000487,E0122,2026-03-20,PRESENT,10:05:00,18:46:00,8.68,,
A000488,E0416,2026-04-21,HALF_DAY,09:06:00,13:07:00,4.02,,
A000489,E0169,2026-03-28,PRESENT,09:23:00,17:59:00,8.6,,
A000490,E0104,2026-01-22,PRESENT,08:02:00,15:40:00,7.63,,
A000491,E0505,2026-01-24,WORK_FROM_HOME,10:15:00,17:00:00,8.88,,
A000492,E0034,2026-02-04,PRESENT,09:33:00,18:04:00,8.52,,
A000493,E0090,2026-01-11,PRESENT,09:19:00,17:43:00,8.4,,System issue
A000494,E0085,2026-01-11,PRESENT,08:49:00,16:32:00,7.72,,
A000495,E0844,2026-05-06,PRESENT,09:14:00,18:28:00,9.23,,System issue
A000496,E0292,2026-02-05,PRESENT,09:06:00,16:46:00,7.67,,
A000497,E0717,2026-05-12,PRESENT,08:57:00,17:09:00,8.2,,Training session
A000498,E0347,2026-06-20,PRESENT,10:01:00,18:56:00,8.92,,
A000499,E0522,2026-03-20,PRESENT,09:42:00,18:29:00,8.78,,
A000500,E0241,2026-07-23,ON_LEAVE,,,,EARNED,
A000501,E0216,2026-03-03,PRESENT,08:39:00,15:48:00,7.15,,System issue
A000502,E0897,2026-01-31,PRESENT,09:54:00,17:26:00,7.53,,
A000503,E0076,2026-03-14,LATE,11:29:00,18:50:00,7.35,,
A000504,E0736,2026-05-04,PRESENT,08:31:00,17:52:00,9.35,,
A000505,E0310,2026-07-01,PRESENT,10:01:00,17:09:00,7.13,,
A000506,E0401,2026-02-19,PRESENT,08:12:00,15:20:00,7.13,,
A000507,E0823,2026-03-06,PRESENT,10:07:00,19:05:00,8.97,,
A000508,E0408,2026-07-20,ABSENT,,,,,
A000509,E0137,2026-07-28,PRESENT,09:48:00,18:08:00,8.33,,
A000510,E0770,2026-05-26,WORK_FROM_HOME,08:30:00,20:00:00,7.05,,
A000511,E0343,2026-02-07,PRESENT,08:35:00,16:36:00,8.02,,
A000512,E0508,2026-03-13,WORK_FROM_HOME,09:00:00,17:30:00,8.66,,
A000513,E0820,2026-06-07,PRESENT,08:00:00,15:26:00,7.43,,
A000514,E0845,2026-05-09,PRESENT,08:37:00,17:02:00,8.42,,
A000515,E0879,2026-07-08,ABSENT,,,,,
A000516,E0401,2026-05-16,ON_LEAVE,,,,PATERNITY,
A000517,E0202,2026-04-22,LATE,11:34:00,17:44:00,6.17,,
A000518,E0737,2026-06-01,PRESENT,10:17:00,19:13:00,8.93,,Approved remote work
A000519,E0019,2026-04-15,PRESENT,08:16:00,17:17:00,9.02,,
A000520,E0428,2026-04-29,WORK_FROM_HOME,08:30:00,18:45:00,8.33,,
A000521,E0913,2026-06-16,WORK_FROM_HOME,10:30:00,20:30:00,8.95,,Doctor appointment
A000522,E0042,2026-02-26,WORK_FROM_HOME,09:00:00,20:00:00,7.85,,
A000523,E0822,2026-07-25,PRESENT,10:19:00,19:05:00,8.77,,Training session
A000524,E0976,2026-07-07,LATE,11:22:00,18:40:00,7.3,,
A000525,E0680,2026-01-14,PRESENT,10:28:00,18:22:00,7.9,,
A000526,E0566,2026-03-15,LATE,11:50:00,18:50:00,7.0,,
A000527,E0399,2026-05-24,ABSENT,,,,,
A000528,E0672,2026-02-21,PRESENT,09:49:00,17:09:00,7.33,,
A000529,E0252,2026-05-03,PRESENT,08:33:00,16:39:00,8.1,,
A000530,E0300,2026-06-21,PRESENT,08:41:00,17:30:00,8.82,,
A000531,E0168,2026-04-03,PRESENT,09:13:00,17:32:00,8.32,,
A000532,E0709,2026-05-21,PRESENT,08:19:00,15:58:00,7.65,,
A000533,E0874,2026-01-01,WORK_FROM_HOME,09:15:00,17:45:00,6.7,,
A000534,E0513,2026-07-16,HALF_DAY,09:38:00,14:07:00,4.48,,
A000535,E0493,2026-06-21,PRESENT,08:21:00,16:52:00,8.52,,
A000536,E0362,2026-02-15,PRESENT,08:48:00,18:07:00,9.32,,
A000537,E0743,2026-01-05,WORK_FROM_HOME,08:00:00,18:15:00,8.36,,
A000538,E0535,2026-07-28,PRESENT,08:49:00,17:51:00,9.03,,
A000539,E0776,2026-06-11,PRESENT,09:27:00,18:06:00,8.65,,
A000540,E0443,2026-01-27,LATE,11:40:00,19:23:00,7.72,,
A000541,E0195,2026-06-08,PRESENT,10:30:00,17:47:00,7.28,,
A000542,E0763,2026-02-28,HALF_DAY,09:33:00,14:14:00,4.68,,
A000543,E0397,2026-03-24,PRESENT,08:50:00,16:00:00,7.17,,Doctor appointment
A000544,E0004,2026-05-27,PRESENT,09:35:00,18:01:00,8.43,,
A000545,E0858,2026-01-02,WORK_FROM_HOME,08:15:00,17:00:00,9.09,,
A000546,E0485,2026-05-07,PRESENT,10:21:00,18:48:00,8.45,,Training session
A000547,E0034,2026-07-21,HALF_DAY,09:10:00,13:11:00,4.02,,
A000548,E0842,2026-04-19,PRESENT,08:27:00,15:41:00,7.23,,
A000549,E0681,2026-02-05,PRESENT,09:37:00,17:16:00,7.65,,
A000550,E0871,2026-04-16,ON_LEAVE,,,,PATERNITY,
A000551,E0511,2026-03-20,ABSENT,,,,,
A000552,E0027,2026-03-14,PRESENT,08:23:00,15:58:00,7.58,,
A000553,E0618,2026-06-03,WORK_FROM_HOME,08:30:00,19:30:00,7.59,,
A000554,E0188,2026-05-28,PRESENT,08:20:00,16:19:00,7.98,,Approved remote work
A000555,E0862,2026-07-14,PRESENT,10:18:00,17:38:00,7.33,,
A000556,E0563,2026-05-28,WORK_FROM_HOME,10:30:00,17:45:00,8.14,,
A000557,E0042,2026-03-21,WORK_FROM_HOME,10:30:00,19:00:00,7.76,,
A000558,E0097,2026-05-31,PRESENT,10:02:00,17:12:00,7.17,,
A000559,E0370,2026-04-14,PRESENT,09:07:00,16:47:00,7.67,,
A000560,E0575,2026-07-23,PRESENT,09:25:00,17:08:00,7.72,,
A000561,E0941,2026-05-26,ABSENT,,,,,Training session
A000562,E0018,2026-05-01,PRESENT,08:32:00,16:15:00,7.72,,
A000563,E0842,2026-06-24,PRESENT,09:44:00,16:45:00,7.02,,
A000564,E0897,2026-03-11,PRESENT,08:48:00,17:54:00,9.1,,
A000565,E0061,2026-04-21,PRESENT,09:39:00,17:28:00,7.82,,
A000566,E0300,2026-03-30,PRESENT,09:45:00,19:13:00,9.47,,
A000567,E0256,2026-06-07,WORK_FROM_HOME,09:30:00,20:00:00,6.87,,
A000568,E0416,2026-06-01,PRESENT,09:04:00,16:36:00,7.53,,
A000569,E0834,2026-06-14,PRESENT,09:03:00,16:36:00,7.55,,
A000570,E0237,2026-03-05,ABSENT,,,,,
A000571,E0701,2026-04-12,PRESENT,08:55:00,17:05:00,8.17,,
A000572,E0589,2026-01-01,PRESENT,08:28:00,15:31:00,7.05,,
A000573,E0350,2026-02-22,PRESENT,08:37:00,16:08:00,7.52,,
A000574,E0333,2026-04-16,PRESENT,10:12:00,18:22:00,8.17,,
A000575,E0207,2026-06-12,PRESENT,09:39:00,18:09:00,8.5,,
A000576,E0682,2026-06-19,PRESENT,10:05:00,18:15:00,8.17,,
A000577,E0259,2026-01-01,PRESENT,08:40:00,15:55:00,7.25,,
A000578,E0854,2026-01-16,ABSENT,,,,,
A000579,E0209,2026-04-16,PRESENT,09:13:00,16:49:00,7.6,,
A000580,E0182,2026-04-20,LATE,11:01:00,19:16:00,8.25,,Traffic delay
A000581,E0357,2026-03-19,PRESENT,09:55:00,17:46:00,7.85,,
A000582,E0283,2026-05-03,WORK_FROM_HOME,09:15:00,20:15:00,7.31,,Doctor appointment
A000583,E0661,2026-05-05,PRESENT,10:21:00,19:31:00,9.17,,
A000584,E0149,2026-01-29,PRESENT,09:34:00,18:47:00,9.22,,
A000585,E0102,2026-03-11,WORK_FROM_HOME,09:45:00,17:00:00,8.05,,
A000586,E0907,2026-01-28,PRESENT,09:12:00,17:16:00,8.07,,
A000587,E0776,2026-06-21,WORK_FROM_HOME,10:15:00,20:00:00,9.07,,
A000588,E0021,2026-03-25,LATE,11:39:00,20:00:00,8.35,,
A000589,E0350,2026-01-01,PRESENT,08:47:00,16:14:00,7.45,,
A000590,E0739,2026-07-15,PRESENT,09:09:00,18:39:00,9.5,,
A000591,E0412,2026-06-21,HALF_DAY,09:47:00,14:29:00,4.7,,
A000592,E0099,2026-04-08,PRESENT,08:50:00,16:52:00,8.03,,
A000593,E0879,2026-03-28,PRESENT,09:01:00,18:17:00,9.27,,
A000594,E0234,2026-04-21,WORK_FROM_HOME,08:00:00,18:15:00,6.55,,
A000595,E0045,2026-02-22,PRESENT,10:16:00,17:34:00,7.3,,System issue
A000596,E0452,2026-07-03,PRESENT,08:54:00,16:49:00,7.92,,
A000597,E0038,2026-03-07,PRESENT,10:30:00,19:14:00,8.73,,
A000598,E0288,2026-06-14,PRESENT,09:55:00,17:48:00,7.88,,Doctor appointment
A000599,E0627,2026-01-31,PRESENT,09:04:00,18:21:00,9.28,,
A000600,E0961,2026-07-14,PRESENT,10:01:00,18:11:00,8.17,,
A000601,E0674,2026-07-13,PRESENT,08:01:00,17:06:00,9.08,,
A000602,E0222,2026-07-23,PRESENT,09:24:00,16:49:00,7.42,,System issue
A000603,E0235,2026-05-28,PRESENT,09:49:00,18:18:00,8.48,,
A000604,E0772,2026-04-26,PRESENT,08:42:00,15:48:00,7.1,,
A000605,E0643,2026-05-27,PRESENT,09:10:00,16:59:00,7.82,,
A000606,E0161,2026-03-01,ABSENT,,,,,
A000607,E0201,2026-07-31,PRESENT,08:33:00,16:48:00,8.25,,
A000608,E0678,2026-04-26,PRESENT,08:34:00,15:42:00,7.13,,Personal emergency
A000609,E0210,2026-04-04,PRESENT,09:16:00,18:06:00,8.83,,
A000610,E0065,2026-02-10,PRESENT,08:01:00,15:44:00,7.72,,
A000611,E0546,2026-02-14,PRESENT,09:47:00,17:14:00,7.45,,Doctor appointment
A000612,E0217,2026-01-19,PRESENT,08:27:00,17:18:00,8.85,,
A000613,E0833,2026-02-12,PRESENT,10:13:00,19:35:00,9.37,,
A000614,E0544,2026-06-01,WORK_FROM_HOME,09:45:00,18:15:00,9.25,,
A000615,E0436,2026-02-14,PRESENT,09:53:00,18:04:00,8.18,,
A000616,E0621,2026-02-24,WORK_FROM_HOME,08:15:00,20:30:00,8.89,,
A000617,E0549,2026-04-30,WORK_FROM_HOME,08:15:00,17:15:00,9.12,,
A000618,E0547,2026-01-29,PRESENT,09:41:00,19:09:00,9.47,,
A000619,E0837,2026-02-04,PRESENT,08:46:00,18:03:00,9.28,,
A000620,E0819,2026-02-02,PRESENT,08:12:00,17:22:00,9.17,,
A000621,E0557,2026-01-19,PRESENT,10:21:00,17:42:00,7.35,,
A000622,E0551,2026-01-24,PRESENT,09:25:00,18:45:00,9.33,,
A000623,E0183,2026-01-12,PRESENT,08:52:00,16:27:00,7.58,,
A000624,E0226,2026-06-28,PRESENT,10:12:00,17:49:00,7.62,,
A000625,E0074,2026-04-19,ABSENT,,,,,
A000626,E0756,2026-07-14,PRESENT,08:42:00,16:52:00,8.17,,
A000627,E0346,2026-01-08,PRESENT,08:02:00,15:08:00,7.1,,
A000628,E0708,2026-01-07,WORK_FROM_HOME,08:30:00,18:00:00,8.67,,Doctor appointment
A000629,E0493,2026-07-26,PRESENT,10:17:00,18:52:00,8.58,,Personal emergency
A000630,E0767,2026-06-04,PRESENT,08:38:00,17:08:00,8.5,,
A000631,E0689,2026-01-30,LATE,11:05:00,19:50:00,8.75,,
A000632,E0300,2026-03-08,PRESENT,10:19:00,17:56:00,7.62,,
A000633,E0591,2026-05-19,PRESENT,10:05:00,19:18:00,9.22,,
A000634,E0079,2026-02-08,PRESENT,09:13:00,18:21:00,9.13,,
A000635,E0044,2026-03-22,PRESENT,08:10:00,17:19:00,9.15,,
A000636,E0027,2026-01-12,PRESENT,08:00:00,16:06:00,8.1,,
A000637,E0387,2026-03-30,PRESENT,08:22:00,16:54:00,8.53,,
A000638,E0282,2026-05-16,PRESENT,09:36:00,19:00:00,9.4,,
A000639,E0423,2026-02-08,LATE,11:06:00,18:04:00,6.97,,
A000640,E0379,2026-06-19,PRESENT,09:19:00,17:02:00,7.72,,
A000641,E0385,2026-07-06,PRESENT,08:10:00,17:10:00,9.0,,Doctor appointment
A000642,E0247,2026-04-16,PRESENT,10:22:00,19:19:00,8.95,,
A000643,E0806,2026-01-05,LATE,11:40:00,20:22:00,8.7,,
A000644,E0877,2026-05-15,PRESENT,08:16:00,15:31:00,7.25,,
A000645,E0049,2026-02-01,WORK_FROM_HOME,10:00:00,17:30:00,7.26,,
A000646,E0265,2026-06-14,PRESENT,10:01:00,19:08:00,9.12,,
A000647,E0255,2026-05-13,PRESENT,08:48:00,18:03:00,9.25,,
A000648,E0410,2026-03-10,PRESENT,08:16:00,15:52:00,7.6,,
A000649,E0634,2026-06-23,PRESENT,08:43:00,17:56:00,9.22,,
A000650,E0686,2026-06-20,ABSENT,,,,,
A000651,E0163,2026-01-06,PRESENT,09:47:00,17:20:00,7.55,,
A000652,E0743,2026-05-16,PRESENT,08:26:00,16:45:00,8.32,,
A000653,E0258,2026-01-22,PRESENT,08:10:00,16:49:00,8.65,,
A000654,E0647,2026-04-10,PRESENT,09:35:00,17:49:00,8.23,,
A000655,E0044,2026-02-17,PRESENT,08:58:00,17:32:00,8.57,,
A000656,E0700,2026-02-17,PRESENT,08:05:00,15:26:00,7.35,,
A000657,E0316,2026-04-16,LATE,11:51:00,19:05:00,7.23,,
A000658,E0984,2026-07-28,PRESENT,08:05:00,16:02:00,7.95,,
A000659,E0378,2026-03-03,PRESENT,10:08:00,19:20:00,9.2,,
A000660,E0283,2026-03-26,ABSENT,,,,,
A000661,E0625,2026-08-01,PRESENT,09:27:00,16:36:00,7.15,,
A000662,E0655,2026-01-15,ON_LEAVE,,,,EARNED,
A000663,E0939,2026-02-25,PRESENT,09:30:00,17:19:00,7.82,,
A000664,E0264,2026-05-31,PRESENT,08:31:00,17:12:00,8.68,,
A000665,E0827,2026-02-06,LATE,10:12:00,16:36:00,6.4,,
A000666,E0466,2026-05-15,PRESENT,08:31:00,17:50:00,9.32,,Doctor appointment
A000667,E0247,2026-06-01,PRESENT,08:50:00,17:56:00,9.1,,
A000668,E0415,2026-06-14,PRESENT,08:57:00,16:07:00,7.17,,
A000669,E0876,2026-01-09,ABSENT,,,,,
A000670,E0941,2026-07-12,PRESENT,10:09:00,19:16:00,9.12,,
A000671,E0336,2026-04-10,PRESENT,10:08:00,18:52:00,8.73,,
A000672,E0738,2026-05-15,WORK_FROM_HOME,08:15:00,17:00:00,6.53,,
A000673,E0343,2026-07-19,PRESENT,10:20:00,17:52:00,7.53,,
A000674,E0537,2026-01-04,PRESENT,09:36:00,18:01:00,8.42,,
A000675,E0720,2026-05-08,PRESENT,09:12:00,16:42:00,7.5,,
A000676,E0930,2026-04-17,WORK_FROM_HOME,10:15:00,20:30:00,9.15,,
A000677,E0355,2026-02-04,WORK_FROM_HOME,10:00:00,17:30:00,6.73,,Approved remote work
A000678,E0232,2026-03-01,PRESENT,10:02:00,18:29:00,8.45,,
A000679,E0601,2026-02-05,LATE,10:53:00,17:42:00,6.82,,
A000680,E0741,2026-02-10,WORK_FROM_HOME,10:15:00,17:15:00,8.32,,
A000681,E0344,2026-03-28,PRESENT,08:23:00,16:28:00,8.08,,
A000682,E0713,2026-07-10,WORK_FROM_HOME,10:45:00,17:30:00,7.38,,
A000683,E0797,2026-07-22,PRESENT,10:06:00,18:47:00,8.68,,
A000684,E0990,2026-07-22,ABSENT,,,,,
A000685,E0099,2026-01-30,ABSENT,,,,,
A000686,E0867,2026-01-05,WORK_FROM_HOME,08:15:00,19:45:00,9.33,,
A000687,E0623,2026-01-23,LATE,11:38:00,17:44:00,6.1,,
A000688,E0702,2026-04-27,PRESENT,08:54:00,16:19:00,7.42,,
A000689,E0787,2026-02-25,PRESENT,09:27:00,17:58:00,8.52,,Traffic delay
A000690,E0522,2026-05-21,PRESENT,10:26:00,17:53:00,7.45,,
A000691,E0868,2026-05-05,PRESENT,10:23:00,17:59:00,7.6,,
A000692,E0538,2026-08-01,PRESENT,08:10:00,15:39:00,7.48,,
A000693,E0918,2026-05-22,PRESENT,10:15:00,19:09:00,8.9,,
A000694,E0351,2026-03-18,PRESENT,10:20:00,19:35:00,9.25,,
A000695,E0048,2026-02-24,PRESENT,09:35:00,17:06:00,7.52,,Personal emergency
A000696,E0380,2026-04-26,PRESENT,08:04:00,15:16:00,7.2,,
A000697,E0579,2026-05-29,ABSENT,,,,,
A000698,E0293,2026-05-27,PRESENT,08:04:00,16:59:00,8.92,,
A000699,E0597,2026-07-26,PRESENT,10:26:00,19:13:00,8.78,,
A000700,E0587,2026-07-26,PRESENT,09:15:00,18:36:00,9.35,,
A000701,E0778,2026-06-03,ABSENT,,,,,
A000702,E0780,2026-04-27,PRESENT,10:13:00,18:28:00,8.25,,
A000703,E0803,2026-04-04,PRESENT,10:25:00,18:28:00,8.05,,
A000704,E0579,2026-01-27,PRESENT,10:08:00,18:27:00,8.32,,
A000705,E0812,2026-02-19,WORK_FROM_HOME,08:15:00,18:30:00,9.17,,
A000706,E0795,2026-04-21,PRESENT,10:23:00,17:37:00,7.23,,
A000707,E0717,2026-01-06,ON_LEAVE,,,,MATERNITY,
A000708,E0656,2026-01-31,PRESENT,09:46:00,16:53:00,7.12,,
A000709,E0179,2026-07-11,PRESENT,10:23:00,18:21:00,7.97,,
A000710,E0226,2026-03-25,PRESENT,09:32:00,17:34:00,8.03,,
A000711,E0533,2026-02-05,PRESENT,10:23:00,17:27:00,7.07,,
A000712,E0292,2026-07-31,PRESENT,09:28:00,18:12:00,8.73,,
A000713,E0121,2026-02-06,WORK_FROM_HOME,09:30:00,17:15:00,8.2,,
A000714,E0782,2026-04-02,PRESENT,08:37:00,17:28:00,8.85,,
A000715,E0096,2026-07-20,PRESENT,10:26:00,19:02:00,8.6,,
A000716,E0646,2026-01-19,WORK_FROM_HOME,10:45:00,20:00:00,7.15,,
A000717,E0703,2026-02-07,LATE,11:44:00,19:59:00,8.25,,
A000718,E0345,2026-07-12,PRESENT,08:49:00,16:57:00,8.13,,
A000719,E0153,2026-03-03,PRESENT,09:19:00,18:29:00,9.17,,
A000720,E0921,2026-01-11,WORK_FROM_HOME,08:45:00,18:00:00,9.0,,Training session
A000721,E0527,2026-04-22,PRESENT,09:39:00,16:55:00,7.27,,
A000722,E0120,2026-07-15,PRESENT,08:51:00,16:10:00,7.32,,Doctor appointment
A000723,E0834,2026-06-06,PRESENT,08:06:00,15:18:00,7.2,,
A000724,E0385,2026-05-16,PRESENT,09:11:00,16:31:00,7.33,,
A000725,E0622,2026-01-19,WORK_FROM_HOME,09:45:00,18:15:00,7.46,,
A000726,E0973,2026-04-24,PRESENT,08:36:00,15:48:00,7.2,,
A000727,E0226,2026-06-13,PRESENT,08:04:00,17:10:00,9.1,,
A000728,E0614,2026-03-14,PRESENT,08:14:00,17:08:00,8.9,,
A000729,E0744,2026-04-14,LATE,10:53:00,19:44:00,8.85,,
A000730,E0141,2026-03-30,PRESENT,08:23:00,17:28:00,9.08,,
A000731,E0846,2026-05-02,WORK_FROM_HOME,08:00:00,19:00:00,9.27,,
A000732,E0537,2026-06-22,PRESENT,08:17:00,16:06:00,7.82,,
A000733,E0465,2026-03-01,PRESENT,08:33:00,16:53:00,8.33,,
A000734,E0953,2026-02-13,PRESENT,09:42:00,17:09:00,7.45,,
A000735,E0950,2026-01-21,PRESENT,08:52:00,16:34:00,7.7,,
A000736,E0081,2026-06-04,PRESENT,09:37:00,17:05:00,7.47,,
A000737,E0433,2026-03-02,HALF_DAY,09:55:00,14:05:00,4.17,,
A000738,E0508,2026-05-20,PRESENT,09:28:00,18:04:00,8.6,,
A000739,E0224,2026-04-25,PRESENT,10:19:00,18:34:00,8.25,,
A000740,E0607,2026-01-13,ABSENT,,,,,
A000741,E0593,2026-03-24,PRESENT,09:41:00,17:56:00,8.25,,
A000742,E0997,2026-07-29,PRESENT,09:10:00,17:22:00,8.2,,
A000743,E0243,2026-04-26,PRESENT,09:04:00,16:30:00,7.43,,
A000744,E0548,2026-01-28,WORK_FROM_HOME,10:45:00,18:15:00,9.22,,Training session
A000745,E0166,2026-06-13,PRESENT,10:05:00,19:35:00,9.5,,
A000746,E0187,2026-01-27,PRESENT,09:06:00,18:18:00,9.2,,
A000747,E0430,2026-02-13,PRESENT,09:27:00,18:32:00,9.08,,
A000748,E0704,2026-06-05,PRESENT,09:49:00,17:48:00,7.98,,
A000749,E0553,2026-03-04,WORK_FROM_HOME,08:30:00,20:00:00,9.04,,
A000750,E0587,2026-07-12,PRESENT,08:05:00,17:11:00,9.1,,
A000751,E0603,2026-05-20,ABSENT,,,,,
A000752,E0698,2026-01-31,PRESENT,08:15:00,16:58:00,8.72,,
A000753,E0509,2026-03-02,WORK_FROM_HOME,08:00:00,19:00:00,8.05,,
A000754,E0148,2026-01-22,PRESENT,08:43:00,16:29:00,7.77,,
A000755,E0358,2026-03-25,PRESENT,08:22:00,17:02:00,8.67,,
A000756,E0676,2026-04-04,PRESENT,09:25:00,18:43:00,9.3,,
A000757,E0960,2026-01-27,PRESENT,09:43:00,19:08:00,9.42,,
A000758,E0075,2026-05-14,PRESENT,08:44:00,16:02:00,7.3,,
A000759,E0143,2026-03-25,PRESENT,09:56:00,17:06:00,7.17,,
A000760,E0548,2026-07-17,PRESENT,09:00:00,17:50:00,8.83,,
A000761,E0555,2026-03-15,LATE,11:52:00,17:56:00,6.07,,
A000762,E0130,2026-01-10,WORK_FROM_HOME,10:15:00,20:30:00,8.9,,
A000763,E0299,2026-06-15,PRESENT,09:26:00,18:37:00,9.18,,
A000764,E0068,2026-06-15,PRESENT,09:28:00,18:23:00,8.92,,
A000765,E0520,2026-04-28,WORK_FROM_HOME,08:45:00,17:30:00,8.75,,
A000766,E0241,2026-05-20,PRESENT,09:39:00,18:41:00,9.03,,
A000767,E0788,2026-06-18,PRESENT,09:55:00,18:05:00,8.17,,
A000768,E0080,2026-06-07,PRESENT,09:58:00,19:04:00,9.1,,
A000769,E0505,2026-04-09,PRESENT,10:27:00,19:18:00,8.85,,
A000770,E0736,2026-02-09,HALF_DAY,08:46:00,12:56:00,4.17,,
A000771,E0201,2026-05-07,ON_LEAVE,,,,CASUAL,
A000772,E0545,2026-03-23,PRESENT,08:00:00,16:42:00,8.7,,
A000773,E0699,2026-06-10,LATE,10:48:00,17:01:00,6.22,,
A000774,E0905,2026-01-08,PRESENT,09:32:00,18:11:00,8.65,,
A000775,E0635,2026-03-26,PRESENT,10:25:00,17:34:00,7.15,,Client meeting
A000776,E0172,2026-03-13,WORK_FROM_HOME,10:30:00,19:30:00,7.03,,
A000777,E0957,2026-05-15,PRESENT,09:40:00,17:30:00,7.83,,
A000778,E0847,2026-07-28,PRESENT,08:47:00,16:50:00,8.05,,
A000779,E0137,2026-06-24,PRESENT,10:27:00,18:35:00,8.13,,
A000780,E0851,2026-02-26,WORK_FROM_HOME,10:00:00,19:45:00,7.08,,
A000781,E0082,2026-06-25,PRESENT,09:23:00,17:10:00,7.78,,
A000782,E0346,2026-07-04,ON_LEAVE,,,,MATERNITY,
A000783,E0968,2026-03-29,PRESENT,10:27:00,18:10:00,7.72,,
A000784,E0604,2026-02-26,WORK_FROM_HOME,10:30:00,17:15:00,7.17,,
A000785,E0963,2026-05-10,PRESENT,09:40:00,18:14:00,8.57,,
A000786,E0975,2026-06-15,PRESENT,09:07:00,17:45:00,8.63,,
A000787,E0573,2026-03-25,PRESENT,09:22:00,18:26:00,9.07,,
A000788,E0295,2026-07-31,PRESENT,08:01:00,15:50:00,7.82,,
A000789,E0639,2026-01-31,WORK_FROM_HOME,10:00:00,17:45:00,9.18,,
A000790,E0169,2026-01-13,PRESENT,09:25:00,18:53:00,9.47,,
A000791,E0813,2026-01-10,PRESENT,09:33:00,17:26:00,7.88,,
A000792,E0091,2026-03-25,PRESENT,08:27:00,16:50:00,8.38,,
A000793,E0208,2026-01-28,PRESENT,08:44:00,17:17:00,8.55,,
A000794,E0220,2026-07-29,PRESENT,10:14:00,17:38:00,7.4,,
A000795,E0437,2026-04-25,WORK_FROM_HOME,10:30:00,18:00:00,6.64,,
A000796,E0789,2026-07-22,PRESENT,09:30:00,17:15:00,7.75,,
A000797,E0631,2026-05-16,WORK_FROM_HOME,10:45:00,17:15:00,6.87,,
A000798,E0007,2026-03-11,PRESENT,09:00:00,18:11:00,9.18,,
A000799,E0878,2026-07-16,PRESENT,08:41:00,16:16:00,7.58,,
A000800,E0571,2026-07-27,WORK_FROM_HOME,09:00:00,19:45:00,8.83,,
A000801,E0461,2026-05-18,PRESENT,09:16:00,16:58:00,7.7,,
A000802,E0724,2026-03-28,PRESENT,09:11:00,18:29:00,9.3,,
A000803,E0751,2026-05-31,PRESENT,09:33:00,17:54:00,8.35,,
A000804,E0862,2026-06-07,PRESENT,10:08:00,17:40:00,7.53,,
A000805,E0630,2026-01-31,WORK_FROM_HOME,09:30:00,17:15:00,8.94,,
A000806,E0007,2026-01-11,PRESENT,09:18:00,17:53:00,8.58,,
A000807,E0601,2026-06-15,WORK_FROM_HOME,08:15:00,17:30:00,6.72,,
A000808,E0071,2026-02-23,PRESENT,09:27:00,18:30:00,9.05,,Doctor appointment
A000809,E0649,2026-06-12,PRESENT,08:46:00,16:11:00,7.42,,
A000810,E0292,2026-05-14,PRESENT,09:38:00,18:16:00,8.63,,
A000811,E0734,2026-05-06,PRESENT,08:56:00,17:44:00,8.8,,
A000812,E0653,2026-07-21,PRESENT,09:14:00,17:59:00,8.75,,
A000813,E0007,2026-02-03,PRESENT,10:11:00,17:53:00,7.7,,
A000814,E0295,2026-02-23,WORK_FROM_HOME,08:15:00,17:15:00,6.71,,
A000815,E0065,2026-02-02,PRESENT,08:36:00,15:37:00,7.02,,
A000816,E0640,2026-01-24,PRESENT,08:02:00,15:25:00,7.38,,
A000817,E0426,2026-03-09,PRESENT,08:52:00,18:13:00,9.35,,
A000818,E0025,2026-05-17,PRESENT,10:00:00,18:43:00,8.72,,
A000819,E0090,2026-06-20,PRESENT,08:46:00,17:15:00,8.48,,
A000820,E0329,2026-03-08,ABSENT,,,,,
A000821,E0643,2026-03-10,PRESENT,09:37:00,17:16:00,7.65,,
A000822,E0965,2026-01-09,PRESENT,08:23:00,17:33:00,9.17,,
A000823,E0876,2026-06-21,ABSENT,,,,,
A000824,E0674,2026-05-22,PRESENT,08:26:00,17:06:00,8.67,,Training session
A000825,E0187,2026-07-03,PRESENT,08:30:00,17:30:00,9.0,,
A000826,E0469,2026-06-25,PRESENT,09:53:00,17:48:00,7.92,,
A000827,E0672,2026-05-30,WORK_FROM_HOME,08:30:00,18:15:00,9.37,,
A000828,E0979,2026-05-26,WORK_FROM_HOME,09:15:00,17:45:00,7.14,,
A000829,E0674,2026-05-30,PRESENT,09:17:00,17:17:00,8.0,,
A000830,E0148,2026-03-02,WORK_FROM_HOME,09:15:00,18:30:00,7.48,,
A000831,E0316,2026-03-10,PRESENT,10:05:00,19:03:00,8.97,,
A000832,E0904,2026-05-07,PRESENT,09:40:00,17:54:00,8.23,,
A000833,E0021,2026-05-27,PRESENT,09:04:00,18:31:00,9.45,,
A000834,E0794,2026-05-08,PRESENT,08:29:00,16:15:00,7.77,,
A000835,E0619,2026-07-31,HALF_DAY,09:44:00,14:10:00,4.43,,System issue
A000836,E0179,2026-04-23,PRESENT,08:14:00,16:38:00,8.4,,
A000837,E0923,2026-06-02,PRESENT,10:14:00,19:21:00,9.12,,
A000838,E0220,2026-05-06,ABSENT,,,,,
A000839,E0142,2026-05-29,WORK_FROM_HOME,10:15:00,18:15:00,9.34,,Personal emergency
A000840,E0771,2026-01-26,PRESENT,09:33:00,18:14:00,8.68,,
A000841,E0744,2026-01-14,PRESENT,08:44:00,15:53:00,7.15,,
A000842,E0272,2026-07-14,PRESENT,09:59:00,19:11:00,9.2,,
A000843,E0885,2026-05-26,PRESENT,08:53:00,17:28:00,8.58,,
A000844,E0366,2026-02-17,PRESENT,10:16:00,18:56:00,8.67,,
A000845,E0818,2026-07-12,LATE,11:45:00,17:55:00,6.17,,
A000846,E0285,2026-03-19,PRESENT,09:39:00,16:59:00,7.33,,
A000847,E0876,2026-07-23,PRESENT,08:28:00,17:25:00,8.95,,Training session
A000848,E0893,2026-02-11,WORK_FROM_HOME,10:00:00,17:15:00,9.12,,
A000849,E0172,2026-07-19,WORK_FROM_HOME,10:30:00,17:00:00,9.33,,
A000850,E0490,2026-03-12,PRESENT,10:10:00,17:59:00,7.82,,Training session
A000851,E0202,2026-01-02,PRESENT,10:00:00,17:21:00,7.35,,
A000852,E0608,2026-05-08,PRESENT,08:29:00,16:06:00,7.62,,
A000853,E0649,2026-02-08,ABSENT,,,,,Doctor appointment
A000854,E0121,2026-06-25,WORK_FROM_HOME,09:45:00,18:00:00,9.38,,Training session
A000855,E0764,2026-06-22,PRESENT,08:28:00,17:05:00,8.62,,
A000856,E0133,2026-02-16,PRESENT,08:08:00,17:02:00,8.9,,
A000857,E0352,2026-06-19,ABSENT,,,,,
A000858,E0449,2026-03-05,PRESENT,08:54:00,16:03:00,7.15,,
A000859,E0198,2026-04-21,PRESENT,08:53:00,18:10:00,9.28,,Doctor appointment
A000860,E0467,2026-06-16,WORK_FROM_HOME,10:00:00,18:30:00,8.93,,
A000861,E0093,2026-03-14,PRESENT,10:22:00,19:03:00,8.68,,
A000862,E0144,2026-03-28,WORK_FROM_HOME,09:15:00,18:30:00,8.23,,
A000863,E0018,2026-07-30,PRESENT,09:33:00,18:02:00,8.48,,
A000864,E0860,2026-07-22,PRESENT,08:00:00,15:54:00,7.9,,
A000865,E0583,2026-06-02,PRESENT,10:29:00,19:36:00,9.12,,
A000866,E0795,2026-01-25,PRESENT,09:56:00,17:26:00,7.5,,
A000867,E0196,2026-04-19,WORK_FROM_HOME,10:30:00,20:30:00,8.15,,
A000868,E0134,2026-02-24,HALF_DAY,09:03:00,12:42:00,3.65,,
A000869,E0798,2026-02-09,PRESENT,10:03:00,17:16:00,7.22,,
A000870,E0371,2026-06-07,PRESENT,08:59:00,18:21:00,9.37,,
A000871,E0062,2026-02-12,PRESENT,08:15:00,17:08:00,8.88,,
A000872,E0988,2026-01-22,PRESENT,08:05:00,16:50:00,8.75,,
A000873,E0130,2026-03-14,PRESENT,08:27:00,16:54:00,8.45,,
A000874,E0976,2026-02-10,HALF_DAY,09:57:00,14:47:00,4.83,,
A000875,E0228,2026-06-29,ABSENT,,,,,
A000876,E0256,2026-01-16,PRESENT,09:32:00,18:15:00,8.72,,
A000877,E0578,2026-07-16,PRESENT,09:34:00,18:22:00,8.8,,
A000878,E0316,2026-06-09,PRESENT,09:53:00,18:22:00,8.48,,
A000879,E0436,2026-02-14,WORK_FROM_HOME,08:15:00,19:45:00,7.25,,
A000880,E0114,2026-01-12,PRESENT,08:30:00,17:41:00,9.18,,
A000881,E0213,2026-01-07,LATE,11:35:00,19:20:00,7.75,,
A000882,E0103,2026-04-26,PRESENT,08:23:00,17:28:00,9.08,,
A000883,E0529,2026-01-11,PRESENT,10:12:00,17:36:00,7.4,,
A000884,E0687,2026-04-04,PRESENT,08:37:00,15:44:00,7.12,,
A000885,E0111,2026-03-29,ABSENT,,,,,
A000886,E0201,2026-05-11,PRESENT,09:55:00,17:21:00,7.43,,
A000887,E0474,2026-07-02,PRESENT,08:20:00,15:32:00,7.2,,
A000888,E0295,2026-04-03,WORK_FROM_HOME,09:30:00,18:45:00,9.36,,
A000889,E0721,2026-02-20,PRESENT,10:24:00,19:15:00,8.85,,
A000890,E0545,2026-05-16,PRESENT,09:54:00,18:43:00,8.82,,
A000891,E0611,2026-03-06,PRESENT,08:52:00,16:22:00,7.5,,
A000892,E0342,2026-02-20,ON_LEAVE,,,,SICK,
A000893,E0161,2026-07-30,LATE,10:57:00,18:02:00,7.08,,
A000894,E0911,2026-04-11,PRESENT,08:38:00,15:58:00,7.33,,
A000895,E0066,2026-05-15,PRESENT,08:35:00,17:36:00,9.02,,Client meeting
A000896,E0273,2026-04-14,PRESENT,08:25:00,16:44:00,8.32,,
A000897,E0642,2026-05-31,PRESENT,08:17:00,15:46:00,7.48,,System issue
A000898,E0498,2026-06-20,PRESENT,09:04:00,16:13:00,7.15,,Personal emergency
A000899,E0269,2026-05-30,PRESENT,10:21:00,17:38:00,7.28,,
A000900,E0577,2026-07-13,PRESENT,09:09:00,18:35:00,9.43,,Doctor appointment
A000901,E0684,2026-07-01,PRESENT,08:44:00,15:54:00,7.17,,
A000902,E0624,2026-05-09,PRESENT,10:30:00,18:46:00,8.27,,
A000903,E0613,2026-07-30,PRESENT,09:41:00,18:56:00,9.25,,
A000904,E0655,2026-02-27,PRESENT,08:50:00,17:48:00,8.97,,
A000905,E0702,2026-01-31,LATE,10:49:00,19:23:00,8.57,,
A000906,E0300,2026-01-27,PRESENT,09:37:00,17:02:00,7.42,,
A000907,E0497,2026-03-15,WORK_FROM_HOME,10:30:00,18:15:00,7.96,,
A000908,E0781,2026-03-24,PRESENT,08:53:00,18:04:00,9.18,,
A000909,E0610,2026-03-16,PRESENT,08:29:00,17:23:00,8.9,,
A000910,E0069,2026-07-02,HALF_DAY,09:03:00,12:54:00,3.85,,
A000911,E0869,2026-06-19,PRESENT,08:54:00,17:53:00,8.98,,Traffic delay
A000912,E0840,2026-05-19,HALF_DAY,08:43:00,12:24:00,3.68,,
A000913,E0862,2026-02-10,PRESENT,08:07:00,16:13:00,8.1,,System issue
A000914,E0967,2026-07-24,PRESENT,09:34:00,19:00:00,9.43,,
A000915,E0517,2026-07-19,PRESENT,08:37:00,16:05:00,7.47,,Traffic delay
A000916,E0986,2026-01-06,ABSENT,,,,,
A000917,E0641,2026-05-31,WORK_FROM_HOME,10:00:00,17:45:00,9.28,,
A000918,E0312,2026-05-17,PRESENT,08:30:00,17:25:00,8.92,,
A000919,E0905,2026-04-02,PRESENT,08:59:00,18:25:00,9.43,,
A000920,E0996,2026-05-10,PRESENT,08:02:00,17:20:00,9.3,,
A000921,E0832,2026-01-07,PRESENT,08:11:00,16:58:00,8.78,,
A000922,E0485,2026-06-20,PRESENT,08:46:00,16:34:00,7.8,,
A000923,E0088,2026-03-18,PRESENT,08:23:00,15:44:00,7.35,,
A000924,E0524,2026-05-08,PRESENT,09:09:00,16:51:00,7.7,,
A000925,E0434,2026-05-24,WORK_FROM_HOME,10:45:00,20:00:00,6.95,,
A000926,E0603,2026-04-01,PRESENT,08:30:00,16:36:00,8.1,,
A000927,E0091,2026-07-22,PRESENT,08:28:00,16:58:00,8.5,,
A000928,E0507,2026-05-22,PRESENT,08:45:00,17:49:00,9.07,,
A000929,E0916,2026-07-26,PRESENT,10:22:00,18:19:00,7.95,,
A000930,E0387,2026-04-01,PRESENT,09:57:00,19:25:00,9.47,,
A000931,E0825,2026-06-18,PRESENT,09:41:00,17:27:00,7.77,,
A000932,E0047,2026-06-04,WORK_FROM_HOME,09:45:00,20:15:00,8.61,,
A000933,E0959,2026-06-06,PRESENT,09:08:00,18:03:00,8.92,,
A000934,E0156,2026-01-17,PRESENT,08:39:00,18:02:00,9.38,,
A000935,E0396,2026-02-06,PRESENT,09:31:00,18:59:00,9.47,,
A000936,E0846,2026-06-11,PRESENT,10:18:00,19:37:00,9.32,,
A000937,E0515,2026-05-27,WORK_FROM_HOME,09:45:00,18:00:00,8.84,,
A000938,E0141,2026-03-08,PRESENT,08:38:00,17:52:00,9.23,,
A000939,E0590,2026-01-18,PRESENT,08:16:00,15:38:00,7.37,,
A000940,E0220,2026-08-01,PRESENT,09:03:00,17:34:00,8.52,,
A000941,E0615,2026-06-13,LATE,11:46:00,18:38:00,6.87,,
A000942,E0111,2026-03-01,PRESENT,09:44:00,16:44:00,7.0,,
A000943,E0255,2026-01-12,WORK_FROM_HOME,10:00:00,20:30:00,7.46,,
A000944,E0718,2026-01-06,WORK_FROM_HOME,09:30:00,20:15:00,7.58,,
A000945,E0632,2026-01-25,PRESENT,08:08:00,15:57:00,7.82,,
A000946,E0281,2026-01-08,LATE,10:54:00,18:36:00,7.7,,
A000947,E0482,2026-07-13,ABSENT,,,,,
A000948,E0954,2026-07-11,PRESENT,10:12:00,17:44:00,7.53,,
A000949,E0609,2026-05-18,PRESENT,10:19:00,17:29:00,7.17,,
A000950,E0980,2026-07-06,PRESENT,09:42:00,18:40:00,8.97,,
A000951,E0149,2026-01-25,PRESENT,09:53:00,18:02:00,8.15,,
A000952,E0869,2026-01-27,LATE,11:48:00,19:11:00,7.38,,
A000953,E0942,2026-04-11,PRESENT,09:07:00,18:26:00,9.32,,
A000954,E0680,2026-05-18,PRESENT,09:03:00,18:31:00,9.47,,
A000955,E0634,2026-05-21,PRESENT,10:09:00,18:46:00,8.62,,
A000956,E0706,2026-01-24,PRESENT,10:30:00,18:36:00,8.1,,
A000957,E0823,2026-06-18,PRESENT,08:31:00,16:05:00,7.57,,
A000958,E0696,2026-02-16,PRESENT,10:02:00,18:34:00,8.53,,
A000959,E0952,2026-04-08,WORK_FROM_HOME,08:00:00,20:00:00,6.63,,
A000960,E0746,2026-01-16,PRESENT,10:17:00,19:39:00,9.37,,
A000961,E0213,2026-04-18,PRESENT,09:45:00,17:17:00,7.53,,System issue
A000962,E0267,2026-03-25,PRESENT,08:14:00,16:51:00,8.62,,
A000963,E0051,2026-01-07,PRESENT,10:26:00,18:43:00,8.28,,
A000964,E0306,2026-05-16,ON_LEAVE,,,,EARNED,
A000965,E0301,2026-04-07,ON_LEAVE,,,,EARNED,
A000966,E0759,2026-05-23,PRESENT,09:50:00,18:57:00,9.12,,
A000967,E0335,2026-07-22,PRESENT,08:41:00,15:44:00,7.05,,
A000968,E0954,2026-03-21,PRESENT,09:33:00,18:38:00,9.08,,
A000969,E0349,2026-05-18,WORK_FROM_HOME,09:30:00,18:15:00,8.21,,
A000970,E0825,2026-06-05,PRESENT,08:33:00,16:35:00,8.03,,
A000971,E0379,2026-03-08,LATE,11:53:00,19:30:00,7.62,,
A000972,E0875,2026-06-12,PRESENT,09:47:00,18:13:00,8.43,,
A000973,E0056,2026-01-28,PRESENT,09:25:00,17:53:00,8.47,,
A000974,E0055,2026-01-03,PRESENT,09:48:00,17:29:00,7.68,,
A000975,E0122,2026-02-14,PRESENT,08:46:00,17:41:00,8.92,,
A000976,E0903,2026-05-03,PRESENT,10:01:00,18:20:00,8.32,,
A000977,E0783,2026-03-22,PRESENT,09:39:00,16:46:00,7.12,,Doctor appointment
A000978,E0288,2026-07-01,ON_LEAVE,,,,CASUAL,
A000979,E0996,2026-05-09,LATE,10:33:00,18:49:00,8.27,,
A000980,E0655,2026-04-10,ON_LEAVE,,,,CASUAL,
A000981,E0550,2026-01-04,PRESENT,10:30:00,19:42:00,9.2,,
A000982,E0493,2026-07-02,PRESENT,10:23:00,17:55:00,7.53,,
A000983,E0082,2026-02-14,PRESENT,09:31:00,18:24:00,8.88,,
A000984,E0919,2026-01-04,WORK_FROM_HOME,08:45:00,19:15:00,7.32,,
A000985,E0436,2026-01-20,PRESENT,08:28:00,16:10:00,7.7,,System issue
A000986,E0258,2026-02-28,ABSENT,,,,,
A000987,E0351,2026-02-28,PRESENT,10:30:00,19:08:00,8.63,,
A000988,E0546,2026-01-13,PRESENT,09:29:00,17:12:00,7.72,,
A000989,E0272,2026-05-12,PRESENT,08:32:00,16:03:00,7.52,,
A000990,E0712,2026-07-12,PRESENT,09:23:00,17:27:00,8.07,,
A000991,E0771,2026-03-10,PRESENT,09:49:00,17:54:00,8.08,,
A000992,E0377,2026-03-15,PRESENT,09:26:00,17:03:00,7.62,,
A000993,E0866,2026-01-20,PRESENT,08:49:00,16:28:00,7.65,,
A000994,E0459,2026-03-15,LATE,11:19:00,19:24:00,8.08,,
A000995,E0636,2026-07-07,LATE,10:11:00,18:06:00,7.92,,
A000996,E0793,2026-04-12,LATE,10:32:00,19:22:00,8.83,,
A000997,E0657,2026-06-23,ABSENT,,,,,
A000998,E0032,2026-02-19,WORK_FROM_HOME,09:15:00,17:45:00,8.17,,
A000999,E0013,2026-06-17,PRESENT,08:17:00,16:56:00,8.65,,
A001000,E0847,2026-01-11,PRESENT,08:49:00,15:57:00,7.13,,
A001001,E0812,2026-02-28,PRESENT,10:19:00,19:27:00,9.13,,
A001002,E0274,2026-06-09,WORK_FROM_HOME,08:30:00,17:00:00,7.49,,
A001003,E0884,2026-06-29,LATE,11:35:00,18:01:00,6.43,,
A001004,E0733,2026-04-12,PRESENT,10:09:00,18:22:00,8.22,,
A001005,E0069,2026-04-19,PRESENT,08:44:00,16:55:00,8.18,,
A001006,E0939,2026-06-21,WORK_FROM_HOME,09:00:00,18:30:00,7.28,,
A001007,E0487,2026-06-04,PRESENT,09:55:00,19:16:00,9.35,,Personal emergency
A001008,E0703,2026-06-16,LATE,11:43:00,20:34:00,8.85,,
A001009,E0660,2026-06-02,PRESENT,10:17:00,19:13:00,8.93,,
A001010,E0525,2026-06-19,PRESENT,10:17:00,18:55:00,8.63,,
A001011,E0582,2026-05-29,PRESENT,10:30:00,19:45:00,9.25,,
A001012,E0159,2026-07-15,PRESENT,08:15:00,16:33:00,8.3,,
A001013,E0323,2026-05-04,PRESENT,08:34:00,17:36:00,9.03,,Training session
A001014,E0461,2026-06-24,PRESENT,09:36:00,17:35:00,7.98,,Client meeting
A001015,E0883,2026-07-06,ON_LEAVE,,,,PATERNITY,
A001016,E0391,2026-07-01,PRESENT,09:08:00,16:41:00,7.55,,
A001017,E0852,2026-05-23,PRESENT,09:55:00,17:36:00,7.68,,
A001018,E0244,2026-05-26,LATE,10:20:00,16:48:00,6.47,,
A001019,E0676,2026-05-21,PRESENT,09:40:00,17:20:00,7.67,,
A001020,E0581,2026-02-23,ON_LEAVE,,,,PATERNITY,
A001021,E0947,2026-01-13,ABSENT,,,,,
A001022,E0218,2026-02-12,PRESENT,08:11:00,15:40:00,7.48,,Doctor appointment
A001023,E0180,2026-01-01,PRESENT,10:13:00,18:51:00,8.63,,
A001024,E0389,2026-01-30,PRESENT,08:07:00,17:17:00,9.17,,
A001025,E0612,2026-06-21,WORK_FROM_HOME,10:45:00,20:00:00,9.26,,Client meeting
A001026,E0838,2026-03-17,PRESENT,09:38:00,17:01:00,7.38,,
A001027,E0940,2026-07-05,PRESENT,10:21:00,18:35:00,8.23,,
A001028,E0666,2026-03-04,PRESENT,08:21:00,17:51:00,9.5,,
A001029,E0049,2026-07-21,PRESENT,09:47:00,19:07:00,9.33,,
A001030,E0200,2026-03-22,PRESENT,10:30:00,18:50:00,8.33,,
A001031,E0810,2026-01-26,PRESENT,08:50:00,15:54:00,7.07,,
A001032,E0770,2026-04-14,WORK_FROM_HOME,09:30:00,20:45:00,6.51,,
A001033,E0340,2026-01-06,WORK_FROM_HOME,09:45:00,20:30:00,6.64,,Client meeting
A001034,E0927,2026-06-15,PRESENT,09:34:00,17:50:00,8.27,,
A001035,E0726,2026-01-24,ABSENT,,,,,
A001036,E0966,2026-02-27,ON_LEAVE,,,,CASUAL,
A001037,E0555,2026-03-24,PRESENT,09:08:00,18:08:00,9.0,,System issue
A001038,E0016,2026-04-05,LATE,11:38:00,18:27:00,6.82,,
A001039,E0562,2026-02-21,PRESENT,08:36:00,17:12:00,8.6,,
A001040,E0582,2026-05-25,PRESENT,08:40:00,17:19:00,8.65,,
A001041,E0804,2026-01-04,PRESENT,10:18:00,19:08:00,8.83,,
A001042,E0533,2026-06-12,PRESENT,10:00:00,19:15:00,9.25,,
A001043,E0677,2026-06-14,PRESENT,08:18:00,16:51:00,8.55,,Training session
A001044,E0606,2026-04-20,PRESENT,09:56:00,17:15:00,7.32,,
A001045,E0919,2026-04-07,PRESENT,09:00:00,16:32:00,7.53,,Client meeting
A001046,E0136,2026-04-21,WORK_FROM_HOME,09:45:00,18:45:00,8.79,,Client meeting
A001047,E0567,2026-01-02,LATE,11:55:00,20:21:00,8.43,,
A001048,E0143,2026-01-19,LATE,10:47:00,18:12:00,7.42,,
A001049,E0995,2026-01-31,PRESENT,09:56:00,18:10:00,8.23,,
A001050,E0688,2026-07-11,PRESENT,09:15:00,17:53:00,8.63,,
A001051,E0803,2026-01-20,PRESENT,10:21:00,17:58:00,7.62,,
A001052,E0624,2026-07-02,PRESENT,08:35:00,17:26:00,8.85,,
A001053,E0167,2026-02-06,PRESENT,10:02:00,18:27:00,8.42,,
A001054,E0077,2026-04-26,PRESENT,09:07:00,17:40:00,8.55,,
A001055,E0136,2026-01-27,HALF_DAY,09:14:00,14:11:00,4.95,,
A001056,E0498,2026-01-12,PRESENT,10:09:00,17:41:00,7.53,,System issue
A001057,E0145,2026-02-02,HALF_DAY,09:16:00,13:49:00,4.55,,
A001058,E0728,2026-05-28,PRESENT,08:12:00,15:28:00,7.27,,
A001059,E0225,2026-06-30,WORK_FROM_HOME,08:45:00,18:15:00,7.73,,
A001060,E0286,2026-05-01,ON_LEAVE,,,,PATERNITY,
A001061,E0574,2026-06-06,PRESENT,09:11:00,16:12:00,7.02,,Traffic delay
A001062,E0533,2026-06-16,WORK_FROM_HOME,08:15:00,19:45:00,8.95,,
A001063,E0140,2026-04-18,PRESENT,10:18:00,18:53:00,8.58,,Client meeting
A001064,E0061,2026-07-21,PRESENT,10:23:00,17:38:00,7.25,,System issue
A001065,E0381,2026-01-01,PRESENT,09:58:00,17:25:00,7.45,,
A001066,E0673,2026-01-23,PRESENT,09:49:00,17:09:00,7.33,,
A001067,E0045,2026-07-10,PRESENT,09:52:00,17:05:00,7.22,,
A001068,E0140,2026-02-21,PRESENT,09:58:00,17:16:00,7.3,,
A001069,E0608,2026-03-22,PRESENT,08:01:00,17:04:00,9.05,,
A001070,E0718,2026-08-01,ON_LEAVE,,,,CASUAL,
A001071,E0588,2026-07-21,PRESENT,09:23:00,17:38:00,8.25,,
A001072,E0662,2026-02-06,LATE,11:07:00,19:06:00,7.98,,
A001073,E0569,2026-05-27,PRESENT,09:45:00,18:13:00,8.47,,
A001074,E0264,2026-03-13,WORK_FROM_HOME,09:00:00,18:45:00,8.8,,
A001075,E0319,2026-07-27,PRESENT,08:54:00,16:12:00,7.3,,Approved remote work
A001076,E0047,2026-02-09,PRESENT,10:23:00,19:06:00,8.72,,
A001077,E0188,2026-01-18,PRESENT,09:15:00,17:09:00,7.9,,
A001078,E0803,2026-07-22,ABSENT,,,,,
A001079,E0537,2026-07-15,WORK_FROM_HOME,08:45:00,17:45:00,7.23,,
A001080,E0559,2026-04-22,PRESENT,09:49:00,18:43:00,8.9,,
A001081,E0562,2026-02-26,ON_LEAVE,,,,EARNED,
A001082,E0954,2026-05-19,PRESENT,10:20:00,18:37:00,8.28,,
A001083,E0326,2026-07-24,PRESENT,09:16:00,17:59:00,8.72,,
A001084,E0554,2026-01-13,PRESENT,08:13:00,17:07:00,8.9,,
A001085,E0950,2026-03-12,ABSENT,,,,,
A001086,E0460,2026-06-08,PRESENT,08:20:00,16:53:00,8.55,,
A001087,E0164,2026-02-22,PRESENT,08:02:00,15:10:00,7.13,,
A001088,E0342,2026-07-16,PRESENT,08:10:00,17:16:00,9.1,,
A001089,E0317,2026-07-07,PRESENT,08:26:00,16:25:00,7.98,,Client meeting
A001090,E0103,2026-04-29,LATE,10:50:00,17:14:00,6.4,,
A001091,E0704,2026-01-05,PRESENT,09:15:00,18:08:00,8.88,,
A001092,E0056,2026-06-25,ABSENT,,,,,
A001093,E0025,2026-04-14,ABSENT,,,,,
A001094,E0240,2026-03-22,LATE,12:00:00,19:08:00,7.13,,
A001095,E0086,2026-06-24,PRESENT,08:00:00,15:21:00,7.35,,
A001096,E0187,2026-04-23,WORK_FROM_HOME,10:30:00,17:00:00,8.85,,
A001097,E0428,2026-07-14,LATE,11:58:00,18:10:00,6.2,,Client meeting
A001098,E0346,2026-02-24,WORK_FROM_HOME,09:30:00,20:30:00,9.29,,Approved remote work
A001099,E0045,2026-05-07,PRESENT,09:53:00,17:41:00,7.8,,
A001100,E0475,2026-06-02,PRESENT,09:30:00,18:03:00,8.55,,
A001101,E0936,2026-03-01,PRESENT,08:16:00,15:28:00,7.2,,Traffic delay
A001102,E0295,2026-06-23,PRESENT,09:17:00,16:20:00,7.05,,
A001103,E0919,2026-05-29,PRESENT,09:11:00,17:40:00,8.48,,
A001104,E0033,2026-02-24,PRESENT,10:09:00,18:21:00,8.2,,System issue
A001105,E0308,2026-06-10,PRESENT,08:24:00,16:20:00,7.93,,
A001106,E0345,2026-06-07,PRESENT,08:44:00,18:03:00,9.32,,
A001107,E0779,2026-07-12,PRESENT,09:35:00,19:00:00,9.42,,
A001108,E0047,2026-04-03,PRESENT,08:08:00,15:23:00,7.25,,
A001109,E0499,2026-05-26,WORK_FROM_HOME,08:45:00,20:00:00,6.54,,Traffic delay
A001110,E0735,2026-04-23,PRESENT,08:11:00,16:12:00,8.02,,
A001111,E0513,2026-03-10,PRESENT,08:32:00,16:27:00,7.92,,
A001112,E0584,2026-03-15,PRESENT,09:35:00,17:32:00,7.95,,Traffic delay
A001113,E0503,2026-04-28,PRESENT,08:40:00,17:05:00,8.42,,
A001114,E0224,2026-02-11,PRESENT,08:02:00,15:20:00,7.3,,
A001115,E0389,2026-03-22,PRESENT,09:40:00,17:27:00,7.78,,
A001116,E0471,2026-05-18,PRESENT,10:29:00,17:44:00,7.25,,
A001117,E0678,2026-05-27,ABSENT,,,,,
A001118,E0809,2026-02-26,PRESENT,08:24:00,15:41:00,7.28,,Training session
A001119,E0033,2026-05-27,PRESENT,09:47:00,16:58:00,7.18,,
A001120,E0006,2026-06-13,LATE,11:10:00,19:32:00,8.37,,
A001121,E0523,2026-03-06,PRESENT,08:38:00,16:07:00,7.48,,Traffic delay
A001122,E0455,2026-02-26,LATE,11:19:00,17:20:00,6.02,,
A001123,E0695,2026-03-27,WORK_FROM_HOME,09:30:00,20:30:00,9.27,,
A001124,E0882,2026-02-17,PRESENT,09:48:00,18:07:00,8.32,,
A001125,E0048,2026-03-01,WORK_FROM_HOME,10:15:00,17:15:00,7.22,,
A001126,E0363,2026-05-14,PRESENT,09:05:00,18:03:00,8.97,,
A001127,E0912,2026-01-07,PRESENT,08:32:00,15:32:00,7.0,,
A001128,E0118,2026-01-24,LATE,11:48:00,18:29:00,6.68,,
A001129,E0770,2026-05-21,PRESENT,08:48:00,17:38:00,8.83,,
A001130,E0173,2026-01-26,PRESENT,08:43:00,16:00:00,7.28,,
A001131,E0933,2026-05-15,LATE,11:07:00,19:33:00,8.43,,
A001132,E0741,2026-01-02,PRESENT,10:24:00,17:48:00,7.4,,
A001133,E0792,2026-01-29,PRESENT,08:54:00,18:11:00,9.28,,
A001134,E0564,2026-05-21,PRESENT,10:30:00,18:50:00,8.33,,
A001135,E0475,2026-06-26,ON_LEAVE,,,,SICK,
A001136,E0097,2026-04-08,PRESENT,08:11:00,15:23:00,7.2,,
A001137,E0792,2026-03-28,WORK_FROM_HOME,10:15:00,17:45:00,7.94,,
A001138,E0159,2026-05-11,WORK_FROM_HOME,08:30:00,19:30:00,7.94,,
A001139,E0674,2026-01-25,ON_LEAVE,,,,SICK,
A001140,E0773,2026-05-03,PRESENT,08:13:00,15:58:00,7.75,,
A001141,E0630,2026-03-17,PRESENT,08:58:00,16:32:00,7.57,,
A001142,E0160,2026-01-16,PRESENT,09:11:00,17:22:00,8.18,,
A001143,E0286,2026-06-17,PRESENT,08:33:00,17:47:00,9.23,,
A001144,E0068,2026-04-18,ON_LEAVE,,,,EARNED,
A001145,E0728,2026-02-20,ABSENT,,,,,
A001146,E0754,2026-06-10,ABSENT,,,,,
A001147,E0650,2026-02-23,ON_LEAVE,,,,EARNED,
A001148,E0713,2026-02-08,PRESENT,08:33:00,16:06:00,7.55,,
A001149,E0510,2026-04-02,WORK_FROM_HOME,08:15:00,19:15:00,6.88,,Training session
A001150,E0778,2026-02-03,PRESENT,09:46:00,18:11:00,8.42,,
A001151,E0417,2026-03-06,PRESENT,08:00:00,15:14:00,7.23,,
A001152,E0813,2026-06-02,PRESENT,09:52:00,18:48:00,8.93,,
A001153,E0408,2026-05-30,PRESENT,10:17:00,18:14:00,7.95,,
A001154,E0073,2026-06-25,PRESENT,08:41:00,16:03:00,7.37,,
A001155,E0905,2026-07-28,PRESENT,08:18:00,17:18:00,9.0,,
A001156,E0886,2026-06-05,PRESENT,08:40:00,18:09:00,9.48,,
A001157,E0544,2026-02-25,PRESENT,08:07:00,16:14:00,8.12,,
A001158,E0989,2026-07-09,PRESENT,09:10:00,16:27:00,7.28,,
A001159,E0402,2026-02-11,PRESENT,08:20:00,16:11:00,7.85,,
A001160,E0430,2026-05-05,PRESENT,08:14:00,16:47:00,8.55,,
A001161,E0907,2026-04-05,WORK_FROM_HOME,09:45:00,17:45:00,7.75,,
A001162,E0404,2026-02-09,PRESENT,10:11:00,18:51:00,8.67,,
A001163,E0062,2026-03-19,PRESENT,09:05:00,17:21:00,8.27,,
A001164,E0452,2026-04-21,PRESENT,08:50:00,17:08:00,8.3,,
A001165,E0194,2026-07-03,PRESENT,09:46:00,18:14:00,8.47,,Personal emergency
A001166,E0620,2026-04-07,PRESENT,08:48:00,16:21:00,7.55,,
A001167,E0395,2026-02-04,PRESENT,08:30:00,15:52:00,7.37,,
A001168,E0151,2026-03-07,PRESENT,09:45:00,17:20:00,7.58,,
A001169,E0757,2026-03-29,WORK_FROM_HOME,09:30:00,18:00:00,8.16,,
A001170,E0871,2026-05-12,PRESENT,08:10:00,17:26:00,9.27,,
A001171,E0972,2026-06-02,WORK_FROM_HOME,10:45:00,18:15:00,8.35,,
A001172,E0930,2026-07-30,ABSENT,,,,,
A001173,E0585,2026-06-24,PRESENT,08:56:00,16:47:00,7.85,,
A001174,E0825,2026-03-03,WORK_FROM_HOME,09:45:00,18:30:00,8.66,,
A001175,E0374,2026-05-17,PRESENT,09:02:00,17:08:00,8.1,,
A001176,E0973,2026-07-28,PRESENT,09:01:00,16:20:00,7.32,,Training session
A001177,E0375,2026-06-21,PRESENT,09:43:00,16:50:00,7.12,,
A001178,E0737,2026-03-10,PRESENT,09:59:00,18:38:00,8.65,,
A001179,E0578,2026-06-22,PRESENT,09:24:00,18:20:00,8.93,,
A001180,E0730,2026-07-04,LATE,10:35:00,19:17:00,8.7,,
A001181,E0205,2026-04-03,WORK_FROM_HOME,10:45:00,19:45:00,7.81,,
A001182,E0746,2026-06-02,LATE,10:49:00,17:05:00,6.27,,
A001183,E0928,2026-03-13,PRESENT,08:45:00,17:12:00,8.45,,
A001184,E0023,2026-05-18,PRESENT,08:02:00,17:28:00,9.43,,
A001185,E0859,2026-06-08,WORK_FROM_HOME,08:30:00,18:45:00,7.42,,
A001186,E0331,2026-07-21,WORK_FROM_HOME,09:30:00,20:15:00,8.23,,Doctor appointment
A001187,E0014,2026-04-27,WORK_FROM_HOME,08:30:00,17:30:00,7.33,,
A001188,E0126,2026-07-28,PRESENT,09:07:00,18:26:00,9.32,,
A001189,E0254,2026-07-22,WORK_FROM_HOME,08:30:00,19:30:00,9.32,,
A001190,E0830,2026-01-15,PRESENT,09:45:00,17:41:00,7.93,,
A001191,E0469,2026-02-27,PRESENT,08:04:00,15:11:00,7.12,,
A001192,E0703,2026-07-07,PRESENT,10:15:00,18:46:00,8.52,,
A001193,E0146,2026-01-31,PRESENT,10:20:00,19:14:00,8.9,,System issue
A001194,E0288,2026-03-23,PRESENT,09:32:00,17:43:00,8.18,,
A001195,E0181,2026-04-21,WORK_FROM_HOME,09:30:00,19:45:00,8.02,,Traffic delay
A001196,E0199,2026-06-14,WORK_FROM_HOME,10:00:00,20:30:00,9.11,,
A001197,E0841,2026-02-07,PRESENT,09:53:00,18:51:00,8.97,,
A001198,E0592,2026-04-21,PRESENT,09:22:00,18:06:00,8.73,,
A001199,E0480,2026-01-01,PRESENT,08:15:00,15:26:00,7.18,,
A001200,E0645,2026-06-29,PRESENT,08:39:00,17:31:00,8.87,,
A001201,E0065,2026-01-07,WORK_FROM_HOME,10:00:00,17:00:00,7.6,,
A001202,E0496,2026-06-24,PRESENT,08:32:00,15:48:00,7.27,,
A001203,E0328,2026-04-29,PRESENT,08:49:00,16:19:00,7.5,,
A001204,E0619,2026-03-19,PRESENT,10:26:00,17:57:00,7.52,,
A001205,E0223,2026-07-15,PRESENT,08:22:00,17:28:00,9.1,,
A001206,E0931,2026-01-09,PRESENT,08:50:00,17:26:00,8.6,,
A001207,E0360,2026-07-01,PRESENT,09:40:00,17:25:00,7.75,,
A001208,E0028,2026-06-03,PRESENT,10:27:00,19:31:00,9.07,,
A001209,E0353,2026-02-02,ABSENT,,,,,
A001210,E0361,2026-07-31,WORK_FROM_HOME,08:15:00,18:15:00,8.48,,
A001211,E0710,2026-07-17,LATE,10:30:00,19:29:00,8.98,,
A001212,E0916,2026-05-14,PRESENT,08:44:00,15:44:00,7.0,,
A001213,E0874,2026-05-02,PRESENT,08:56:00,17:26:00,8.5,,
A001214,E0233,2026-04-19,PRESENT,10:09:00,18:38:00,8.48,,
A001215,E0481,2026-04-12,PRESENT,08:12:00,17:33:00,9.35,,
A001216,E0047,2026-05-11,PRESENT,10:07:00,17:37:00,7.5,,
A001217,E0827,2026-02-10,HALF_DAY,08:55:00,13:13:00,4.3,,Client meeting
A001218,E0504,2026-02-01,PRESENT,08:25:00,16:55:00,8.5,,
A001219,E0976,2026-07-30,ON_LEAVE,,,,SICK,
A001220,E0572,2026-06-23,PRESENT,08:46:00,16:08:00,7.37,,
A001221,E0505,2026-06-20,LATE,11:21:00,19:12:00,7.85,,
A001222,E0781,2026-03-09,PRESENT,09:06:00,17:49:00,8.72,,
A001223,E0333,2026-04-24,LATE,10:17:00,16:54:00,6.62,,
A001224,E0994,2026-02-25,ON_LEAVE,,,,SICK,
A001225,E0166,2026-07-02,PRESENT,08:27:00,16:41:00,8.23,,
A001226,E0158,2026-03-30,PRESENT,10:24:00,18:03:00,7.65,,
A001227,E0681,2026-06-25,PRESENT,08:47:00,16:32:00,7.75,,
A001228,E0363,2026-04-14,PRESENT,08:46:00,17:12:00,8.43,,
A001229,E0672,2026-01-13,WORK_FROM_HOME,10:45:00,18:00:00,7.23,,
A001230,E0118,2026-05-17,PRESENT,09:41:00,18:46:00,9.08,,
A001231,E0848,2026-03-02,PRESENT,09:20:00,17:18:00,7.97,,
A001232,E0973,2026-03-20,LATE,11:24:00,19:47:00,8.38,,
A001233,E0014,2026-06-18,PRESENT,09:38:00,17:22:00,7.73,,
A001234,E0059,2026-05-11,LATE,11:25:00,19:07:00,7.7,,
A001235,E0849,2026-07-04,PRESENT,09:33:00,18:11:00,8.63,,Personal emergency
A001236,E0284,2026-07-22,PRESENT,09:32:00,17:53:00,8.35,,
A001237,E0075,2026-07-24,PRESENT,08:17:00,16:51:00,8.57,,Personal emergency
A001238,E0275,2026-01-19,PRESENT,09:27:00,17:51:00,8.4,,
A001239,E0018,2026-05-26,WORK_FROM_HOME,10:45:00,18:30:00,6.77,,
A001240,E0509,2026-04-02,LATE,10:08:00,18:10:00,8.03,,
A001241,E0831,2026-02-05,PRESENT,08:43:00,17:34:00,8.85,,
A001242,E0683,2026-01-04,PRESENT,10:07:00,17:31:00,7.4,,
A001243,E0678,2026-01-23,PRESENT,08:18:00,16:09:00,7.85,,
A001244,E0770,2026-07-03,PRESENT,09:43:00,18:41:00,8.97,,
A001245,E0663,2026-04-27,PRESENT,10:24:00,19:37:00,9.22,,
A001246,E0076,2026-02-12,PRESENT,10:03:00,18:02:00,7.98,,System issue
A001247,E0789,2026-02-17,PRESENT,09:39:00,16:46:00,7.12,,
A001248,E0348,2026-06-28,PRESENT,10:15:00,19:31:00,9.27,,
A001249,E0665,2026-05-20,PRESENT,09:00:00,16:53:00,7.88,,
A001250,E0702,2026-05-27,WORK_FROM_HOME,09:15:00,17:00:00,8.59,,
A001251,E0392,2026-03-26,PRESENT,08:07:00,17:18:00,9.18,,
A001252,E0805,2026-05-29,PRESENT,08:46:00,16:45:00,7.98,,
A001253,E0047,2026-02-10,PRESENT,08:17:00,16:47:00,8.5,,
A001254,E0794,2026-03-31,PRESENT,09:36:00,17:45:00,8.15,,
A001255,E0577,2026-06-13,PRESENT,09:12:00,18:14:00,9.03,,Client meeting
A001256,E0002,2026-02-05,PRESENT,10:23:00,19:21:00,8.97,,
A001257,E0317,2026-05-20,PRESENT,09:51:00,18:58:00,9.12,,
A001258,E0587,2026-04-25,PRESENT,09:19:00,16:41:00,7.37,,
A001259,E0207,2026-04-09,WORK_FROM_HOME,08:30:00,19:00:00,7.78,,Doctor appointment
A001260,E0362,2026-03-22,PRESENT,10:00:00,17:50:00,7.83,,Personal emergency
A001261,E0396,2026-03-11,PRESENT,08:47:00,17:45:00,8.97,,
A001262,E0113,2026-06-12,PRESENT,09:31:00,17:06:00,7.58,,
A001263,E0390,2026-02-27,PRESENT,08:12:00,16:46:00,8.57,,
A001264,E0737,2026-01-03,PRESENT,09:29:00,16:57:00,7.47,,
A001265,E0165,2026-04-29,PRESENT,08:52:00,17:41:00,8.82,,
A001266,E0081,2026-03-22,PRESENT,10:14:00,19:37:00,9.38,,
A001267,E0782,2026-03-27,PRESENT,09:29:00,17:41:00,8.2,,
A001268,E0446,2026-03-05,PRESENT,09:24:00,17:31:00,8.12,,
A001269,E0965,2026-03-16,ABSENT,,,,,
A001270,E0264,2026-07-21,PRESENT,09:18:00,16:49:00,7.52,,
A001271,E0951,2026-06-04,PRESENT,09:02:00,17:08:00,8.1,,
A001272,E0462,2026-03-14,PRESENT,09:09:00,17:53:00,8.73,,
A001273,E0539,2026-07-14,PRESENT,10:23:00,18:06:00,7.72,,
A001274,E0049,2026-06-01,PRESENT,09:47:00,17:19:00,7.53,,
A001275,E0489,2026-07-05,WORK_FROM_HOME,10:30:00,17:15:00,9.46,,
A001276,E0991,2026-01-03,ON_LEAVE,,,,PATERNITY,
A001277,E0063,2026-06-26,PRESENT,10:02:00,17:13:00,7.18,,
A001278,E0309,2026-05-13,PRESENT,09:13:00,17:58:00,8.75,,
A001279,E0484,2026-07-24,PRESENT,08:32:00,15:41:00,7.15,,
A001280,E0044,2026-03-19,PRESENT,09:50:00,18:07:00,8.28,,
A001281,E0066,2026-02-07,ABSENT,,,,,
A001282,E0056,2026-07-30,PRESENT,09:31:00,16:58:00,7.45,,
A001283,E0118,2026-02-22,ABSENT,,,,,
A001284,E0880,2026-04-11,WORK_FROM_HOME,10:45:00,18:30:00,8.09,,
A001285,E0644,2026-06-23,HALF_DAY,08:30:00,13:11:00,4.68,,
A001286,E0995,2026-07-26,PRESENT,10:26:00,18:21:00,7.92,,
A001287,E0268,2026-06-30,PRESENT,09:16:00,17:04:00,7.8,,
A001288,E0336,2026-04-12,PRESENT,08:21:00,15:39:00,7.3,,
A001289,E0556,2026-05-21,PRESENT,08:52:00,17:07:00,8.25,,
A001290,E0196,2026-08-01,PRESENT,08:34:00,15:42:00,7.13,,
A001291,E0200,2026-03-21,PRESENT,08:46:00,16:53:00,8.12,,
A001292,E0672,2026-01-28,PRESENT,08:59:00,17:54:00,8.92,,
A001293,E0426,2026-05-10,ABSENT,,,,,
A001294,E0674,2026-04-12,LATE,11:10:00,17:17:00,6.12,,Training session
A001295,E0924,2026-06-16,PRESENT,08:36:00,18:01:00,9.42,,
A001296,E0391,2026-07-12,PRESENT,08:12:00,15:51:00,7.65,,
A001297,E0670,2026-01-23,PRESENT,10:04:00,18:56:00,8.87,,
A001298,E0066,2026-04-30,PRESENT,08:09:00,16:26:00,8.28,,
A001299,E0327,2026-01-15,PRESENT,10:17:00,18:50:00,8.55,,
A001300,E0168,2026-02-11,LATE,11:19:00,18:30:00,7.18,,
A001301,E0347,2026-02-16,PRESENT,09:26:00,17:06:00,7.67,,
A001302,E0137,2026-05-14,ON_LEAVE,,,,PATERNITY,
A001303,E0010,2026-02-04,PRESENT,09:24:00,18:06:00,8.7,,
A001304,E0111,2026-02-25,PRESENT,08:02:00,16:00:00,7.97,,Doctor appointment
A001305,E0260,2026-04-15,PRESENT,08:17:00,15:48:00,7.52,,
A001306,E0439,2026-07-20,PRESENT,08:02:00,16:54:00,8.87,,
A001307,E0146,2026-07-18,PRESENT,09:28:00,17:48:00,8.33,,
A001308,E0767,2026-01-15,PRESENT,09:34:00,17:27:00,7.88,,Doctor appointment
A001309,E0933,2026-03-01,ABSENT,,,,,
A001310,E0265,2026-07-28,PRESENT,09:00:00,16:07:00,7.12,,
A001311,E0734,2026-07-22,PRESENT,08:32:00,17:50:00,9.3,,
A001312,E0070,2026-07-24,PRESENT,08:04:00,15:27:00,7.38,,
A001313,E0167,2026-02-11,PRESENT,08:33:00,16:47:00,8.23,,Approved remote work
A001314,E0060,2026-04-23,LATE,11:33:00,19:18:00,7.75,,
A001315,E0266,2026-06-19,WORK_FROM_HOME,08:45:00,20:30:00,7.89,,
A001316,E0424,2026-01-28,PRESENT,08:46:00,16:53:00,8.12,,Approved remote work
A001317,E0656,2026-05-19,PRESENT,09:52:00,17:31:00,7.65,,
A001318,E0481,2026-06-11,PRESENT,10:09:00,17:25:00,7.27,,
A001319,E0325,2026-06-03,PRESENT,10:29:00,18:56:00,8.45,,
A001320,E0777,2026-05-17,PRESENT,09:05:00,18:14:00,9.15,,
A001321,E0151,2026-03-05,PRESENT,08:48:00,17:43:00,8.92,,
A001322,E0964,2026-01-20,LATE,10:13:00,16:46:00,6.55,,Client meeting
A001323,E0123,2026-05-16,PRESENT,10:11:00,17:21:00,7.17,,
A001324,E0355,2026-06-26,PRESENT,08:12:00,15:30:00,7.3,,
A001325,E0051,2026-07-31,PRESENT,08:09:00,16:06:00,7.95,,
A001326,E0361,2026-01-27,PRESENT,09:04:00,17:34:00,8.5,,
A001327,E0326,2026-07-08,WORK_FROM_HOME,09:00:00,18:15:00,8.79,,
A001328,E0505,2026-04-10,ABSENT,,,,,
A001329,E0571,2026-04-27,PRESENT,08:05:00,16:37:00,8.53,,
A001330,E0154,2026-02-06,PRESENT,08:45:00,17:21:00,8.6,,
A001331,E0702,2026-07-27,PRESENT,09:37:00,17:26:00,7.82,,
A001332,E0758,2026-07-08,PRESENT,10:18:00,18:08:00,7.83,,
A001333,E0297,2026-03-17,PRESENT,08:04:00,16:22:00,8.3,,
A001334,E0532,2026-05-08,PRESENT,10:28:00,18:52:00,8.4,,Traffic delay
A001335,E0022,2026-07-25,PRESENT,09:35:00,18:11:00,8.6,,
A001336,E0701,2026-03-31,PRESENT,09:20:00,17:08:00,7.8,,
A001337,E0459,2026-05-08,PRESENT,08:46:00,17:27:00,8.68,,
A001338,E0674,2026-02-23,PRESENT,09:21:00,18:07:00,8.77,,
A001339,E0190,2026-04-26,WORK_FROM_HOME,08:15:00,19:15:00,7.92,,Client meeting
A001340,E0908,2026-04-13,PRESENT,08:21:00,15:57:00,7.6,,
A001341,E0138,2026-01-08,PRESENT,10:26:00,18:06:00,7.67,,
A001342,E0293,2026-01-30,PRESENT,09:45:00,17:40:00,7.92,,System issue
A001343,E0326,2026-03-22,LATE,11:30:00,19:58:00,8.47,,
A001344,E0447,2026-03-04,PRESENT,08:39:00,17:23:00,8.73,,
A001345,E0638,2026-07-05,PRESENT,08:46:00,15:56:00,7.17,,
A001346,E0078,2026-03-27,PRESENT,10:11:00,17:17:00,7.1,,
A001347,E0565,2026-03-28,PRESENT,08:52:00,16:19:00,7.45,,
A001348,E0552,2026-07-14,WORK_FROM_HOME,10:15:00,18:00:00,6.63,,
A001349,E0086,2026-02-15,WORK_FROM_HOME,08:00:00,19:30:00,6.78,,
A001350,E0934,2026-01-29,ABSENT,,,,,
A001351,E0891,2026-04-22,PRESENT,10:17:00,19:24:00,9.12,,
A001352,E0306,2026-01-03,PRESENT,10:29:00,17:57:00,7.47,,
A001353,E0269,2026-05-23,PRESENT,09:39:00,17:58:00,8.32,,
A001354,E0769,2026-02-04,HALF_DAY,09:56:00,13:26:00,3.5,,Traffic delay
A001355,E0182,2026-05-26,WORK_FROM_HOME,09:45:00,20:15:00,9.25,,
A001356,E0534,2026-03-25,LATE,10:50:00,19:33:00,8.72,,
A001357,E0969,2026-04-13,ABSENT,,,,,
A001358,E0122,2026-06-02,PRESENT,08:33:00,16:28:00,7.92,,
A001359,E0185,2026-01-29,PRESENT,09:51:00,17:28:00,7.62,,
A001360,E0198,2026-02-16,PRESENT,08:16:00,15:27:00,7.18,,
A001361,E0627,2026-03-06,PRESENT,08:28:00,16:40:00,8.2,,
A001362,E0961,2026-05-11,WORK_FROM_HOME,10:00:00,17:45:00,8.21,,
A001363,E0458,2026-02-09,HALF_DAY,09:22:00,14:07:00,4.75,,
A001364,E0628,2026-03-13,PRESENT,10:14:00,17:38:00,7.4,,
A001365,E0527,2026-06-28,PRESENT,10:20:00,17:25:00,7.08,,Traffic delay
A001366,E0433,2026-04-15,PRESENT,08:43:00,15:43:00,7.0,,Approved remote work
A001367,E0959,2026-02-20,ABSENT,,,,,
A001368,E0199,2026-05-20,PRESENT,08:24:00,15:24:00,7.0,,
A001369,E0048,2026-03-25,LATE,10:35:00,17:37:00,7.03,,
A001370,E0921,2026-03-02,PRESENT,08:00:00,16:30:00,8.5,,
A001371,E0166,2026-04-17,HALF_DAY,09:48:00,13:39:00,3.85,,
A001372,E0579,2026-07-16,PRESENT,08:15:00,17:10:00,8.92,,
A001373,E0715,2026-04-21,PRESENT,09:57:00,18:48:00,8.85,,
A001374,E0879,2026-02-28,PRESENT,10:22:00,18:14:00,7.87,,
A001375,E0514,2026-06-06,WORK_FROM_HOME,08:15:00,20:45:00,8.52,,
A001376,E0086,2026-05-10,PRESENT,08:29:00,17:47:00,9.3,,
A001377,E0769,2026-07-31,LATE,10:23:00,18:04:00,7.68,,
A001378,E0254,2026-04-22,PRESENT,08:27:00,15:27:00,7.0,,
A001379,E0195,2026-02-09,PRESENT,08:40:00,16:31:00,7.85,,
A001380,E0735,2026-06-05,PRESENT,10:18:00,19:28:00,9.17,,
A001381,E0230,2026-03-31,WORK_FROM_HOME,10:00:00,20:30:00,7.88,,
A001382,E0783,2026-07-08,WORK_FROM_HOME,09:45:00,20:00:00,6.56,,
A001383,E0433,2026-07-13,PRESENT,09:34:00,19:02:00,9.47,,
A001384,E0651,2026-05-18,PRESENT,09:08:00,17:11:00,8.05,,
A001385,E0637,2026-02-02,PRESENT,09:53:00,18:37:00,8.73,,System issue
A001386,E0712,2026-01-29,PRESENT,09:47:00,19:15:00,9.47,,
A001387,E0659,2026-03-05,PRESENT,09:16:00,17:45:00,8.48,,
A001388,E0183,2026-07-08,PRESENT,08:38:00,17:18:00,8.67,,
A001389,E0713,2026-07-30,PRESENT,09:38:00,17:21:00,7.72,,
A001390,E0363,2026-05-28,HALF_DAY,08:47:00,12:58:00,4.18,,
A001391,E0316,2026-06-07,PRESENT,10:24:00,18:05:00,7.68,,
A001392,E0229,2026-06-04,PRESENT,09:51:00,16:53:00,7.03,,
A001393,E0756,2026-03-18,WORK_FROM_HOME,10:00:00,20:30:00,8.24,,
A001394,E0147,2026-07-15,PRESENT,09:48:00,18:05:00,8.28,,Traffic delay
A001395,E0588,2026-06-08,PRESENT,08:05:00,17:28:00,9.38,,Training session
A001396,E0610,2026-04-28,PRESENT,10:07:00,18:12:00,8.08,,
A001397,E0703,2026-06-08,WORK_FROM_HOME,09:00:00,18:30:00,7.35,,Traffic delay
A001398,E0249,2026-03-15,HALF_DAY,09:36:00,14:26:00,4.83,,
A001399,E0409,2026-07-07,PRESENT,10:16:00,17:43:00,7.45,,
A001400,E0300,2026-07-18,PRESENT,08:07:00,16:14:00,8.12,,
A001401,E0011,2026-07-22,PRESENT,10:11:00,18:51:00,8.67,,
A001402,E0335,2026-02-13,PRESENT,08:08:00,15:49:00,7.68,,
A001403,E0985,2026-04-28,PRESENT,09:42:00,17:56:00,8.23,,
A001404,E0924,2026-01-16,PRESENT,10:19:00,18:04:00,7.75,,
A001405,E0854,2026-03-06,PRESENT,08:26:00,16:22:00,7.93,,System issue
A001406,E0587,2026-05-23,PRESENT,08:10:00,16:34:00,8.4,,
A001407,E0683,2026-07-28,PRESENT,09:00:00,18:01:00,9.02,,
A001408,E0876,2026-07-10,ON_LEAVE,,,,PATERNITY,
A001409,E0887,2026-03-02,PRESENT,09:54:00,18:28:00,8.57,,
A001410,E0049,2026-01-01,PRESENT,09:28:00,18:07:00,8.65,,
A001411,E0413,2026-01-27,PRESENT,09:31:00,17:23:00,7.87,,Approved remote work
A001412,E0397,2026-03-16,PRESENT,09:06:00,18:30:00,9.4,,
A001413,E0449,2026-05-19,PRESENT,09:15:00,18:05:00,8.83,,
A001414,E0054,2026-05-09,LATE,11:57:00,18:01:00,6.07,,
A001415,E0544,2026-05-01,PRESENT,08:08:00,15:15:00,7.12,,Training session
A001416,E0209,2026-04-20,PRESENT,08:31:00,15:43:00,7.2,,
A001417,E0941,2026-03-17,PRESENT,09:04:00,16:37:00,7.55,,
A001418,E0961,2026-01-12,PRESENT,09:10:00,17:37:00,8.45,,
A001419,E0573,2026-04-13,LATE,10:48:00,17:30:00,6.7,,
A001420,E0040,2026-04-07,PRESENT,08:32:00,16:01:00,7.48,,
A001421,E0353,2026-06-06,PRESENT,10:02:00,17:37:00,7.58,,
A001422,E0436,2026-07-16,PRESENT,08:46:00,16:17:00,7.52,,
A001423,E0340,2026-03-02,PRESENT,09:15:00,18:07:00,8.87,,
A001424,E0265,2026-05-08,PRESENT,09:39:00,17:56:00,8.28,,
A001425,E0702,2026-07-21,PRESENT,08:57:00,17:48:00,8.85,,
A001426,E0099,2026-07-30,LATE,11:09:00,18:06:00,6.95,,
A001427,E0501,2026-08-01,PRESENT,08:35:00,16:48:00,8.22,,
A001428,E0357,2026-02-25,PRESENT,08:14:00,15:14:00,7.0,,
A001429,E0404,2026-02-02,PRESENT,08:23:00,15:40:00,7.28,,
A001430,E0798,2026-05-01,PRESENT,08:36:00,17:34:00,8.97,,
A001431,E0436,2026-07-17,PRESENT,10:19:00,18:22:00,8.05,,
A001432,E0570,2026-03-24,ABSENT,,,,,
A001433,E0333,2026-02-13,PRESENT,09:18:00,17:01:00,7.72,,
A001434,E0355,2026-02-05,ABSENT,,,,,
A001435,E0416,2026-01-30,ON_LEAVE,,,,EARNED,
A001436,E0630,2026-01-22,PRESENT,08:14:00,16:40:00,8.43,,
A001437,E0542,2026-06-13,PRESENT,09:18:00,16:41:00,7.38,,
A001438,E0466,2026-03-20,PRESENT,08:58:00,17:31:00,8.55,,
A001439,E0366,2026-07-17,PRESENT,09:52:00,19:07:00,9.25,,
A001440,E0874,2026-07-07,PRESENT,09:58:00,17:28:00,7.5,,
A001441,E0308,2026-06-29,LATE,11:14:00,19:11:00,7.95,,
A001442,E0297,2026-06-04,PRESENT,09:25:00,17:24:00,7.98,,
A001443,E0548,2026-01-08,PRESENT,08:31:00,17:46:00,9.25,,
A001444,E0086,2026-07-21,PRESENT,08:51:00,16:52:00,8.02,,
A001445,E0534,2026-06-03,ON_LEAVE,,,,MATERNITY,
A001446,E0526,2026-05-02,PRESENT,08:44:00,18:06:00,9.37,,Training session
A001447,E0179,2026-05-03,PRESENT,08:50:00,15:52:00,7.03,,
A001448,E0569,2026-04-22,PRESENT,08:16:00,16:36:00,8.33,,
A001449,E0456,2026-06-27,PRESENT,09:23:00,17:17:00,7.9,,
A001450,E0747,2026-02-27,PRESENT,10:11:00,17:23:00,7.2,,System issue
A001451,E0885,2026-01-28,PRESENT,10:02:00,17:50:00,7.8,,
A001452,E0891,2026-04-08,PRESENT,10:02:00,18:55:00,8.88,,
A001453,E0956,2026-02-11,PRESENT,09:41:00,19:11:00,9.5,,
A001454,E0318,2026-02-27,PRESENT,09:41:00,17:15:00,7.57,,
A001455,E0590,2026-03-07,WORK_FROM_HOME,09:30:00,19:00:00,8.39,,
A001456,E0589,2026-05-30,LATE,11:29:00,17:38:00,6.15,,System issue
A001457,E0610,2026-05-22,PRESENT,08:58:00,18:25:00,9.45,,Doctor appointment
A001458,E0853,2026-06-25,ABSENT,,,,,
A001459,E0722,2026-01-22,PRESENT,09:44:00,18:57:00,9.22,,
A001460,E0295,2026-02-13,PRESENT,09:39:00,17:49:00,8.17,,
A001461,E0527,2026-07-18,PRESENT,09:57:00,19:26:00,9.48,,
A001462,E0175,2026-05-24,WORK_FROM_HOME,09:30:00,19:15:00,7.61,,
A001463,E0760,2026-01-29,HALF_DAY,08:36:00,12:28:00,3.87,,
A001464,E0452,2026-07-10,PRESENT,10:17:00,17:35:00,7.3,,
A001465,E0307,2026-05-16,PRESENT,09:55:00,17:15:00,7.33,,
A001466,E0949,2026-03-26,LATE,11:08:00,18:24:00,7.27,,
A001467,E0269,2026-03-26,LATE,11:42:00,18:50:00,7.13,,
A001468,E0212,2026-04-19,PRESENT,08:40:00,17:53:00,9.22,,
A001469,E0536,2026-01-27,PRESENT,08:55:00,16:02:00,7.12,,
A001470,E0515,2026-03-29,LATE,11:49:00,20:06:00,8.28,,Client meeting
A001471,E0592,2026-03-04,PRESENT,10:05:00,19:22:00,9.28,,Approved remote work
A001472,E0591,2026-01-03,WORK_FROM_HOME,10:15:00,17:45:00,6.57,,
A001473,E0049,2026-04-05,PRESENT,10:23:00,19:11:00,8.8,,
A001474,E0600,2026-02-23,PRESENT,09:35:00,16:57:00,7.37,,
A001475,E0673,2026-03-22,ABSENT,,,,,
A001476,E0022,2026-07-13,ABSENT,,,,,
A001477,E0013,2026-07-16,HALF_DAY,09:10:00,13:04:00,3.9,,
A001478,E0405,2026-01-06,ABSENT,,,,,
A001479,E0590,2026-03-03,LATE,10:11:00,16:13:00,6.03,,
A001480,E0879,2026-05-17,PRESENT,10:26:00,19:27:00,9.02,,
A001481,E0662,2026-03-22,PRESENT,09:02:00,17:51:00,8.82,,Client meeting
A001482,E0707,2026-05-16,PRESENT,10:16:00,17:41:00,7.42,,
A001483,E0735,2026-02-01,PRESENT,09:23:00,16:38:00,7.25,,
A001484,E0307,2026-02-24,ABSENT,,,,,
A001485,E0072,2026-03-29,WORK_FROM_HOME,10:45:00,18:45:00,8.89,,
A001486,E0144,2026-04-23,PRESENT,09:29:00,18:39:00,9.17,,
A001487,E0411,2026-05-26,PRESENT,09:30:00,17:31:00,8.02,,
A001488,E0062,2026-06-30,PRESENT,09:25:00,18:44:00,9.32,,
A001489,E0895,2026-07-12,HALF_DAY,09:25:00,13:06:00,3.68,,
A001490,E0979,2026-03-16,PRESENT,09:03:00,16:25:00,7.37,,
A001491,E0882,2026-04-09,HALF_DAY,09:00:00,13:44:00,4.73,,
A001492,E0191,2026-04-02,PRESENT,08:29:00,15:54:00,7.42,,
A001493,E0253,2026-04-11,WORK_FROM_HOME,10:15:00,18:45:00,8.34,,
A001494,E0468,2026-01-08,WORK_FROM_HOME,09:45:00,20:00:00,8.13,,
A001495,E0256,2026-03-17,PRESENT,08:21:00,16:57:00,8.6,,
A001496,E0263,2026-01-18,LATE,11:28:00,19:13:00,7.75,,Client meeting
A001497,E0639,2026-06-28,PRESENT,09:22:00,17:14:00,7.87,,
A001498,E0894,2026-07-29,PRESENT,09:16:00,18:00:00,8.73,,
A001499,E0044,2026-04-06,WORK_FROM_HOME,10:00:00,18:45:00,6.61,,
A001500,E0009,2026-03-09,PRESENT,09:47:00,17:40:00,7.88,,
A001501,E0957,2026-05-11,WORK_FROM_HOME,09:30:00,20:00:00,7.29,,
A001502,E0593,2026-02-28,PRESENT,08:54:00,15:59:00,7.08,,
A001503,E0589,2026-07-24,PRESENT,10:06:00,18:48:00,8.7,,
A001504,E0775,2026-06-18,WORK_FROM_HOME,10:00:00,18:15:00,8.38,,
A001505,E0782,2026-03-13,WORK_FROM_HOME,09:30:00,19:00:00,8.03,,
A001506,E0243,2026-08-01,HALF_DAY,09:12:00,13:50:00,4.63,,
A001507,E0465,2026-02-04,HALF_DAY,08:45:00,13:13:00,4.47,,
A001508,E0202,2026-01-06,PRESENT,09:48:00,19:09:00,9.35,,
A001509,E0123,2026-07-21,PRESENT,09:38:00,17:47:00,8.15,,
A001510,E0785,2026-08-01,PRESENT,09:18:00,17:11:00,7.88,,
A001511,E0779,2026-05-14,WORK_FROM_HOME,08:45:00,20:30:00,8.02,,
A001512,E0228,2026-07-07,PRESENT,09:43:00,17:55:00,8.2,,
A001513,E0461,2026-01-04,HALF_DAY,08:42:00,12:41:00,3.98,,
A001514,E0620,2026-01-04,PRESENT,08:28:00,16:57:00,8.48,,
A001515,E0846,2026-06-13,WORK_FROM_HOME,08:15:00,20:15:00,9.41,,
A001516,E0807,2026-02-12,WORK_FROM_HOME,08:15:00,18:00:00,9.27,,
A001517,E0742,2026-06-17,PRESENT,09:58:00,17:32:00,7.57,,Training session
A001518,E0287,2026-01-17,PRESENT,10:06:00,18:15:00,8.15,,Doctor appointment
A001519,E0164,2026-03-11,PRESENT,09:01:00,18:22:00,9.35,,
A001520,E0061,2026-06-09,PRESENT,09:19:00,16:44:00,7.42,,
A001521,E0946,2026-02-06,PRESENT,09:10:00,18:29:00,9.32,,
A001522,E0029,2026-05-31,ABSENT,,,,,
A001523,E0155,2026-07-10,PRESENT,09:05:00,18:32:00,9.45,,
A001524,E0188,2026-02-15,PRESENT,10:06:00,18:22:00,8.27,,
A001525,E0190,2026-03-16,PRESENT,08:54:00,16:38:00,7.73,,
A001526,E0111,2026-05-17,HALF_DAY,08:36:00,12:10:00,3.57,,
A001527,E0392,2026-05-15,PRESENT,09:37:00,17:32:00,7.92,,Client meeting
A001528,E0153,2026-05-20,PRESENT,08:43:00,15:57:00,7.23,,
A001529,E0156,2026-07-19,PRESENT,09:25:00,17:25:00,8.0,,
A001530,E0822,2026-04-17,ABSENT,,,,,Approved remote work
A001531,E0202,2026-04-15,WORK_FROM_HOME,08:30:00,20:45:00,8.25,,
A001532,E0031,2026-01-16,PRESENT,09:02:00,16:36:00,7.57,,
A001533,E0818,2026-05-25,WORK_FROM_HOME,09:15:00,20:00:00,6.58,,
A001534,E0798,2026-01-09,PRESENT,08:43:00,16:24:00,7.68,,Doctor appointment
A001535,E0554,2026-07-28,PRESENT,08:10:00,17:20:00,9.17,,
A001536,E0078,2026-06-17,PRESENT,08:36:00,16:23:00,7.78,,Training session
A001537,E0844,2026-03-06,PRESENT,09:11:00,17:55:00,8.73,,
A001538,E0508,2026-01-29,PRESENT,10:20:00,17:37:00,7.28,,
A001539,E0007,2026-04-27,PRESENT,09:02:00,17:46:00,8.73,,Doctor appointment
A001540,E0845,2026-02-27,LATE,10:38:00,17:11:00,6.55,,
A001541,E0148,2026-01-24,PRESENT,08:03:00,15:39:00,7.6,,
A001542,E0220,2026-05-31,PRESENT,08:21:00,15:57:00,7.6,,
A001543,E0936,2026-06-20,ABSENT,,,,,
A001544,E0313,2026-07-09,HALF_DAY,09:30:00,13:23:00,3.88,,
A001545,E0024,2026-02-23,PRESENT,09:47:00,18:17:00,8.5,,
A001546,E0231,2026-02-03,PRESENT,08:20:00,17:19:00,8.98,,
A001547,E0308,2026-07-04,PRESENT,08:34:00,16:43:00,8.15,,
A001548,E0848,2026-06-27,PRESENT,10:18:00,18:47:00,8.48,,Client meeting
A001549,E0135,2026-01-28,PRESENT,08:28:00,16:49:00,8.35,,
A001550,E0550,2026-05-29,WORK_FROM_HOME,09:45:00,19:45:00,6.77,,
A001551,E0570,2026-04-20,LATE,11:57:00,20:08:00,8.18,,
A001552,E0130,2026-02-24,PRESENT,08:15:00,15:17:00,7.03,,
A001553,E0276,2026-03-21,PRESENT,08:06:00,17:16:00,9.17,,
A001554,E0449,2026-07-30,PRESENT,08:22:00,17:46:00,9.4,,Client meeting
A001555,E0503,2026-03-16,PRESENT,10:25:00,17:58:00,7.55,,Approved remote work
A001556,E0045,2026-01-13,PRESENT,10:15:00,18:06:00,7.85,,
A001557,E0986,2026-07-06,PRESENT,08:50:00,17:13:00,8.38,,
A001558,E0286,2026-05-19,PRESENT,09:51:00,18:00:00,8.15,,
A001559,E0974,2026-01-11,PRESENT,08:30:00,16:27:00,7.95,,
A001560,E0541,2026-04-16,PRESENT,09:50:00,17:37:00,7.78,,
A001561,E0877,2026-01-03,PRESENT,08:42:00,16:33:00,7.85,,
A001562,E0504,2026-06-25,WORK_FROM_HOME,08:30:00,19:00:00,6.95,,
A001563,E0780,2026-02-25,PRESENT,08:05:00,15:09:00,7.07,,
A001564,E0386,2026-03-05,LATE,11:36:00,19:19:00,7.72,,
A001565,E0608,2026-01-29,PRESENT,08:00:00,17:12:00,9.2,,
A001566,E0787,2026-07-19,PRESENT,08:23:00,15:54:00,7.52,,
A001567,E0416,2026-07-24,PRESENT,10:28:00,17:51:00,7.38,,
A001568,E0772,2026-07-09,PRESENT,09:00:00,16:35:00,7.58,,
A001569,E0207,2026-04-27,ABSENT,,,,,
A001570,E0545,2026-07-17,PRESENT,09:57:00,17:08:00,7.18,,
A001571,E0555,2026-07-23,ABSENT,,,,,
A001572,E0863,2026-01-22,WORK_FROM_HOME,10:45:00,20:30:00,9.1,,
A001573,E0042,2026-01-13,PRESENT,10:30:00,19:41:00,9.18,,
A001574,E0225,2026-03-05,PRESENT,08:24:00,16:26:00,8.03,,
A001575,E0085,2026-01-25,PRESENT,08:21:00,16:42:00,8.35,,System issue
A001576,E0569,2026-06-15,PRESENT,09:06:00,17:30:00,8.4,,
A001577,E0778,2026-05-27,WORK_FROM_HOME,08:15:00,19:00:00,7.43,,Doctor appointment
A001578,E0332,2026-07-15,PRESENT,09:45:00,18:30:00,8.75,,Approved remote work
A001579,E0385,2026-05-28,PRESENT,09:04:00,17:16:00,8.2,,
A001580,E0721,2026-03-11,WORK_FROM_HOME,08:00:00,17:00:00,7.8,,
A001581,E0274,2026-06-14,ABSENT,,,,,
A001582,E0724,2026-07-17,PRESENT,08:23:00,17:32:00,9.15,,
A001583,E0142,2026-06-17,PRESENT,09:54:00,18:07:00,8.22,,
A001584,E0153,2026-04-11,PRESENT,10:15:00,18:43:00,8.47,,
A001585,E0072,2026-05-08,PRESENT,09:23:00,16:57:00,7.57,,
A001586,E0809,2026-04-02,PRESENT,08:49:00,17:34:00,8.75,,
A001587,E0974,2026-02-26,PRESENT,09:56:00,17:00:00,7.07,,Client meeting
A001588,E0164,2026-06-08,PRESENT,10:23:00,17:58:00,7.58,,
A001589,E0340,2026-01-28,PRESENT,09:47:00,17:04:00,7.28,,
A001590,E0806,2026-06-11,ON_LEAVE,,,,EARNED,
A001591,E0294,2026-06-20,WORK_FROM_HOME,08:00:00,20:15:00,7.69,,
A001592,E0271,2026-04-20,PRESENT,08:13:00,15:34:00,7.35,,
A001593,E0249,2026-05-14,PRESENT,08:22:00,15:29:00,7.12,,Personal emergency
A001594,E0930,2026-02-14,PRESENT,08:32:00,17:57:00,9.42,,
A001595,E0948,2026-06-10,PRESENT,09:29:00,16:51:00,7.37,,
A001596,E0671,2026-03-09,WORK_FROM_HOME,08:45:00,20:45:00,8.65,,
A001597,E0230,2026-07-28,LATE,11:34:00,18:40:00,7.1,,
A001598,E0743,2026-01-12,ON_LEAVE,,,,EARNED,
A001599,E0916,2026-02-06,ON_LEAVE,,,,MATERNITY,
A001600,E0873,2026-06-12,PRESENT,08:06:00,15:33:00,7.45,,
A001601,E0341,2026-03-02,PRESENT,10:07:00,17:59:00,7.87,,
A001602,E0317,2026-05-06,HALF_DAY,09:03:00,13:03:00,4.0,,
A001603,E0985,2026-04-18,PRESENT,09:44:00,19:00:00,9.27,,
A001604,E0963,2026-03-23,LATE,11:36:00,20:29:00,8.88,,
A001605,E0470,2026-06-21,WORK_FROM_HOME,08:45:00,20:45:00,7.68,,
A001606,E0955,2026-06-28,LATE,10:20:00,16:53:00,6.55,,
A001607,E0079,2026-06-09,WORK_FROM_HOME,09:45:00,19:30:00,9.15,,
A001608,E0850,2026-01-21,PRESENT,10:28:00,17:43:00,7.25,,
A001609,E0371,2026-01-04,PRESENT,08:27:00,17:37:00,9.17,,
A001610,E0580,2026-05-04,ON_LEAVE,,,,SICK,
A001611,E0321,2026-03-11,LATE,10:40:00,16:53:00,6.22,,
A001612,E0430,2026-07-09,LATE,11:11:00,17:50:00,6.65,,
A001613,E0155,2026-01-23,PRESENT,09:50:00,17:54:00,8.07,,
A001614,E0770,2026-04-02,PRESENT,09:05:00,18:32:00,9.45,,
A001615,E0018,2026-04-13,PRESENT,09:10:00,17:22:00,8.2,,
A001616,E0091,2026-07-16,PRESENT,10:06:00,17:56:00,7.83,,
A001617,E0083,2026-05-16,PRESENT,09:03:00,16:03:00,7.0,,
A001618,E0440,2026-03-01,PRESENT,09:26:00,18:56:00,9.5,,
A001619,E0513,2026-05-09,LATE,11:33:00,17:49:00,6.27,,
A001620,E0284,2026-05-31,LATE,11:09:00,17:14:00,6.08,,
A001621,E0415,2026-03-08,WORK_FROM_HOME,08:00:00,17:15:00,6.55,,Training session
A001622,E0900,2026-04-05,PRESENT,09:11:00,16:32:00,7.35,,
A001623,E0191,2026-03-05,WORK_FROM_HOME,09:00:00,19:45:00,6.86,,Doctor appointment
A001624,E0509,2026-02-06,PRESENT,10:09:00,18:47:00,8.63,,Client meeting
A001625,E0208,2026-02-11,PRESENT,08:51:00,16:17:00,7.43,,
A001626,E0564,2026-07-31,PRESENT,08:12:00,15:32:00,7.33,,Approved remote work
A001627,E0034,2026-01-04,PRESENT,10:01:00,17:30:00,7.48,,
A001628,E0769,2026-06-26,PRESENT,08:25:00,17:55:00,9.5,,
A001629,E0781,2026-06-16,PRESENT,08:11:00,15:37:00,7.43,,
A001630,E0776,2026-04-10,WORK_FROM_HOME,09:00:00,19:00:00,6.97,,
A001631,E0292,2026-06-12,PRESENT,10:14:00,18:38:00,8.4,,
A001632,E0944,2026-01-03,PRESENT,08:19:00,16:11:00,7.87,,
A001633,E0349,2026-02-27,PRESENT,08:42:00,16:12:00,7.5,,Doctor appointment
A001634,E0572,2026-05-16,PRESENT,09:53:00,19:06:00,9.22,,
A001635,E0483,2026-02-05,LATE,11:17:00,17:31:00,6.23,,
A001636,E0480,2026-01-29,WORK_FROM_HOME,08:00:00,20:15:00,6.82,,
A001637,E0208,2026-06-23,PRESENT,10:30:00,19:08:00,8.63,,
A001638,E0503,2026-07-18,PRESENT,08:50:00,17:54:00,9.07,,
A001639,E0233,2026-01-11,PRESENT,09:47:00,19:10:00,9.38,,
A001640,E0922,2026-01-02,PRESENT,09:13:00,18:33:00,9.33,,Personal emergency
A001641,E0734,2026-05-21,PRESENT,09:30:00,18:29:00,8.98,,
A001642,E0513,2026-01-09,PRESENT,09:05:00,17:20:00,8.25,,
A001643,E0787,2026-02-04,PRESENT,09:41:00,17:28:00,7.78,,
A001644,E0845,2026-02-01,PRESENT,08:09:00,16:47:00,8.63,,
A001645,E0782,2026-04-08,PRESENT,09:56:00,18:02:00,8.1,,
A001646,E0484,2026-01-06,PRESENT,09:53:00,18:24:00,8.52,,System issue
A001647,E0707,2026-01-31,PRESENT,09:33:00,17:09:00,7.6,,Client meeting
A001648,E0754,2026-01-30,HALF_DAY,09:08:00,12:56:00,3.8,,
A001649,E0005,2026-05-03,WORK_FROM_HOME,09:00:00,19:15:00,7.15,,
A001650,E0217,2026-06-29,ABSENT,,,,,System issue
A001651,E0887,2026-02-26,PRESENT,09:13:00,18:31:00,9.3,,
A001652,E0516,2026-01-17,PRESENT,08:02:00,16:19:00,8.28,,
A001653,E0757,2026-04-19,PRESENT,08:19:00,15:22:00,7.05,,
A001654,E0235,2026-01-12,PRESENT,09:34:00,16:52:00,7.3,,
A001655,E0737,2026-04-04,LATE,11:32:00,19:52:00,8.33,,
A001656,E0716,2026-03-16,PRESENT,09:02:00,17:01:00,7.98,,
A001657,E0959,2026-06-07,WORK_FROM_HOME,10:00:00,17:00:00,7.2,,
A001658,E0840,2026-01-31,WORK_FROM_HOME,09:45:00,19:15:00,7.33,,
A001659,E0840,2026-07-26,PRESENT,09:48:00,17:19:00,7.52,,
A001660,E0253,2026-05-22,PRESENT,08:28:00,16:03:00,7.58,,
A001661,E0079,2026-04-25,WORK_FROM_HOME,08:15:00,18:30:00,7.49,,
A001662,E0510,2026-05-10,PRESENT,09:32:00,17:38:00,8.1,,
A001663,E0875,2026-06-13,PRESENT,09:58:00,17:39:00,7.68,,
A001664,E0393,2026-01-05,PRESENT,09:14:00,18:05:00,8.85,,
A001665,E0863,2026-04-05,LATE,10:55:00,18:53:00,7.97,,
A001666,E0038,2026-04-02,PRESENT,08:26:00,15:32:00,7.1,,
A001667,E0063,2026-07-31,PRESENT,08:31:00,17:03:00,8.53,,
A001668,E0270,2026-07-13,PRESENT,10:16:00,18:14:00,7.97,,
A001669,E0741,2026-01-16,PRESENT,10:04:00,18:25:00,8.35,,
A001670,E0234,2026-05-16,PRESENT,08:47:00,17:40:00,8.88,,
A001671,E0075,2026-03-19,PRESENT,09:23:00,18:20:00,8.95,,
A001672,E0393,2026-01-13,PRESENT,08:44:00,17:09:00,8.42,,
A001673,E0770,2026-04-11,PRESENT,09:43:00,17:20:00,7.62,,
A001674,E0191,2026-05-23,PRESENT,09:16:00,16:27:00,7.18,,
A001675,E0439,2026-03-06,PRESENT,09:54:00,18:30:00,8.6,,
A001676,E0148,2026-05-03,WORK_FROM_HOME,10:15:00,19:15:00,9.08,,
A001677,E0991,2026-04-13,PRESENT,08:35:00,17:06:00,8.52,,
A001678,E0224,2026-05-16,PRESENT,10:09:00,19:10:00,9.02,,
A001679,E0417,2026-06-21,PRESENT,09:07:00,18:19:00,9.2,,
A001680,E0536,2026-04-11,PRESENT,08:59:00,16:44:00,7.75,,Approved remote work
A001681,E0799,2026-04-05,LATE,10:34:00,16:35:00,6.02,,
A001682,E0027,2026-06-25,PRESENT,08:37:00,17:38:00,9.02,,
A001683,E0429,2026-07-10,PRESENT,09:23:00,18:18:00,8.92,,
A001684,E0264,2026-07-18,PRESENT,08:49:00,17:11:00,8.37,,
A001685,E0060,2026-07-08,PRESENT,09:58:00,19:05:00,9.12,,
A001686,E0353,2026-03-07,PRESENT,08:19:00,17:49:00,9.5,,
A001687,E0029,2026-03-03,HALF_DAY,09:37:00,13:40:00,4.05,,
A001688,E0186,2026-05-03,PRESENT,09:43:00,17:16:00,7.55,,
A001689,E0212,2026-02-16,PRESENT,08:45:00,16:29:00,7.73,,
A001690,E0151,2026-05-04,PRESENT,08:19:00,17:17:00,8.97,,
A001691,E0667,2026-05-06,PRESENT,08:30:00,17:35:00,9.08,,Doctor appointment
A001692,E0059,2026-07-19,PRESENT,10:19:00,18:54:00,8.58,,Approved remote work
A001693,E0858,2026-05-22,PRESENT,10:21:00,18:20:00,7.98,,Doctor appointment
A001694,E0963,2026-01-27,HALF_DAY,09:44:00,13:15:00,3.52,,
A001695,E0878,2026-07-26,PRESENT,08:07:00,15:53:00,7.77,,
A001696,E0985,2026-05-26,LATE,10:02:00,16:26:00,6.4,,
A001697,E0912,2026-03-10,PRESENT,09:41:00,17:49:00,8.13,,
A001698,E0080,2026-01-16,PRESENT,08:06:00,15:24:00,7.3,,
A001699,E0905,2026-07-14,PRESENT,08:55:00,16:15:00,7.33,,
A001700,E0199,2026-04-25,WORK_FROM_HOME,09:00:00,17:30:00,6.62,,
A001701,E0214,2026-02-17,PRESENT,09:57:00,17:43:00,7.77,,
A001702,E0287,2026-04-07,PRESENT,08:28:00,17:20:00,8.87,,
A001703,E0286,2026-07-20,PRESENT,09:01:00,18:23:00,9.37,,Doctor appointment
A001704,E0981,2026-05-25,PRESENT,09:41:00,18:04:00,8.38,,
A001705,E0161,2026-03-31,PRESENT,10:20:00,18:43:00,8.38,,System issue
A001706,E0225,2026-07-08,PRESENT,08:32:00,17:30:00,8.97,,
A001707,E0777,2026-05-07,PRESENT,08:22:00,16:02:00,7.67,,
A001708,E0121,2026-07-30,PRESENT,09:29:00,16:41:00,7.2,,
A001709,E0791,2026-05-25,LATE,10:08:00,16:40:00,6.53,,
A001710,E0736,2026-04-18,PRESENT,09:24:00,17:07:00,7.72,,
A001711,E0171,2026-05-22,PRESENT,09:31:00,17:23:00,7.87,,
A001712,E0272,2026-06-09,ABSENT,,,,,
A001713,E0024,2026-04-26,ABSENT,,,,,
A001714,E0560,2026-04-22,PRESENT,08:00:00,16:47:00,8.78,,
A001715,E0373,2026-07-12,PRESENT,08:05:00,15:48:00,7.72,,Client meeting
A001716,E0682,2026-07-03,WORK_FROM_HOME,08:00:00,18:15:00,8.2,,
A001717,E0926,2026-04-06,LATE,10:39:00,17:39:00,7.0,,
A001718,E0287,2026-03-08,PRESENT,08:08:00,17:37:00,9.48,,
A001719,E0921,2026-02-10,PRESENT,08:49:00,16:52:00,8.05,,
A001720,E0007,2026-02-12,PRESENT,08:17:00,15:27:00,7.17,,
A001721,E0384,2026-06-16,LATE,10:45:00,17:00:00,6.25,,Personal emergency
A001722,E0232,2026-03-28,PRESENT,08:08:00,16:05:00,7.95,,
A001723,E0595,2026-05-10,LATE,11:44:00,20:07:00,8.38,,
A001724,E0803,2026-02-23,PRESENT,09:02:00,16:51:00,7.82,,
A001725,E0302,2026-03-05,PRESENT,08:41:00,17:30:00,8.82,,
A001726,E0832,2026-05-18,PRESENT,10:24:00,19:41:00,9.28,,
A001727,E0237,2026-02-01,PRESENT,09:08:00,17:17:00,8.15,,System issue
A001728,E0059,2026-04-24,LATE,11:37:00,20:10:00,8.55,,
A001729,E0930,2026-06-06,PRESENT,08:34:00,15:48:00,7.23,,Doctor appointment
A001730,E0991,2026-05-08,PRESENT,08:19:00,17:22:00,9.05,,
A001731,E0603,2026-04-06,PRESENT,08:16:00,15:19:00,7.05,,
A001732,E0610,2026-07-18,WORK_FROM_HOME,10:15:00,20:30:00,8.42,,
A001733,E0816,2026-01-26,PRESENT,08:46:00,17:27:00,8.68,,
A001734,E0720,2026-02-28,PRESENT,09:35:00,17:34:00,7.98,,
A001735,E0132,2026-04-19,WORK_FROM_HOME,09:15:00,20:30:00,7.32,,
A001736,E0919,2026-02-06,ABSENT,,,,,
A001737,E0436,2026-01-31,PRESENT,08:58:00,16:04:00,7.1,,System issue
A001738,E0163,2026-06-18,ABSENT,,,,,
A001739,E0276,2026-03-22,WORK_FROM_HOME,08:15:00,17:00:00,7.31,,
A001740,E0236,2026-03-26,PRESENT,09:21:00,16:45:00,7.4,,
A001741,E0738,2026-07-17,PRESENT,10:28:00,17:54:00,7.43,,
A001742,E0683,2026-01-13,PRESENT,09:53:00,18:57:00,9.07,,
A001743,E0473,2026-06-13,PRESENT,09:59:00,17:31:00,7.53,,
A001744,E0760,2026-03-06,WORK_FROM_HOME,08:15:00,19:30:00,6.96,,
A001745,E0553,2026-07-22,PRESENT,08:46:00,15:47:00,7.02,,
A001746,E0556,2026-05-04,PRESENT,09:50:00,18:56:00,9.1,,
A001747,E0850,2026-05-28,PRESENT,08:53:00,16:53:00,8.0,,
A001748,E0604,2026-05-31,ON_LEAVE,,,,MATERNITY,
A001749,E0367,2026-06-08,WORK_FROM_HOME,09:30:00,20:30:00,7.0,,System issue
A001750,E0342,2026-06-12,PRESENT,09:31:00,18:45:00,9.23,,
A001751,E0850,2026-07-09,PRESENT,09:22:00,18:13:00,8.85,,
A001752,E0490,2026-02-04,PRESENT,08:44:00,15:48:00,7.07,,
A001753,E0273,2026-04-12,PRESENT,10:29:00,18:12:00,7.72,,
A001754,E0947,2026-02-25,WORK_FROM_HOME,09:30:00,17:45:00,8.41,,
A001755,E0163,2026-02-14,PRESENT,09:29:00,16:31:00,7.03,,
A001756,E0547,2026-02-16,PRESENT,09:43:00,17:26:00,7.72,,
A001757,E0308,2026-04-25,PRESENT,09:45:00,17:33:00,7.8,,
A001758,E0258,2026-02-16,PRESENT,08:23:00,16:06:00,7.72,,
A001759,E0252,2026-03-12,PRESENT,10:25:00,19:51:00,9.43,,
A001760,E0012,2026-07-21,PRESENT,09:46:00,18:26:00,8.67,,
A001761,E0711,2026-04-24,PRESENT,09:44:00,18:26:00,8.7,,Training session
A001762,E0914,2026-03-29,HALF_DAY,08:36:00,13:20:00,4.73,,
A001763,E0199,2026-02-17,PRESENT,09:12:00,16:22:00,7.17,,Doctor appointment
A001764,E0630,2026-01-20,PRESENT,08:21:00,17:48:00,9.45,,
A001765,E0380,2026-07-15,PRESENT,08:45:00,16:19:00,7.57,,
A001766,E0857,2026-04-29,PRESENT,08:56:00,17:33:00,8.62,,
A001767,E0712,2026-01-12,PRESENT,08:05:00,17:20:00,9.25,,
A001768,E0498,2026-06-18,PRESENT,09:42:00,17:53:00,8.18,,
A001769,E0946,2026-06-25,ABSENT,,,,,
A001770,E0057,2026-05-02,ON_LEAVE,,,,SICK,
A001771,E0224,2026-07-01,PRESENT,09:30:00,16:32:00,7.03,,Approved remote work
A001772,E0234,2026-04-29,PRESENT,09:09:00,17:57:00,8.8,,Training session
A001773,E0436,2026-06-18,PRESENT,08:57:00,16:25:00,7.47,,
A001774,E0889,2026-02-20,LATE,10:15:00,16:18:00,6.05,,
A001775,E0812,2026-06-08,PRESENT,08:23:00,17:14:00,8.85,,
A001776,E0962,2026-02-21,ABSENT,,,,,
A001777,E0283,2026-07-29,PRESENT,08:50:00,17:47:00,8.95,,
A001778,E0482,2026-06-18,WORK_FROM_HOME,09:45:00,17:45:00,8.07,,
A001779,E0214,2026-07-22,PRESENT,09:14:00,17:00:00,7.77,,
A001780,E0047,2026-07-29,PRESENT,09:49:00,17:06:00,7.28,,
A001781,E0879,2026-03-29,PRESENT,10:20:00,19:12:00,8.87,,Client meeting
A001782,E0856,2026-05-07,PRESENT,10:24:00,18:12:00,7.8,,
A001783,E0715,2026-02-16,PRESENT,08:43:00,16:56:00,8.22,,
A001784,E0456,2026-03-20,PRESENT,09:08:00,16:27:00,7.32,,
A001785,E0173,2026-02-26,PRESENT,09:49:00,18:14:00,8.42,,
A001786,E0514,2026-07-30,PRESENT,09:05:00,17:59:00,8.9,,
A001787,E0012,2026-02-12,PRESENT,09:15:00,18:32:00,9.28,,
A001788,E0231,2026-04-07,HALF_DAY,08:47:00,13:10:00,4.38,,
A001789,E0043,2026-03-13,PRESENT,08:44:00,16:34:00,7.83,,
A001790,E0752,2026-06-30,PRESENT,08:03:00,15:03:00,7.0,,
A001791,E0233,2026-05-09,WORK_FROM_HOME,09:45:00,19:15:00,8.38,,Personal emergency
A001792,E0286,2026-03-02,PRESENT,08:04:00,15:12:00,7.13,,
A001793,E0226,2026-05-03,PRESENT,09:07:00,17:56:00,8.82,,Traffic delay
A001794,E0867,2026-06-15,PRESENT,08:24:00,16:39:00,8.25,,
A001795,E0518,2026-05-14,PRESENT,08:54:00,17:51:00,8.95,,Personal emergency
A001796,E0385,2026-01-22,PRESENT,09:55:00,18:24:00,8.48,,
A001797,E0263,2026-04-17,HALF_DAY,08:46:00,13:42:00,4.93,,
A001798,E0774,2026-03-01,PRESENT,08:17:00,16:51:00,8.57,,
A001799,E0904,2026-06-27,PRESENT,09:35:00,18:47:00,9.2,,
A001800,E0585,2026-01-09,WORK_FROM_HOME,09:15:00,17:00:00,6.95,,
A001801,E0316,2026-03-27,PRESENT,09:56:00,19:19:00,9.38,,
A001802,E0298,2026-03-02,PRESENT,09:49:00,16:57:00,7.13,,
A001803,E0038,2026-02-28,ABSENT,,,,,
A001804,E0937,2026-04-19,PRESENT,09:02:00,16:56:00,7.9,,Traffic delay
A001805,E0661,2026-04-23,PRESENT,08:05:00,16:48:00,8.72,,
A001806,E0811,2026-01-31,PRESENT,08:34:00,16:20:00,7.77,,
A001807,E0431,2026-04-16,WORK_FROM_HOME,10:30:00,17:00:00,7.93,,
A001808,E0463,2026-05-11,PRESENT,09:50:00,18:14:00,8.4,,
A001809,E0779,2026-03-26,PRESENT,08:11:00,16:50:00,8.65,,
A001810,E0211,2026-05-27,PRESENT,09:17:00,17:00:00,7.72,,
A001811,E0711,2026-06-08,WORK_FROM_HOME,09:45:00,17:30:00,8.01,,
A001812,E0653,2026-03-24,HALF_DAY,09:55:00,14:46:00,4.85,,
A001813,E0142,2026-02-05,HALF_DAY,09:58:00,14:26:00,4.47,,Personal emergency
A001814,E0878,2026-05-24,PRESENT,08:19:00,17:38:00,9.32,,
A001815,E0700,2026-07-05,PRESENT,09:44:00,18:24:00,8.67,,
A001816,E0860,2026-01-16,LATE,10:52:00,17:33:00,6.68,,
A001817,E0986,2026-06-23,WORK_FROM_HOME,08:15:00,17:15:00,6.54,,
A001818,E0576,2026-02-09,PRESENT,09:22:00,17:14:00,7.87,,
A001819,E0239,2026-04-29,PRESENT,08:01:00,17:17:00,9.27,,
A001820,E0851,2026-03-20,PRESENT,08:43:00,17:26:00,8.72,,
A001821,E0162,2026-01-08,PRESENT,10:17:00,18:17:00,8.0,,
A001822,E0090,2026-06-22,LATE,10:42:00,17:59:00,7.28,,
A001823,E0656,2026-06-03,PRESENT,08:28:00,16:40:00,8.2,,
A001824,E0580,2026-06-06,ON_LEAVE,,,,MATERNITY,Traffic delay
A001825,E0614,2026-02-15,PRESENT,09:27:00,18:44:00,9.28,,
A001826,E0003,2026-04-05,PRESENT,10:15:00,17:56:00,7.68,,
A001827,E0279,2026-03-01,PRESENT,10:11:00,18:22:00,8.18,,
A001828,E0252,2026-07-27,PRESENT,08:37:00,15:56:00,7.32,,
A001829,E0552,2026-01-29,PRESENT,10:08:00,17:09:00,7.02,,
A001830,E0386,2026-06-14,PRESENT,08:56:00,16:25:00,7.48,,
A001831,E0661,2026-05-16,PRESENT,08:13:00,15:39:00,7.43,,
A001832,E0872,2026-03-06,WORK_FROM_HOME,10:15:00,17:30:00,8.24,,Traffic delay
A001833,E0794,2026-01-12,PRESENT,08:13:00,15:52:00,7.65,,
A001834,E0306,2026-01-11,PRESENT,08:12:00,16:04:00,7.87,,Personal emergency
A001835,E0553,2026-01-09,PRESENT,08:16:00,17:12:00,8.93,,
A001836,E0154,2026-05-16,PRESENT,09:46:00,19:06:00,9.33,,
A001837,E0892,2026-07-17,PRESENT,09:16:00,18:30:00,9.23,,
A001838,E0970,2026-01-08,PRESENT,08:04:00,17:01:00,8.95,,
A001839,E0520,2026-06-18,PRESENT,09:26:00,18:50:00,9.4,,
A001840,E0663,2026-04-30,PRESENT,08:22:00,15:41:00,7.32,,
A001841,E0003,2026-04-19,WORK_FROM_HOME,10:45:00,17:15:00,8.56,,
A001842,E0416,2026-04-11,PRESENT,10:22:00,17:30:00,7.13,,
A001843,E0861,2026-01-05,PRESENT,08:30:00,17:26:00,8.93,,Training session
A001844,E0824,2026-02-14,ON_LEAVE,,,,MATERNITY,
A001845,E0923,2026-03-09,PRESENT,08:55:00,17:18:00,8.38,,
A001846,E0391,2026-06-11,PRESENT,09:04:00,17:29:00,8.42,,
A001847,E0697,2026-07-30,WORK_FROM_HOME,08:15:00,17:30:00,9.2,,
A001848,E0953,2026-06-18,PRESENT,08:41:00,17:16:00,8.58,,
A001849,E0611,2026-01-05,PRESENT,08:39:00,16:36:00,7.95,,
A001850,E0255,2026-01-03,PRESENT,09:08:00,18:33:00,9.42,,
A001851,E0843,2026-07-28,WORK_FROM_HOME,10:45:00,20:00:00,6.68,,
A001852,E0773,2026-03-17,PRESENT,09:21:00,16:55:00,7.57,,
A001853,E0913,2026-06-26,PRESENT,09:30:00,18:00:00,8.5,,
A001854,E0783,2026-04-19,PRESENT,08:20:00,17:36:00,9.27,,
A001855,E0809,2026-04-05,LATE,10:36:00,19:29:00,8.88,,Doctor appointment
A001856,E0895,2026-04-13,HALF_DAY,09:04:00,13:39:00,4.58,,
A001857,E0122,2026-04-01,WORK_FROM_HOME,09:15:00,19:30:00,8.21,,
A001858,E0410,2026-04-16,PRESENT,08:50:00,16:22:00,7.53,,
A001859,E0040,2026-04-08,PRESENT,09:58:00,19:13:00,9.25,,
A001860,E0600,2026-01-19,PRESENT,10:28:00,18:47:00,8.32,,
A001861,E0497,2026-06-20,WORK_FROM_HOME,08:30:00,18:45:00,6.9,,
A001862,E0985,2026-04-16,PRESENT,08:32:00,15:34:00,7.03,,
A001863,E0408,2026-01-19,WORK_FROM_HOME,10:45:00,18:15:00,9.35,,
A001864,E0387,2026-06-06,ON_LEAVE,,,,PATERNITY,
A001865,E0159,2026-05-31,WORK_FROM_HOME,10:15:00,18:30:00,8.31,,
A001866,E0753,2026-05-03,WORK_FROM_HOME,10:45:00,20:45:00,7.7,,
A001867,E0382,2026-07-19,PRESENT,09:17:00,16:48:00,7.52,,
A001868,E0538,2026-02-14,PRESENT,09:04:00,17:07:00,8.05,,Doctor appointment
A001869,E0618,2026-05-16,ABSENT,,,,,
A001870,E0614,2026-01-22,PRESENT,08:32:00,17:15:00,8.72,,Client meeting
A001871,E0919,2026-01-18,PRESENT,08:12:00,17:11:00,8.98,,
A001872,E0151,2026-06-07,ABSENT,,,,,
A001873,E0980,2026-07-22,PRESENT,08:58:00,16:06:00,7.13,,
A001874,E0749,2026-05-25,PRESENT,09:16:00,16:46:00,7.5,,System issue
A001875,E0832,2026-05-28,PRESENT,08:38:00,17:57:00,9.32,,
A001876,E0034,2026-06-01,PRESENT,09:51:00,18:14:00,8.38,,
A001877,E0393,2026-03-18,PRESENT,08:34:00,16:49:00,8.25,,
A001878,E0338,2026-06-08,WORK_FROM_HOME,08:15:00,18:30:00,8.45,,
A001879,E0032,2026-05-26,WORK_FROM_HOME,09:00:00,19:45:00,9.48,,
A001880,E0961,2026-05-26,WORK_FROM_HOME,10:00:00,19:45:00,8.98,,
A001881,E0901,2026-01-02,PRESENT,09:33:00,17:35:00,8.03,,
A001882,E0003,2026-04-25,PRESENT,09:44:00,17:09:00,7.42,,
A001883,E0441,2026-05-27,PRESENT,10:02:00,17:41:00,7.65,,
A001884,E0668,2026-07-07,PRESENT,09:14:00,16:15:00,7.02,,
A001885,E0815,2026-03-20,PRESENT,08:30:00,16:11:00,7.68,,
A001886,E0988,2026-01-19,PRESENT,10:03:00,18:23:00,8.33,,
A001887,E0100,2026-01-04,PRESENT,10:05:00,19:11:00,9.1,,
A001888,E0174,2026-01-19,PRESENT,09:29:00,16:44:00,7.25,,
A001889,E0089,2026-07-13,PRESENT,08:45:00,15:56:00,7.18,,
A001890,E0342,2026-06-09,ABSENT,,,,,
A001891,E0740,2026-01-19,PRESENT,10:12:00,19:15:00,9.05,,
A001892,E0471,2026-01-11,PRESENT,08:47:00,17:02:00,8.25,,
A001893,E0318,2026-03-12,HALF_DAY,09:06:00,13:46:00,4.67,,
A001894,E0799,2026-03-11,PRESENT,08:06:00,16:59:00,8.88,,
A001895,E0548,2026-04-17,WORK_FROM_HOME,09:00:00,17:45:00,8.82,,
A001896,E0079,2026-07-19,LATE,10:10:00,18:10:00,8.0,,
A001897,E0941,2026-06-26,PRESENT,09:31:00,16:53:00,7.37,,
A001898,E0245,2026-06-18,PRESENT,10:17:00,18:45:00,8.47,,Approved remote work
A001899,E0393,2026-02-19,ON_LEAVE,,,,CASUAL,
A001900,E0076,2026-05-23,LATE,11:06:00,17:06:00,6.0,,
A001901,E0558,2026-07-09,PRESENT,08:24:00,16:46:00,8.37,,
A001902,E0463,2026-03-08,PRESENT,09:40:00,18:13:00,8.55,,
A001903,E0683,2026-01-30,WORK_FROM_HOME,09:45:00,17:00:00,6.64,,
A001904,E0602,2026-03-04,WORK_FROM_HOME,10:30:00,19:30:00,8.9,,Approved remote work
A001905,E0019,2026-07-14,PRESENT,10:19:00,17:57:00,7.63,,
A001906,E0824,2026-05-19,PRESENT,08:53:00,18:23:00,9.5,,
A001907,E0788,2026-02-11,LATE,11:35:00,17:45:00,6.17,,
A001908,E0381,2026-07-30,PRESENT,09:42:00,17:53:00,8.18,,
A001909,E0711,2026-07-10,PRESENT,09:53:00,19:09:00,9.27,,
A001910,E0156,2026-04-11,PRESENT,09:26:00,16:49:00,7.38,,
A001911,E0392,2026-03-14,PRESENT,08:52:00,16:44:00,7.87,,
A001912,E0351,2026-07-04,PRESENT,08:51:00,16:05:00,7.23,,
A001913,E0620,2026-04-30,PRESENT,08:05:00,17:13:00,9.13,,
A001914,E0922,2026-01-14,LATE,11:48:00,19:38:00,7.83,,
A001915,E0518,2026-07-04,WORK_FROM_HOME,08:15:00,17:00:00,8.18,,
A001916,E0630,2026-01-24,PRESENT,09:12:00,17:08:00,7.93,,Doctor appointment
A001917,E0698,2026-02-07,LATE,10:49:00,17:14:00,6.42,,System issue
A001918,E0283,2026-05-22,PRESENT,08:12:00,16:39:00,8.45,,
A001919,E0409,2026-03-03,PRESENT,08:30:00,15:58:00,7.47,,
A001920,E0413,2026-01-09,PRESENT,09:56:00,17:36:00,7.67,,
A001921,E0322,2026-02-27,PRESENT,10:00:00,17:01:00,7.02,,
A001922,E0975,2026-03-11,PRESENT,09:11:00,17:26:00,8.25,,
A001923,E0715,2026-07-22,PRESENT,10:16:00,17:51:00,7.58,,
A001924,E0917,2026-02-20,PRESENT,08:16:00,16:30:00,8.23,,
A001925,E0076,2026-07-30,PRESENT,09:26:00,17:28:00,8.03,,
A001926,E0432,2026-07-22,PRESENT,09:39:00,18:23:00,8.73,,
A001927,E0418,2026-02-16,PRESENT,10:27:00,19:03:00,8.6,,
A001928,E0373,2026-03-01,ON_LEAVE,,,,SICK,
A001929,E0076,2026-07-09,PRESENT,08:04:00,15:37:00,7.55,,
A001930,E0833,2026-05-23,WORK_FROM_HOME,09:45:00,17:30:00,6.52,,
A001931,E0054,2026-04-11,PRESENT,09:41:00,18:22:00,8.68,,
A001932,E0850,2026-01-03,PRESENT,08:33:00,17:48:00,9.25,,
A001933,E0090,2026-06-15,PRESENT,09:08:00,16:10:00,7.03,,
A001934,E0602,2026-01-31,PRESENT,08:55:00,18:25:00,9.5,,Client meeting
A001935,E0169,2026-01-16,LATE,10:31:00,19:14:00,8.72,,Approved remote work
A001936,E0139,2026-01-06,PRESENT,09:26:00,17:06:00,7.67,,
A001937,E0786,2026-04-28,LATE,11:13:00,19:12:00,7.98,,
A001938,E0376,2026-03-01,WORK_FROM_HOME,08:45:00,17:00:00,8.22,,
A001939,E0547,2026-04-21,PRESENT,09:58:00,18:27:00,8.48,,
A001940,E0971,2026-05-07,WORK_FROM_HOME,09:30:00,18:00:00,8.48,,
A001941,E0766,2026-05-23,WORK_FROM_HOME,09:30:00,18:00:00,7.34,,
A001942,E0017,2026-06-11,PRESENT,10:20:00,18:59:00,8.65,,
A001943,E0359,2026-05-16,PRESENT,09:12:00,17:36:00,8.4,,
A001944,E0416,2026-02-10,WORK_FROM_HOME,10:30:00,18:00:00,8.29,,
A001945,E0507,2026-01-14,PRESENT,09:44:00,18:21:00,8.62,,Training session
A001946,E0419,2026-01-27,LATE,11:48:00,18:23:00,6.58,,
A001947,E0434,2026-01-08,PRESENT,09:15:00,18:09:00,8.9,,
A001948,E0158,2026-07-13,PRESENT,09:43:00,16:47:00,7.07,,
A001949,E0362,2026-07-24,ON_LEAVE,,,,EARNED,
A001950,E0028,2026-01-19,PRESENT,08:50:00,15:51:00,7.02,,Doctor appointment
A001951,E0696,2026-07-05,PRESENT,08:23:00,17:11:00,8.8,,
A001952,E0097,2026-03-22,PRESENT,09:28:00,18:42:00,9.23,,
A001953,E0064,2026-04-06,PRESENT,09:05:00,17:22:00,8.28,,Doctor appointment
A001954,E0605,2026-03-25,PRESENT,10:25:00,18:32:00,8.12,,Traffic delay
A001955,E0992,2026-03-09,ABSENT,,,,,
A001956,E0100,2026-06-24,LATE,11:29:00,19:28:00,7.98,,
A001957,E0327,2026-07-05,PRESENT,10:26:00,17:46:00,7.33,,
A001958,E0955,2026-05-15,PRESENT,10:16:00,18:57:00,8.68,,
A001959,E0762,2026-03-18,HALF_DAY,09:21:00,14:05:00,4.73,,
A001960,E0339,2026-04-10,WORK_FROM_HOME,08:30:00,20:30:00,8.16,,
A001961,E0573,2026-04-28,PRESENT,08:01:00,16:36:00,8.58,,
A001962,E0051,2026-07-17,PRESENT,09:02:00,18:04:00,9.03,,
A001963,E0821,2026-07-07,PRESENT,09:07:00,17:09:00,8.03,,
A001964,E0826,2026-06-14,PRESENT,08:47:00,16:28:00,7.68,,Approved remote work
A001965,E0443,2026-05-06,PRESENT,08:48:00,16:24:00,7.6,,
A001966,E0619,2026-06-28,PRESENT,08:34:00,16:27:00,7.88,,
A001967,E0882,2026-04-14,PRESENT,08:10:00,15:57:00,7.78,,
A001968,E0944,2026-02-04,PRESENT,08:41:00,17:22:00,8.68,,
A001969,E0918,2026-04-28,PRESENT,08:47:00,16:53:00,8.1,,
A001970,E0485,2026-03-02,PRESENT,08:40:00,16:37:00,7.95,,
A001971,E0889,2026-03-28,PRESENT,08:11:00,15:45:00,7.57,,
A001972,E0187,2026-01-06,PRESENT,09:04:00,16:04:00,7.0,,System issue
A001973,E0194,2026-02-28,LATE,10:23:00,18:35:00,8.2,,
A001974,E0142,2026-02-24,WORK_FROM_HOME,08:15:00,17:45:00,7.98,,
A001975,E0329,2026-01-22,PRESENT,09:08:00,17:35:00,8.45,,
A001976,E0399,2026-01-15,WORK_FROM_HOME,09:00:00,18:15:00,7.83,,
A001977,E0004,2026-07-03,HALF_DAY,09:06:00,13:07:00,4.02,,
A001978,E0159,2026-02-17,LATE,10:56:00,19:36:00,8.67,,
A001979,E0155,2026-02-02,PRESENT,09:59:00,18:58:00,8.98,,
A001980,E0962,2026-01-20,PRESENT,10:09:00,17:17:00,7.13,,
A001981,E0412,2026-03-18,ABSENT,,,,,Training session
A001982,E0454,2026-01-01,PRESENT,09:32:00,16:45:00,7.22,,
A001983,E0817,2026-01-09,PRESENT,09:20:00,17:03:00,7.72,,
A001984,E0816,2026-03-19,PRESENT,09:13:00,16:34:00,7.35,,
A001985,E0039,2026-06-13,PRESENT,09:16:00,16:29:00,7.22,,
A001986,E0508,2026-03-11,PRESENT,09:51:00,18:52:00,9.02,,
A001987,E0376,2026-05-10,PRESENT,09:56:00,18:43:00,8.78,,
A001988,E0583,2026-01-01,HALF_DAY,09:25:00,13:15:00,3.83,,Client meeting
A001989,E0251,2026-06-30,PRESENT,10:10:00,18:41:00,8.52,,
A001990,E0813,2026-07-27,WORK_FROM_HOME,09:45:00,17:30:00,9.15,,
A001991,E0274,2026-03-22,PRESENT,10:30:00,18:23:00,7.88,,Doctor appointment
A001992,E0602,2026-06-28,LATE,11:27:00,19:31:00,8.07,,
A001993,E0859,2026-05-19,ABSENT,,,,,
A001994,E0613,2026-07-22,PRESENT,10:09:00,18:58:00,8.82,,Personal emergency
A001995,E0636,2026-03-22,LATE,10:02:00,17:14:00,7.2,,
A001996,E0820,2026-06-19,PRESENT,09:46:00,18:37:00,8.85,,
A001997,E0131,2026-02-03,ABSENT,,,,,
A001998,E0264,2026-04-08,PRESENT,08:25:00,16:05:00,7.67,,
A001999,E0600,2026-06-30,WORK_FROM_HOME,10:00:00,17:30:00,8.1,,
A002000,E0576,2026-03-28,PRESENT,08:04:00,15:05:00,7.02,,
A002001,E0187,2026-06-25,PRESENT,08:41:00,16:16:00,7.58,,
A002002,E0837,2026-06-01,ON_LEAVE,,,,EARNED,
A002003,E0308,2026-02-14,HALF_DAY,09:51:00,13:41:00,3.83,,
A002004,E0733,2026-04-29,ABSENT,,,,,
A002005,E0066,2026-05-12,LATE,11:08:00,17:44:00,6.6,,
A002006,E0132,2026-02-22,PRESENT,10:19:00,19:22:00,9.05,,Personal emergency
A002007,E0560,2026-03-16,PRESENT,10:13:00,17:25:00,7.2,,
A002008,E0079,2026-07-07,PRESENT,09:05:00,18:32:00,9.45,,
A002009,E0411,2026-03-20,PRESENT,10:27:00,19:44:00,9.28,,
A002010,E0992,2026-03-11,PRESENT,09:23:00,18:34:00,9.18,,
A002011,E0455,2026-06-09,PRESENT,09:39:00,17:28:00,7.82,,
A002012,E0555,2026-03-03,ON_LEAVE,,,,PATERNITY,
A002013,E0456,2026-02-09,PRESENT,08:30:00,15:42:00,7.2,,
A002014,E0061,2026-05-27,WORK_FROM_HOME,09:45:00,18:00:00,7.75,,Approved remote work
A002015,E0365,2026-03-23,ABSENT,,,,,
A002016,E0417,2026-03-13,PRESENT,10:13:00,18:55:00,8.7,,
A002017,E0770,2026-07-14,PRESENT,10:06:00,18:36:00,8.5,,Doctor appointment
A002018,E0261,2026-05-01,PRESENT,08:01:00,15:02:00,7.02,,System issue
A002019,E0458,2026-03-28,PRESENT,09:46:00,19:01:00,9.25,,
A002020,E0299,2026-06-24,PRESENT,08:18:00,17:04:00,8.77,,
A002021,E0262,2026-03-25,PRESENT,08:44:00,16:49:00,8.08,,
A002022,E0267,2026-01-18,LATE,11:16:00,19:52:00,8.6,,
A002023,E0304,2026-01-02,PRESENT,08:51:00,16:42:00,7.85,,
A002024,E0935,2026-05-17,ON_LEAVE,,,,CASUAL,
A002025,E0239,2026-03-23,HALF_DAY,08:35:00,12:13:00,3.63,,
A002026,E0982,2026-03-04,PRESENT,08:11:00,16:27:00,8.27,,
A002027,E0275,2026-02-09,WORK_FROM_HOME,09:00:00,18:00:00,8.04,,
A002028,E0341,2026-07-07,PRESENT,10:16:00,18:13:00,7.95,,System issue
A002029,E0796,2026-03-13,ABSENT,,,,,
A002030,E0685,2026-05-29,PRESENT,09:50:00,17:06:00,7.27,,
A002031,E0488,2026-06-02,PRESENT,10:27:00,19:31:00,9.07,,
A002032,E0280,2026-03-28,ON_LEAVE,,,,PATERNITY,
A002033,E0215,2026-04-03,PRESENT,09:09:00,18:23:00,9.23,,Approved remote work
A002034,E0937,2026-01-11,PRESENT,09:30:00,18:06:00,8.6,,
A002035,E0504,2026-03-18,ON_LEAVE,,,,CASUAL,
A002036,E0511,2026-06-13,PRESENT,08:57:00,18:23:00,9.43,,
A002037,E0020,2026-03-28,PRESENT,10:20:00,17:31:00,7.18,,
A002038,E0443,2026-01-01,PRESENT,09:04:00,17:13:00,8.15,,
A002039,E0893,2026-07-27,WORK_FROM_HOME,08:30:00,18:30:00,8.9,,
A002040,E0626,2026-01-05,PRESENT,09:19:00,16:58:00,7.65,,Client meeting
A002041,E0578,2026-07-10,PRESENT,09:57:00,18:57:00,9.0,,
A002042,E0448,2026-04-28,PRESENT,09:33:00,17:02:00,7.48,,
A002043,E0069,2026-05-12,WORK_FROM_HOME,10:15:00,18:00:00,8.71,,
A002044,E0773,2026-07-05,PRESENT,09:21:00,18:34:00,9.22,,
A002045,E0714,2026-05-12,LATE,10:36:00,17:03:00,6.45,,
A002046,E0163,2026-03-04,PRESENT,08:56:00,16:39:00,7.72,,
A002047,E0440,2026-01-08,ABSENT,,,,,
A002048,E0562,2026-04-07,ABSENT,,,,,
A002049,E0170,2026-04-28,PRESENT,10:03:00,18:17:00,8.23,,
A002050,E0215,2026-01-26,HALF_DAY,09:26:00,13:20:00,3.9,,
A002051,E0394,2026-04-14,PRESENT,08:54:00,16:16:00,7.37,,
A002052,E0832,2026-05-16,WORK_FROM_HOME,08:45:00,18:30:00,8.89,,
A002053,E0908,2026-04-08,HALF_DAY,09:13:00,13:55:00,4.7,,
A002054,E0638,2026-05-21,PRESENT,08:05:00,16:52:00,8.78,,
A002055,E0242,2026-02-04,PRESENT,08:36:00,16:32:00,7.93,,
A002056,E0122,2026-04-26,PRESENT,10:28:00,17:34:00,7.1,,
A002057,E0906,2026-02-13,PRESENT,10:26:00,17:40:00,7.23,,Training session
A002058,E0816,2026-07-15,ON_LEAVE,,,,EARNED,
A002059,E0894,2026-07-24,ABSENT,,,,,
A002060,E0459,2026-01-15,PRESENT,10:21:00,18:32:00,8.18,,
A002061,E0458,2026-05-29,PRESENT,09:06:00,16:24:00,7.3,,
A002062,E0456,2026-04-18,PRESENT,09:20:00,17:11:00,7.85,,
A002063,E0080,2026-07-29,WORK_FROM_HOME,10:00:00,20:15:00,8.13,,
A002064,E0068,2026-04-01,PRESENT,09:22:00,18:28:00,9.1,,
A002065,E0572,2026-05-29,PRESENT,10:10:00,18:49:00,8.65,,
A002066,E0847,2026-05-21,PRESENT,09:07:00,18:27:00,9.33,,
A002067,E0421,2026-02-22,PRESENT,08:39:00,15:43:00,7.07,,
A002068,E0409,2026-01-21,PRESENT,09:42:00,17:09:00,7.45,,
A002069,E0959,2026-06-11,LATE,11:18:00,17:25:00,6.12,,
A002070,E0342,2026-07-08,PRESENT,10:19:00,17:44:00,7.42,,
A002071,E0581,2026-06-15,LATE,11:07:00,19:51:00,8.73,,
A002072,E0672,2026-07-20,LATE,11:06:00,17:40:00,6.57,,
A002073,E0028,2026-06-16,HALF_DAY,08:30:00,12:51:00,4.35,,
A002074,E0779,2026-06-02,PRESENT,08:30:00,15:42:00,7.2,,
A002075,E0136,2026-02-26,PRESENT,08:37:00,18:07:00,9.5,,
A002076,E0397,2026-05-22,PRESENT,08:59:00,16:56:00,7.95,,
A002077,E0724,2026-05-11,PRESENT,09:51:00,18:08:00,8.28,,
A002078,E0466,2026-01-12,PRESENT,09:20:00,16:31:00,7.18,,
A002079,E0336,2026-04-28,PRESENT,09:45:00,18:57:00,9.2,,
A002080,E0886,2026-02-27,ON_LEAVE,,,,SICK,
A002081,E0708,2026-04-25,PRESENT,10:04:00,18:57:00,8.88,,
A002082,E0104,2026-07-16,PRESENT,08:55:00,16:20:00,7.42,,
A002083,E0349,2026-06-11,PRESENT,09:21:00,18:13:00,8.87,,
A002084,E0034,2026-04-02,PRESENT,08:23:00,17:37:00,9.23,,
A002085,E0618,2026-06-22,WORK_FROM_HOME,09:30:00,19:00:00,7.17,,
A002086,E0522,2026-05-18,PRESENT,08:19:00,16:38:00,8.32,,Traffic delay
A002087,E0974,2026-01-14,PRESENT,08:26:00,16:05:00,7.65,,
A002088,E0664,2026-07-23,PRESENT,08:12:00,16:02:00,7.83,,
A002089,E0455,2026-01-30,PRESENT,09:40:00,18:56:00,9.27,,
A002090,E0762,2026-01-10,PRESENT,09:52:00,18:47:00,8.92,,
A002091,E0551,2026-01-14,WORK_FROM_HOME,10:30:00,19:30:00,6.93,,
A002092,E0299,2026-03-09,PRESENT,10:01:00,19:28:00,9.45,,
A002093,E0026,2026-07-14,ON_LEAVE,,,,MATERNITY,
A002094,E0438,2026-03-18,LATE,10:09:00,17:59:00,7.83,,
A002095,E0138,2026-06-06,PRESENT,08:55:00,18:02:00,9.12,,
A002096,E0214,2026-01-31,PRESENT,10:07:00,18:40:00,8.55,,
A002097,E0940,2026-02-11,PRESENT,08:37:00,17:29:00,8.87,,
A002098,E0522,2026-04-11,WORK_FROM_HOME,08:00:00,18:00:00,8.82,,
A002099,E0378,2026-06-30,PRESENT,08:41:00,16:39:00,7.97,,
A002100,E0308,2026-01-24,PRESENT,09:35:00,16:52:00,7.28,,
A002101,E0642,2026-07-09,PRESENT,09:03:00,18:32:00,9.48,,
A002102,E0399,2026-01-07,WORK_FROM_HOME,09:30:00,20:45:00,9.23,,
A002103,E0399,2026-02-15,ABSENT,,,,,
A002104,E0648,2026-05-27,PRESENT,09:12:00,16:33:00,7.35,,
A002105,E0499,2026-03-10,ABSENT,,,,,
A002106,E0625,2026-01-30,PRESENT,09:53:00,16:53:00,7.0,,
A002107,E0972,2026-02-11,WORK_FROM_HOME,10:00:00,20:00:00,6.73,,
A002108,E0966,2026-03-15,WORK_FROM_HOME,09:30:00,20:45:00,6.8,,
A002109,E0060,2026-06-30,PRESENT,10:23:00,18:15:00,7.87,,
A002110,E0831,2026-04-26,PRESENT,08:32:00,16:04:00,7.53,,
A002111,E0296,2026-06-20,PRESENT,09:01:00,16:52:00,7.85,,
A002112,E0030,2026-07-27,PRESENT,09:29:00,16:36:00,7.12,,
A002113,E0662,2026-05-30,PRESENT,08:47:00,16:16:00,7.48,,
A002114,E0194,2026-04-17,PRESENT,09:57:00,17:28:00,7.52,,
A002115,E0387,2026-04-17,PRESENT,08:19:00,15:19:00,7.0,,
A002116,E0321,2026-07-11,PRESENT,09:01:00,17:12:00,8.18,,
A002117,E0973,2026-01-09,PRESENT,08:32:00,16:06:00,7.57,,
A002118,E0226,2026-03-10,PRESENT,10:19:00,17:29:00,7.17,,Doctor appointment
A002119,E0743,2026-04-23,ON_LEAVE,,,,PATERNITY,
A002120,E0432,2026-05-05,PRESENT,08:04:00,15:28:00,7.4,,
A002121,E0464,2026-06-07,PRESENT,08:38:00,16:55:00,8.28,,
A002122,E0414,2026-01-31,PRESENT,08:06:00,15:48:00,7.7,,
A002123,E0796,2026-03-31,PRESENT,09:17:00,17:58:00,8.68,,
A002124,E0445,2026-03-20,PRESENT,09:36:00,16:49:00,7.22,,Traffic delay
A002125,E0253,2026-05-06,LATE,10:49:00,17:44:00,6.92,,System issue
A002126,E0802,2026-07-12,PRESENT,09:37:00,18:02:00,8.42,,
A002127,E0777,2026-02-10,PRESENT,10:04:00,18:56:00,8.87,,
A002128,E0902,2026-03-09,LATE,10:39:00,19:14:00,8.58,,Doctor appointment
A002129,E0950,2026-07-22,WORK_FROM_HOME,08:15:00,19:30:00,8.14,,Personal emergency
A002130,E0214,2026-08-01,WORK_FROM_HOME,09:30:00,20:45:00,9.41,,
A002131,E0547,2026-05-18,PRESENT,08:00:00,16:16:00,8.27,,
A002132,E0247,2026-03-01,PRESENT,09:32:00,17:42:00,8.17,,
A002133,E0757,2026-06-28,PRESENT,10:03:00,18:17:00,8.23,,
A002134,E0203,2026-02-08,PRESENT,08:29:00,16:35:00,8.1,,
A002135,E0603,2026-04-28,PRESENT,09:59:00,19:29:00,9.5,,
A002136,E0219,2026-01-17,PRESENT,08:02:00,16:16:00,8.23,,Approved remote work
A002137,E0293,2026-03-04,PRESENT,09:51:00,18:39:00,8.8,,Doctor appointment
A002138,E0054,2026-06-28,PRESENT,09:35:00,18:43:00,9.13,,Client meeting
A002139,E0741,2026-06-28,PRESENT,09:02:00,16:23:00,7.35,,
A002140,E0597,2026-01-22,PRESENT,08:16:00,16:20:00,8.07,,
A002141,E0493,2026-05-17,PRESENT,08:26:00,15:29:00,7.05,,
A002142,E0562,2026-01-20,PRESENT,08:24:00,15:35:00,7.18,,
A002143,E0416,2026-06-11,PRESENT,09:48:00,18:05:00,8.28,,
A002144,E0780,2026-04-27,HALF_DAY,09:22:00,14:14:00,4.87,,
A002145,E0858,2026-01-01,PRESENT,09:49:00,19:17:00,9.47,,
A002146,E0251,2026-07-27,ABSENT,,,,,
A002147,E0270,2026-02-15,ABSENT,,,,,
A002148,E0414,2026-01-09,PRESENT,08:49:00,16:02:00,7.22,,
A002149,E0515,2026-04-21,WORK_FROM_HOME,10:30:00,17:30:00,9.43,,
A002150,E0142,2026-02-13,PRESENT,08:24:00,15:48:00,7.4,,
A002151,E0158,2026-01-07,PRESENT,10:02:00,17:11:00,7.15,,Client meeting
A002152,E0263,2026-03-23,ABSENT,,,,,
A002153,E0020,2026-01-25,ON_LEAVE,,,,MATERNITY,
A002154,E0256,2026-02-22,HALF_DAY,09:36:00,13:24:00,3.8,,
A002155,E0874,2026-02-04,PRESENT,08:08:00,16:29:00,8.35,,
A002156,E0602,2026-02-03,PRESENT,08:45:00,15:57:00,7.2,,
A002157,E0144,2026-06-17,PRESENT,08:11:00,15:30:00,7.32,,Doctor appointment
A002158,E0263,2026-05-17,PRESENT,08:57:00,18:24:00,9.45,,Doctor appointment
A002159,E0658,2026-02-14,PRESENT,10:12:00,18:48:00,8.6,,
A002160,E0120,2026-07-23,PRESENT,09:02:00,17:07:00,8.08,,
A002161,E0881,2026-04-16,PRESENT,09:25:00,16:57:00,7.53,,
A002162,E0191,2026-05-09,PRESENT,09:16:00,18:09:00,8.88,,
A002163,E0006,2026-02-14,PRESENT,10:11:00,19:01:00,8.83,,
A002164,E0275,2026-02-14,ABSENT,,,,,
A002165,E0598,2026-04-02,PRESENT,09:56:00,18:57:00,9.02,,
A002166,E0888,2026-07-30,PRESENT,10:26:00,19:46:00,9.33,,
A002167,E0370,2026-02-15,PRESENT,08:59:00,17:30:00,8.52,,
A002168,E0793,2026-01-24,PRESENT,08:45:00,17:23:00,8.63,,
A002169,E0414,2026-04-05,LATE,11:13:00,17:29:00,6.27,,
A002170,E0783,2026-04-10,WORK_FROM_HOME,08:00:00,20:45:00,7.61,,
A002171,E0273,2026-05-02,LATE,10:48:00,17:44:00,6.93,,
A002172,E0870,2026-05-29,PRESENT,08:40:00,16:53:00,8.22,,
A002173,E0797,2026-03-11,WORK_FROM_HOME,10:30:00,18:30:00,7.68,,
A002174,E0595,2026-06-28,PRESENT,09:44:00,17:16:00,7.53,,
A002175,E0902,2026-07-16,PRESENT,09:26:00,17:29:00,8.05,,
A002176,E0208,2026-07-01,LATE,10:50:00,18:56:00,8.1,,
A002177,E0155,2026-03-18,PRESENT,10:01:00,17:21:00,7.33,,
A002178,E0469,2026-06-15,PRESENT,09:47:00,17:37:00,7.83,,
A002179,E0561,2026-02-27,PRESENT,08:54:00,17:07:00,8.22,,
A002180,E0337,2026-05-09,ABSENT,,,,,
A002181,E0592,2026-01-07,PRESENT,08:25:00,17:05:00,8.67,,
A002182,E0151,2026-03-17,PRESENT,09:00:00,18:19:00,9.32,,
A002183,E0080,2026-04-17,PRESENT,08:57:00,18:05:00,9.13,,Traffic delay
A002184,E0919,2026-07-20,PRESENT,08:50:00,17:48:00,8.97,,Doctor appointment
A002185,E0024,2026-05-08,LATE,11:01:00,17:34:00,6.55,,
A002186,E0483,2026-06-26,PRESENT,08:01:00,15:25:00,7.4,,
A002187,E0629,2026-04-19,LATE,11:11:00,17:15:00,6.07,,
A002188,E0144,2026-04-09,ABSENT,,,,,
A002189,E0121,2026-02-03,ON_LEAVE,,,,EARNED,
A002190,E0202,2026-06-01,LATE,11:41:00,19:34:00,7.88,,
A002191,E0332,2026-06-14,PRESENT,08:36:00,18:04:00,9.47,,
A002192,E0649,2026-02-12,PRESENT,09:15:00,17:43:00,8.47,,
A002193,E0211,2026-07-28,PRESENT,08:27:00,17:24:00,8.95,,
A002194,E0954,2026-05-30,WORK_FROM_HOME,09:00:00,18:45:00,8.27,,
A002195,E0269,2026-05-10,HALF_DAY,08:40:00,13:35:00,4.92,,Personal emergency
A002196,E0424,2026-06-29,WORK_FROM_HOME,10:45:00,17:45:00,8.66,,
A002197,E0689,2026-01-07,PRESENT,10:20:00,18:17:00,7.95,,
A002198,E0226,2026-06-03,PRESENT,08:26:00,17:05:00,8.65,,Approved remote work
A002199,E0805,2026-07-17,PRESENT,08:29:00,17:11:00,8.7,,
A002200,E0253,2026-05-26,PRESENT,10:29:00,17:37:00,7.13,,
A002201,E0084,2026-02-19,PRESENT,09:09:00,17:18:00,8.15,,
A002202,E0940,2026-06-20,PRESENT,10:03:00,17:55:00,7.87,,
A002203,E0281,2026-05-17,LATE,10:37:00,16:48:00,6.18,,
A002204,E0559,2026-07-24,PRESENT,08:22:00,15:37:00,7.25,,
A002205,E0886,2026-04-22,PRESENT,08:55:00,16:04:00,7.15,,Approved remote work
A002206,E0931,2026-05-20,PRESENT,09:42:00,16:44:00,7.03,,
A002207,E0593,2026-06-17,ABSENT,,,,,
A002208,E0086,2026-07-17,PRESENT,09:19:00,17:00:00,7.68,,
A002209,E0040,2026-02-08,PRESENT,09:46:00,18:32:00,8.77,,
A002210,E0414,2026-05-20,ON_LEAVE,,,,CASUAL,
A002211,E0617,2026-01-11,PRESENT,08:36:00,16:07:00,7.52,,
A002212,E0789,2026-02-21,PRESENT,09:24:00,17:41:00,8.28,,
A002213,E0910,2026-02-09,ON_LEAVE,,,,SICK,
A002214,E0077,2026-04-19,PRESENT,10:02:00,19:26:00,9.4,,
A002215,E0099,2026-05-05,HALF_DAY,09:45:00,13:27:00,3.7,,
A002216,E0557,2026-04-08,PRESENT,09:22:00,18:25:00,9.05,,Personal emergency
A002217,E0905,2026-01-23,LATE,10:15:00,17:07:00,6.87,,
A002218,E0802,2026-06-30,PRESENT,09:19:00,16:23:00,7.07,,
A002219,E0311,2026-04-29,PRESENT,08:01:00,15:42:00,7.68,,
A002220,E0534,2026-05-23,LATE,10:12:00,17:26:00,7.23,,Doctor appointment
A002221,E0861,2026-05-17,PRESENT,09:16:00,17:37:00,8.35,,
A002222,E0497,2026-06-28,PRESENT,08:54:00,17:45:00,8.85,,
A002223,E0523,2026-04-05,PRESENT,09:15:00,18:04:00,8.82,,
A002224,E0074,2026-03-03,PRESENT,08:20:00,15:29:00,7.15,,
A002225,E0512,2026-03-19,PRESENT,08:28:00,17:05:00,8.62,,
A002226,E0592,2026-03-15,PRESENT,08:38:00,16:08:00,7.5,,
A002227,E0899,2026-01-13,PRESENT,09:00:00,16:21:00,7.35,,
A002228,E0224,2026-03-26,PRESENT,09:50:00,17:37:00,7.78,,
A002229,E0417,2026-05-21,PRESENT,09:28:00,17:54:00,8.43,,
A002230,E0331,2026-02-14,LATE,11:04:00,18:23:00,7.32,,
A002231,E0003,2026-02-05,PRESENT,09:12:00,18:16:00,9.07,,
A002232,E0067,2026-07-01,PRESENT,10:18:00,18:28:00,8.17,,
A002233,E0937,2026-04-02,PRESENT,09:12:00,18:21:00,9.15,,
A002234,E0973,2026-06-03,PRESENT,08:14:00,15:21:00,7.12,,
A002235,E0606,2026-06-10,ABSENT,,,,,
A002236,E0463,2026-03-31,WORK_FROM_HOME,08:30:00,19:30:00,9.25,,
A002237,E0873,2026-02-17,PRESENT,08:22:00,17:18:00,8.93,,
A002238,E0414,2026-02-04,LATE,10:47:00,18:30:00,7.72,,
A002239,E0266,2026-04-08,WORK_FROM_HOME,10:00:00,17:30:00,7.93,,
A002240,E0670,2026-03-12,PRESENT,08:56:00,15:57:00,7.02,,
A002241,E0388,2026-05-11,PRESENT,09:47:00,17:33:00,7.77,,
A002242,E0807,2026-06-29,PRESENT,08:26:00,15:27:00,7.02,,Personal emergency
A002243,E0833,2026-04-16,PRESENT,08:15:00,16:24:00,8.15,,
A002244,E0824,2026-07-14,PRESENT,08:34:00,17:51:00,9.28,,
A002245,E0484,2026-04-15,PRESENT,10:08:00,17:36:00,7.47,,
A002246,E0892,2026-07-22,PRESENT,08:35:00,16:33:00,7.97,,
A002247,E0152,2026-02-16,PRESENT,08:39:00,16:51:00,8.2,,Approved remote work
A002248,E0483,2026-03-25,WORK_FROM_HOME,09:30:00,17:00:00,8.08,,
A002249,E0040,2026-07-05,LATE,10:35:00,18:30:00,7.92,,
A002250,E0119,2026-02-28,PRESENT,08:26:00,15:55:00,7.48,,
A002251,E0356,2026-06-20,PRESENT,09:20:00,17:09:00,7.82,,
A002252,E0799,2026-04-24,WORK_FROM_HOME,10:15:00,17:45:00,6.99,,
A002253,E0655,2026-06-29,WORK_FROM_HOME,09:00:00,20:15:00,7.58,,System issue
A002254,E0018,2026-01-19,PRESENT,09:16:00,16:42:00,7.43,,
A002255,E0932,2026-07-02,WORK_FROM_HOME,08:30:00,18:00:00,7.23,,
A002256,E0269,2026-03-15,PRESENT,09:44:00,18:40:00,8.93,,
A002257,E0905,2026-06-10,PRESENT,08:09:00,15:53:00,7.73,,System issue
A002258,E0691,2026-05-23,WORK_FROM_HOME,09:15:00,19:45:00,7.17,,
A002259,E0573,2026-06-14,ABSENT,,,,,Doctor appointment
A002260,E0476,2026-05-23,PRESENT,08:29:00,16:06:00,7.62,,Training session
A002261,E0677,2026-06-08,ABSENT,,,,,
A002262,E0257,2026-03-03,HALF_DAY,09:21:00,14:07:00,4.77,,
A002263,E0327,2026-07-28,PRESENT,09:22:00,17:50:00,8.47,,
A002264,E0804,2026-04-06,PRESENT,09:18:00,16:23:00,7.08,,
A002265,E0285,2026-02-17,PRESENT,08:00:00,16:47:00,8.78,,
A002266,E0441,2026-05-26,PRESENT,09:16:00,17:47:00,8.52,,
A002267,E0533,2026-06-05,LATE,10:55:00,16:58:00,6.05,,
A002268,E0746,2026-01-13,PRESENT,09:47:00,18:44:00,8.95,,
A002269,E0464,2026-07-13,PRESENT,09:53:00,17:04:00,7.18,,Approved remote work
A002270,E0148,2026-04-24,PRESENT,08:57:00,17:44:00,8.78,,
A002271,E0071,2026-03-18,PRESENT,10:21:00,17:35:00,7.23,,
A002272,E0226,2026-06-12,PRESENT,09:11:00,17:00:00,7.82,,
A002273,E0409,2026-06-07,PRESENT,09:41:00,17:56:00,8.25,,
A002274,E0471,2026-07-18,HALF_DAY,08:53:00,13:04:00,4.18,,
A002275,E0832,2026-01-03,PRESENT,08:47:00,16:48:00,8.02,,
A002276,E0923,2026-03-06,PRESENT,09:17:00,18:28:00,9.18,,Client meeting
A002277,E0281,2026-01-21,PRESENT,08:32:00,16:50:00,8.3,,Approved remote work
A002278,E0351,2026-03-05,WORK_FROM_HOME,08:30:00,19:30:00,7.69,,
A002279,E0867,2026-05-30,WORK_FROM_HOME,09:45:00,17:15:00,7.65,,
A002280,E0378,2026-04-26,PRESENT,08:54:00,16:50:00,7.93,,
A002281,E0636,2026-07-23,PRESENT,09:14:00,17:45:00,8.52,,
A002282,E0228,2026-01-22,PRESENT,10:17:00,17:52:00,7.58,,
A002283,E0232,2026-01-12,PRESENT,08:35:00,17:26:00,8.85,,
A002284,E0927,2026-06-26,PRESENT,08:23:00,17:16:00,8.88,,
A002285,E0498,2026-03-17,WORK_FROM_HOME,08:00:00,19:00:00,8.3,,
A002286,E0555,2026-07-16,PRESENT,08:30:00,17:01:00,8.52,,
A002287,E0605,2026-02-15,WORK_FROM_HOME,08:45:00,17:45:00,7.65,,
A002288,E0130,2026-07-29,PRESENT,08:08:00,16:03:00,7.92,,
A002289,E0237,2026-05-31,PRESENT,08:11:00,16:28:00,8.28,,
A002290,E0961,2026-07-30,PRESENT,08:47:00,16:25:00,7.63,,Client meeting
A002291,E0688,2026-05-30,PRESENT,10:27:00,18:28:00,8.02,,
A002292,E0217,2026-04-06,PRESENT,10:05:00,19:09:00,9.07,,Client meeting
A002293,E0003,2026-01-15,PRESENT,08:47:00,18:15:00,9.47,,
A002294,E0441,2026-01-26,PRESENT,08:47:00,17:14:00,8.45,,
A002295,E0736,2026-06-23,PRESENT,10:06:00,17:22:00,7.27,,
A002296,E0378,2026-04-01,WORK_FROM_HOME,10:45:00,18:15:00,7.43,,Training session
A002297,E0799,2026-03-30,ABSENT,,,,,
A002298,E0140,2026-07-10,PRESENT,09:38:00,18:37:00,8.98,,
A002299,E0801,2026-05-17,LATE,10:37:00,18:01:00,7.4,,
A002300,E0452,2026-07-07,PRESENT,09:02:00,17:55:00,8.88,,Personal emergency
A002301,E0122,2026-06-07,PRESENT,09:30:00,17:20:00,7.83,,
A002302,E0717,2026-01-27,WORK_FROM_HOME,09:45:00,20:45:00,8.51,,
A002303,E0353,2026-02-15,PRESENT,09:47:00,17:04:00,7.28,,
A002304,E0803,2026-05-28,PRESENT,08:22:00,16:44:00,8.37,,
A002305,E0057,2026-04-15,PRESENT,08:15:00,15:54:00,7.65,,
A002306,E0071,2026-06-22,PRESENT,10:02:00,19:22:00,9.33,,
A002307,E0453,2026-01-07,PRESENT,10:02:00,18:51:00,8.82,,
A002308,E0252,2026-02-04,PRESENT,10:04:00,17:35:00,7.52,,
A002309,E0600,2026-02-09,PRESENT,08:35:00,17:11:00,8.6,,
A002310,E0530,2026-07-04,PRESENT,10:11:00,18:45:00,8.57,,
A002311,E0934,2026-05-08,PRESENT,09:13:00,16:51:00,7.63,,
A002312,E0198,2026-01-06,PRESENT,09:02:00,17:58:00,8.93,,
A002313,E0792,2026-03-04,PRESENT,10:17:00,19:41:00,9.4,,
A002314,E0153,2026-03-04,ABSENT,,,,,Doctor appointment
A002315,E0266,2026-04-22,PRESENT,10:08:00,18:45:00,8.62,,
A002316,E0214,2026-02-02,ON_LEAVE,,,,PATERNITY,
A002317,E0106,2026-05-06,PRESENT,08:51:00,17:58:00,9.12,,
A002318,E0584,2026-01-19,WORK_FROM_HOME,08:15:00,17:00:00,7.52,,Approved remote work
A002319,E0684,2026-01-08,LATE,11:43:00,19:13:00,7.5,,
A002320,E0439,2026-04-11,PRESENT,09:50:00,18:43:00,8.88,,
A002321,E0898,2026-02-26,WORK_FROM_HOME,08:45:00,18:30:00,7.61,,
A002322,E0354,2026-02-26,WORK_FROM_HOME,09:30:00,20:30:00,9.23,,
A002323,E0396,2026-06-07,PRESENT,09:45:00,17:51:00,8.1,,
A002324,E0524,2026-03-17,PRESENT,08:40:00,16:22:00,7.7,,
A002325,E0822,2026-05-28,PRESENT,09:34:00,17:04:00,7.5,,Traffic delay
A002326,E0641,2026-02-05,PRESENT,09:45:00,19:13:00,9.47,,
A002327,E0582,2026-04-18,PRESENT,10:16:00,18:41:00,8.42,,
A002328,E0147,2026-07-29,PRESENT,09:47:00,17:19:00,7.53,,
A002329,E0897,2026-04-17,ABSENT,,,,,
A002330,E0968,2026-03-01,ABSENT,,,,,
A002331,E0629,2026-04-23,PRESENT,08:55:00,17:00:00,8.08,,
A002332,E0276,2026-02-05,PRESENT,10:27:00,17:55:00,7.47,,
A002333,E0890,2026-07-20,PRESENT,08:01:00,15:48:00,7.78,,
A002334,E0201,2026-03-16,WORK_FROM_HOME,10:00:00,19:30:00,7.88,,
A002335,E0741,2026-05-26,PRESENT,08:35:00,17:10:00,8.58,,System issue
A002336,E0299,2026-06-28,PRESENT,09:57:00,17:03:00,7.1,,
A002337,E0666,2026-06-06,PRESENT,08:23:00,16:37:00,8.23,,
A002338,E0697,2026-02-06,LATE,10:25:00,18:18:00,7.88,,
A002339,E0902,2026-02-09,PRESENT,10:25:00,18:34:00,8.15,,
A002340,E0735,2026-04-12,PRESENT,09:53:00,16:56:00,7.05,,
A002341,E0417,2026-06-11,PRESENT,08:35:00,17:48:00,9.22,,
A002342,E0005,2026-01-29,PRESENT,08:35:00,16:13:00,7.63,,Training session
A002343,E0051,2026-07-04,PRESENT,09:14:00,18:22:00,9.13,,
A002344,E0130,2026-04-10,LATE,11:39:00,19:58:00,8.32,,
A002345,E0771,2026-02-24,PRESENT,09:55:00,19:22:00,9.45,,
A002346,E0970,2026-07-22,PRESENT,10:18:00,19:01:00,8.72,,
A002347,E0758,2026-06-13,PRESENT,08:52:00,17:29:00,8.62,,Approved remote work
A002348,E0656,2026-06-23,PRESENT,09:13:00,18:04:00,8.85,,
A002349,E0614,2026-02-04,PRESENT,09:34:00,18:21:00,8.78,,
A002350,E0733,2026-01-14,PRESENT,08:48:00,16:25:00,7.62,,
A002351,E0379,2026-07-15,WORK_FROM_HOME,08:30:00,17:00:00,9.22,,Approved remote work
A002352,E0299,2026-04-11,PRESENT,09:28:00,18:43:00,9.25,,
A002353,E0917,2026-07-01,PRESENT,10:18:00,17:30:00,7.2,,
A002354,E0537,2026-07-07,PRESENT,08:09:00,16:22:00,8.22,,
A002355,E0070,2026-01-16,PRESENT,09:09:00,17:10:00,8.02,,Traffic delay
A002356,E0395,2026-05-11,PRESENT,08:54:00,17:18:00,8.4,,
A002357,E0650,2026-06-17,PRESENT,10:11:00,18:06:00,7.92,,
A002358,E0470,2026-03-23,PRESENT,08:12:00,16:02:00,7.83,,Personal emergency
A002359,E0013,2026-01-27,WORK_FROM_HOME,09:45:00,19:45:00,8.05,,Training session
A002360,E0836,2026-04-26,PRESENT,08:09:00,15:32:00,7.38,,
A002361,E0623,2026-01-10,PRESENT,09:58:00,17:24:00,7.43,,
A002362,E0621,2026-05-15,PRESENT,08:52:00,17:55:00,9.05,,
A002363,E0447,2026-01-24,PRESENT,10:12:00,18:51:00,8.65,,
A002364,E0819,2026-05-13,ON_LEAVE,,,,CASUAL,System issue
A002365,E0482,2026-07-31,HALF_DAY,09:26:00,13:41:00,4.25,,
A002366,E0730,2026-05-14,PRESENT,08:50:00,16:30:00,7.67,,
A002367,E0488,2026-01-11,ABSENT,,,,,
A002368,E0341,2026-05-18,PRESENT,08:48:00,16:53:00,8.08,,
A002369,E0553,2026-01-18,PRESENT,09:48:00,18:11:00,8.38,,
A002370,E0154,2026-05-20,PRESENT,09:33:00,17:34:00,8.02,,
A002371,E0593,2026-06-17,PRESENT,10:10:00,17:51:00,7.68,,
A002372,E0398,2026-04-13,PRESENT,08:24:00,17:23:00,8.98,,
A002373,E0718,2026-05-04,PRESENT,08:11:00,15:28:00,7.28,,
A002374,E0553,2026-07-28,PRESENT,09:48:00,18:37:00,8.82,,
A002375,E0620,2026-02-23,PRESENT,08:51:00,15:52:00,7.02,,
A002376,E0528,2026-03-29,PRESENT,09:58:00,17:43:00,7.75,,
A002377,E0394,2026-04-21,PRESENT,08:56:00,17:01:00,8.08,,
A002378,E0654,2026-04-05,LATE,11:31:00,17:46:00,6.25,,
A002379,E0129,2026-05-13,PRESENT,09:16:00,18:05:00,8.82,,Doctor appointment
A002380,E0005,2026-07-25,PRESENT,08:48:00,15:49:00,7.02,,
A002381,E0578,2026-05-01,PRESENT,08:02:00,16:58:00,8.93,,
A002382,E0230,2026-05-23,WORK_FROM_HOME,09:45:00,20:45:00,9.03,,
A002383,E0973,2026-07-13,PRESENT,10:08:00,18:22:00,8.23,,
A002384,E0132,2026-06-27,ABSENT,,,,,
A002385,E0944,2026-04-10,PRESENT,08:15:00,15:17:00,7.03,,
A002386,E0085,2026-02-07,PRESENT,08:36:00,16:47:00,8.18,,
A002387,E0303,2026-06-22,PRESENT,08:55:00,16:08:00,7.22,,
A002388,E0675,2026-05-04,HALF_DAY,09:58:00,14:52:00,4.9,,
A002389,E0481,2026-01-25,LATE,11:47:00,19:36:00,7.82,,
A002390,E0695,2026-05-29,PRESENT,10:01:00,17:28:00,7.45,,
A002391,E0727,2026-06-06,PRESENT,09:42:00,18:25:00,8.72,,
A002392,E0417,2026-03-17,PRESENT,09:36:00,18:50:00,9.23,,
A002393,E0200,2026-03-15,LATE,10:03:00,16:07:00,6.07,,
A002394,E0376,2026-02-08,PRESENT,09:12:00,16:47:00,7.58,,
A002395,E0389,2026-06-24,ABSENT,,,,,
A002396,E0470,2026-06-09,PRESENT,08:46:00,16:18:00,7.53,,
A002397,E0594,2026-01-20,LATE,10:32:00,19:11:00,8.65,,
A002398,E0470,2026-01-06,PRESENT,09:12:00,18:14:00,9.03,,
A002399,E0432,2026-01-13,LATE,10:43:00,18:49:00,8.1,,
A002400,E0601,2026-01-30,PRESENT,09:24:00,16:33:00,7.15,,
A002401,E0099,2026-01-12,PRESENT,08:38:00,17:25:00,8.78,,System issue
A002402,E0034,2026-02-04,PRESENT,10:23:00,19:49:00,9.43,,
A002403,E0686,2026-03-08,HALF_DAY,09:13:00,13:59:00,4.77,,
A002404,E0570,2026-02-22,PRESENT,09:13:00,18:22:00,9.15,,
A002405,E0212,2026-04-02,PRESENT,08:22:00,16:09:00,7.78,,System issue
A002406,E0413,2026-05-01,PRESENT,09:04:00,17:42:00,8.63,,
A002407,E0918,2026-07-01,PRESENT,09:45:00,18:24:00,8.65,,
A002408,E0696,2026-08-01,PRESENT,08:39:00,15:44:00,7.08,,
A002409,E0094,2026-05-07,PRESENT,09:44:00,18:32:00,8.8,,
A002410,E0798,2026-05-13,PRESENT,09:40:00,18:57:00,9.28,,
A002411,E0879,2026-06-01,WORK_FROM_HOME,09:15:00,19:00:00,9.47,,Client meeting
A002412,E0706,2026-07-08,PRESENT,08:36:00,15:41:00,7.08,,
A002413,E0681,2026-01-13,PRESENT,09:36:00,16:40:00,7.07,,
A002414,E0604,2026-01-07,PRESENT,09:26:00,17:37:00,8.18,,
A002415,E0147,2026-05-07,WORK_FROM_HOME,10:15:00,17:15:00,7.7,,
A002416,E0328,2026-04-18,HALF_DAY,08:57:00,13:15:00,4.3,,
A002417,E0781,2026-02-21,LATE,10:12:00,16:26:00,6.23,,Client meeting
A002418,E0604,2026-01-14,PRESENT,10:30:00,18:30:00,8.0,,Traffic delay
A002419,E0534,2026-01-30,ABSENT,,,,,
A002420,E0318,2026-07-30,PRESENT,08:11:00,15:55:00,7.73,,
A002421,E0972,2026-03-01,PRESENT,09:11:00,16:27:00,7.27,,
A002422,E0902,2026-06-03,LATE,11:20:00,20:14:00,8.9,,Personal emergency
A002423,E0236,2026-01-13,WORK_FROM_HOME,10:45:00,20:45:00,8.62,,Training session
A002424,E0428,2026-04-11,PRESENT,08:06:00,17:17:00,9.18,,
A002425,E0085,2026-02-05,ON_LEAVE,,,,MATERNITY,
A002426,E0358,2026-07-14,PRESENT,09:57:00,18:02:00,8.08,,
A002427,E0868,2026-01-01,WORK_FROM_HOME,08:00:00,17:00:00,9.23,,
A002428,E0698,2026-05-21,WORK_FROM_HOME,10:15:00,17:45:00,8.52,,
A002429,E0208,2026-06-04,PRESENT,10:08:00,18:22:00,8.23,,
A002430,E0097,2026-05-23,PRESENT,08:31:00,16:49:00,8.3,,
A002431,E0433,2026-06-05,PRESENT,09:44:00,18:15:00,8.52,,
A002432,E0776,2026-07-06,PRESENT,10:04:00,18:53:00,8.82,,
A002433,E0888,2026-01-26,PRESENT,10:02:00,18:43:00,8.68,,
A002434,E0129,2026-06-18,PRESENT,08:55:00,17:39:00,8.73,,
A002435,E0443,2026-05-20,PRESENT,09:31:00,16:37:00,7.1,,Personal emergency
A002436,E0407,2026-07-18,LATE,10:21:00,18:18:00,7.95,,
A002437,E0177,2026-06-01,PRESENT,09:48:00,18:38:00,8.83,,
A002438,E0528,2026-08-01,PRESENT,08:02:00,17:27:00,9.42,,
A002439,E0200,2026-04-25,PRESENT,08:21:00,17:02:00,8.68,,
A002440,E0333,2026-02-13,PRESENT,10:17:00,17:17:00,7.0,,
A002441,E0595,2026-05-30,PRESENT,09:21:00,18:45:00,9.4,,
A002442,E0139,2026-03-24,PRESENT,10:02:00,19:04:00,9.03,,
A002443,E0445,2026-03-24,ON_LEAVE,,,,MATERNITY,
A002444,E0026,2026-05-21,HALF_DAY,09:41:00,13:58:00,4.28,,
A002445,E0545,2026-01-07,PRESENT,08:18:00,16:32:00,8.23,,
A002446,E0452,2026-01-28,WORK_FROM_HOME,09:45:00,18:00:00,8.84,,
A002447,E0143,2026-06-01,WORK_FROM_HOME,09:30:00,17:45:00,9.09,,Client meeting
A002448,E0862,2026-03-20,PRESENT,08:10:00,15:24:00,7.23,,
A002449,E0370,2026-07-18,PRESENT,08:47:00,16:54:00,8.12,,
A002450,E0721,2026-06-13,PRESENT,09:54:00,19:17:00,9.38,,
A002451,E0504,2026-03-31,PRESENT,08:12:00,16:11:00,7.98,,
A002452,E0793,2026-02-06,PRESENT,08:04:00,15:35:00,7.52,,Doctor appointment
A002453,E0349,2026-06-12,PRESENT,10:09:00,18:49:00,8.67,,
A002454,E0037,2026-05-07,PRESENT,10:26:00,17:31:00,7.08,,
A002455,E0659,2026-06-03,PRESENT,08:46:00,16:27:00,7.68,,
A002456,E0194,2026-04-15,PRESENT,08:30:00,17:53:00,9.38,,Doctor appointment
A002457,E0908,2026-01-11,PRESENT,10:07:00,17:57:00,7.83,,Doctor appointment
A002458,E0832,2026-03-08,LATE,11:56:00,19:34:00,7.63,,
A002459,E0434,2026-02-05,PRESENT,10:26:00,19:21:00,8.92,,
A002460,E0481,2026-07-22,ABSENT,,,,,
A002461,E0026,2026-06-28,LATE,11:04:00,20:00:00,8.93,,Personal emergency
A002462,E0781,2026-03-12,PRESENT,09:34:00,18:18:00,8.73,,
A002463,E0931,2026-05-07,PRESENT,09:37:00,18:55:00,9.3,,
A002464,E0808,2026-02-23,PRESENT,09:17:00,17:21:00,8.07,,
A002465,E0225,2026-03-07,PRESENT,08:16:00,16:27:00,8.18,,
A002466,E0440,2026-05-21,ON_LEAVE,,,,MATERNITY,
A002467,E0895,2026-05-12,PRESENT,09:08:00,18:17:00,9.15,,
A002468,E0304,2026-05-24,ABSENT,,,,,
A002469,E0963,2026-04-01,PRESENT,09:49:00,17:29:00,7.67,,
A002470,E0853,2026-05-07,PRESENT,09:40:00,17:56:00,8.27,,
A002471,E0247,2026-02-09,PRESENT,09:57:00,18:58:00,9.02,,
A002472,E0483,2026-01-02,WORK_FROM_HOME,09:15:00,18:45:00,9.2,,
A002473,E0625,2026-05-24,PRESENT,09:04:00,17:20:00,8.27,,
A002474,E0999,2026-07-06,PRESENT,09:26:00,18:43:00,9.28,,Client meeting
A002475,E0782,2026-07-05,LATE,10:41:00,16:56:00,6.25,,
A002476,E0739,2026-01-09,PRESENT,10:16:00,18:24:00,8.13,,
A002477,E0170,2026-07-07,HALF_DAY,08:36:00,13:04:00,4.47,,
A002478,E0177,2026-07-14,PRESENT,08:50:00,18:15:00,9.42,,Traffic delay
A002479,E0458,2026-02-28,WORK_FROM_HOME,08:30:00,19:30:00,7.97,,
A002480,E0993,2026-06-25,PRESENT,10:23:00,17:30:00,7.12,,Doctor appointment
A002481,E0344,2026-05-24,ON_LEAVE,,,,CASUAL,
A002482,E0693,2026-02-03,PRESENT,08:01:00,16:17:00,8.27,,
A002483,E0024,2026-06-18,PRESENT,10:23:00,17:47:00,7.4,,
A002484,E0352,2026-02-28,WORK_FROM_HOME,09:30:00,18:15:00,6.92,,
A002485,E0636,2026-07-14,PRESENT,08:20:00,15:45:00,7.42,,Doctor appointment
A002486,E0673,2026-04-01,PRESENT,09:10:00,16:52:00,7.7,,
A002487,E0190,2026-04-28,LATE,10:20:00,18:41:00,8.35,,
A002488,E0692,2026-04-08,WORK_FROM_HOME,09:00:00,17:30:00,8.92,,
A002489,E0542,2026-02-19,PRESENT,09:29:00,17:58:00,8.48,,
A002490,E0978,2026-01-21,PRESENT,09:50:00,17:00:00,7.17,,
A002491,E0844,2026-06-10,PRESENT,08:59:00,17:21:00,8.37,,Traffic delay
A002492,E0682,2026-03-19,PRESENT,09:31:00,17:51:00,8.33,,
A002493,E0226,2026-06-26,PRESENT,08:08:00,16:54:00,8.77,,
A002494,E0191,2026-05-20,HALF_DAY,09:23:00,13:51:00,4.47,,
A002495,E0453,2026-03-06,PRESENT,08:35:00,15:57:00,7.37,,
A002496,E0851,2026-05-02,PRESENT,09:48:00,17:30:00,7.7,,
A002497,E0264,2026-01-26,PRESENT,09:48:00,16:55:00,7.12,,
A002498,E0539,2026-01-31,PRESENT,09:53:00,18:33:00,8.67,,
A002499,E0604,2026-06-09,WORK_FROM_HOME,08:00:00,20:15:00,7.77,,Training session
A002500,E0241,2026-06-08,PRESENT,08:18:00,17:09:00,8.85,,
A002501,E0964,2026-01-16,PRESENT,08:08:00,16:32:00,8.4,,
A002502,E0842,2026-06-01,PRESENT,08:32:00,17:19:00,8.78,,
A002503,E0693,2026-07-25,PRESENT,08:44:00,16:39:00,7.92,,
A002504,E0235,2026-07-31,LATE,11:58:00,20:20:00,8.37,,
A002505,E0040,2026-03-20,PRESENT,08:23:00,16:37:00,8.23,,
A002506,E0059,2026-02-07,PRESENT,09:02:00,17:44:00,8.7,,
A002507,E0048,2026-06-23,PRESENT,08:44:00,16:44:00,8.0,,Approved remote work
A002508,E0136,2026-05-01,PRESENT,09:34:00,18:27:00,8.88,,
A002509,E0190,2026-06-05,PRESENT,08:28:00,16:52:00,8.4,,
A002510,E0025,2026-07-11,PRESENT,09:06:00,16:55:00,7.82,,
A002511,E0534,2026-07-01,PRESENT,09:16:00,17:19:00,8.05,,
A002512,E0630,2026-04-06,PRESENT,08:21:00,15:30:00,7.15,,
A002513,E0877,2026-02-10,PRESENT,10:29:00,19:32:00,9.05,,
A002514,E0695,2026-06-14,PRESENT,08:04:00,16:48:00,8.73,,
A002515,E0599,2026-01-30,WORK_FROM_HOME,10:15:00,20:30:00,9.31,,
A002516,E0932,2026-04-26,PRESENT,08:41:00,17:51:00,9.17,,Traffic delay
A002517,E0145,2026-06-25,PRESENT,08:13:00,17:21:00,9.13,,
A002518,E0840,2026-06-08,PRESENT,08:25:00,17:45:00,9.33,,
A002519,E0581,2026-01-20,LATE,10:57:00,17:52:00,6.92,,
A002520,E0446,2026-07-19,PRESENT,08:06:00,16:37:00,8.52,,
A002521,E0527,2026-06-24,PRESENT,08:00:00,16:53:00,8.88,,
A002522,E0355,2026-06-02,ABSENT,,,,,
A002523,E0083,2026-04-06,WORK_FROM_HOME,09:30:00,17:00:00,6.67,,
A002524,E0182,2026-01-02,PRESENT,09:36:00,18:49:00,9.22,,
A002525,E0507,2026-05-23,PRESENT,08:54:00,17:13:00,8.32,,
A002526,E0902,2026-01-15,PRESENT,09:20:00,18:28:00,9.13,,
A002527,E0780,2026-04-12,PRESENT,08:12:00,16:21:00,8.15,,Training session
A002528,E0737,2026-07-21,PRESENT,09:44:00,18:41:00,8.95,,
A002529,E0305,2026-06-10,PRESENT,08:37:00,16:38:00,8.02,,
A002530,E0555,2026-05-10,PRESENT,08:19:00,16:21:00,8.03,,
A002531,E0681,2026-02-03,PRESENT,08:18:00,15:30:00,7.2,,
A002532,E0322,2026-01-26,PRESENT,09:11:00,17:47:00,8.6,,System issue
A002533,E0318,2026-02-10,PRESENT,08:25:00,16:25:00,8.0,,
A002534,E0561,2026-02-13,PRESENT,09:00:00,16:44:00,7.73,,System issue
A002535,E0758,2026-02-20,PRESENT,08:19:00,16:58:00,8.65,,
A002536,E0742,2026-07-19,PRESENT,08:56:00,17:42:00,8.77,,
A002537,E0244,2026-05-18,PRESENT,08:22:00,17:24:00,9.03,,
A002538,E0756,2026-04-08,PRESENT,09:59:00,19:09:00,9.17,,
A002539,E0314,2026-06-15,PRESENT,10:03:00,17:50:00,7.78,,Client meeting
A002540,E0363,2026-02-03,PRESENT,08:25:00,15:37:00,7.2,,
A002541,E0936,2026-01-03,PRESENT,09:51:00,17:52:00,8.02,,
A002542,E0374,2026-07-23,PRESENT,10:16:00,18:38:00,8.37,,Doctor appointment
A002543,E0470,2026-01-02,PRESENT,08:20:00,15:48:00,7.47,,
A002544,E0599,2026-07-12,PRESENT,09:07:00,17:24:00,8.28,,
A002545,E0958,2026-04-04,PRESENT,10:00:00,17:36:00,7.6,,
A002546,E0353,2026-03-28,PRESENT,08:29:00,16:16:00,7.78,,
A002547,E0511,2026-01-21,PRESENT,09:54:00,17:23:00,7.48,,
A002548,E0692,2026-05-09,PRESENT,08:36:00,17:24:00,8.8,,
A002549,E0363,2026-04-13,PRESENT,09:42:00,18:19:00,8.62,,
A002550,E0452,2026-05-20,PRESENT,08:06:00,16:41:00,8.58,,
A002551,E0213,2026-04-28,PRESENT,10:19:00,19:33:00,9.23,,
A002552,E0294,2026-07-30,ON_LEAVE,,,,SICK,
A002553,E0223,2026-06-25,PRESENT,09:13:00,17:50:00,8.62,,
A002554,E0310,2026-03-18,LATE,11:54:00,19:31:00,7.62,,
A002555,E0435,2026-02-22,ABSENT,,,,,Personal emergency
A002556,E0114,2026-01-19,LATE,10:54:00,17:18:00,6.4,,
A002557,E0179,2026-06-10,PRESENT,09:35:00,17:22:00,7.78,,
A002558,E0233,2026-01-29,PRESENT,10:16:00,19:03:00,8.78,,
A002559,E0946,2026-04-17,PRESENT,08:06:00,16:10:00,8.07,,
A002560,E0387,2026-05-18,ON_LEAVE,,,,MATERNITY,
A002561,E0925,2026-05-04,WORK_FROM_HOME,10:15:00,17:00:00,7.15,,
A002562,E0226,2026-05-05,PRESENT,08:58:00,17:40:00,8.7,,
A002563,E0707,2026-01-21,LATE,11:14:00,18:00:00,6.77,,
A002564,E0149,2026-07-19,WORK_FROM_HOME,10:00:00,18:45:00,9.46,,
A002565,E0393,2026-03-26,PRESENT,09:11:00,16:27:00,7.27,,Approved remote work
A002566,E0052,2026-04-07,ABSENT,,,,,
A002567,E0593,2026-01-25,PRESENT,09:55:00,17:38:00,7.72,,
A002568,E0161,2026-03-13,PRESENT,10:12:00,18:01:00,7.82,,System issue
A002569,E0117,2026-04-25,PRESENT,09:42:00,16:55:00,7.22,,
A002570,E0492,2026-03-27,PRESENT,10:14:00,19:27:00,9.22,,
A002571,E0853,2026-05-28,PRESENT,09:12:00,18:40:00,9.47,,
A002572,E0640,2026-06-03,PRESENT,08:41:00,16:15:00,7.57,,Client meeting
A002573,E0114,2026-03-13,PRESENT,09:44:00,18:09:00,8.42,,
A002574,E0365,2026-05-13,ABSENT,,,,,
A002575,E0548,2026-06-19,PRESENT,08:02:00,16:52:00,8.83,,Doctor appointment
A002576,E0648,2026-07-25,PRESENT,09:20:00,18:04:00,8.73,,
A002577,E0097,2026-04-15,PRESENT,08:24:00,16:07:00,7.72,,
A002578,E0979,2026-04-04,HALF_DAY,09:27:00,13:19:00,3.87,,
A002579,E0772,2026-04-17,PRESENT,09:18:00,18:03:00,8.75,,
A002580,E0936,2026-05-24,PRESENT,08:22:00,17:48:00,9.43,,
A002581,E0217,2026-05-15,WORK_FROM_HOME,10:00:00,20:15:00,8.63,,
A002582,E0117,2026-07-15,PRESENT,08:03:00,17:10:00,9.12,,Traffic delay
A002583,E0357,2026-02-18,LATE,11:30:00,18:13:00,6.72,,Doctor appointment
A002584,E0822,2026-06-26,PRESENT,08:30:00,16:31:00,8.02,,System issue
A002585,E0882,2026-05-15,PRESENT,10:28:00,17:37:00,7.15,,
A002586,E0047,2026-03-21,PRESENT,08:14:00,16:16:00,8.03,,
A002587,E0168,2026-06-03,PRESENT,09:15:00,17:50:00,8.58,,
A002588,E0341,2026-05-09,PRESENT,09:47:00,17:47:00,8.0,,
A002589,E0940,2026-05-31,PRESENT,08:31:00,16:10:00,7.65,,
A002590,E0286,2026-07-07,PRESENT,08:39:00,16:16:00,7.62,,
A002591,E0796,2026-03-29,PRESENT,09:09:00,16:26:00,7.28,,
A002592,E0718,2026-07-09,PRESENT,10:22:00,17:39:00,7.28,,
A002593,E0864,2026-08-01,PRESENT,10:06:00,18:53:00,8.78,,
A002594,E0927,2026-01-28,LATE,10:24:00,19:24:00,9.0,,
A002595,E0831,2026-01-10,PRESENT,10:18:00,18:59:00,8.68,,
A002596,E0613,2026-03-08,PRESENT,08:25:00,16:18:00,7.88,,
A002597,E0569,2026-03-06,PRESENT,08:24:00,16:44:00,8.33,,
A002598,E0795,2026-01-14,PRESENT,08:02:00,17:02:00,9.0,,
A002599,E0534,2026-06-19,ABSENT,,,,,
A002600,E0637,2026-01-12,PRESENT,09:49:00,18:07:00,8.3,,
A002601,E0808,2026-05-29,PRESENT,08:34:00,16:45:00,8.18,,
A002602,E0033,2026-05-24,ON_LEAVE,,,,PATERNITY,
A002603,E0181,2026-06-29,PRESENT,10:03:00,17:51:00,7.8,,
A002604,E0969,2026-07-14,WORK_FROM_HOME,10:00:00,17:15:00,7.76,,
A002605,E0637,2026-05-01,PRESENT,09:49:00,18:44:00,8.92,,Personal emergency
A002606,E0140,2026-01-31,PRESENT,08:57:00,17:12:00,8.25,,
A002607,E0724,2026-02-16,PRESENT,08:43:00,16:26:00,7.72,,
A002608,E0968,2026-03-11,PRESENT,10:14:00,18:12:00,7.97,,
A002609,E0063,2026-04-16,PRESENT,09:02:00,16:49:00,7.78,,
A002610,E0445,2026-03-22,PRESENT,08:03:00,15:27:00,7.4,,
A002611,E0103,2026-06-16,LATE,10:38:00,17:46:00,7.13,,
A002612,E0780,2026-05-22,WORK_FROM_HOME,10:00:00,18:30:00,7.31,,
A002613,E0857,2026-07-13,PRESENT,09:18:00,18:10:00,8.87,,
A002614,E0719,2026-01-24,PRESENT,10:11:00,19:00:00,8.82,,
A002615,E0345,2026-04-17,ON_LEAVE,,,,CASUAL,
A002616,E0590,2026-03-14,PRESENT,10:06:00,18:35:00,8.48,,
A002617,E0553,2026-06-08,ABSENT,,,,,
A002618,E0479,2026-01-10,PRESENT,08:34:00,16:50:00,8.27,,
A002619,E0096,2026-06-25,PRESENT,08:14:00,17:24:00,9.17,,
A002620,E0184,2026-04-09,WORK_FROM_HOME,08:00:00,18:30:00,8.5,,
A002621,E0632,2026-03-10,PRESENT,10:27:00,18:11:00,7.73,,Doctor appointment
A002622,E0248,2026-05-03,PRESENT,09:37:00,18:27:00,8.83,,
A002623,E0960,2026-04-19,PRESENT,08:42:00,18:07:00,9.42,,
A002624,E0238,2026-05-18,PRESENT,10:25:00,18:29:00,8.07,,Client meeting
A002625,E0641,2026-07-30,PRESENT,08:49:00,15:53:00,7.07,,
A002626,E0813,2026-03-01,LATE,10:40:00,17:12:00,6.53,,
A002627,E0647,2026-02-08,PRESENT,09:36:00,18:24:00,8.8,,
A002628,E0525,2026-07-10,PRESENT,09:44:00,17:32:00,7.8,,
A002629,E0308,2026-06-22,PRESENT,08:58:00,16:58:00,8.0,,
A002630,E0484,2026-04-05,PRESENT,10:14:00,18:51:00,8.62,,
A002631,E0627,2026-03-07,ABSENT,,,,,
A002632,E0795,2026-07-26,PRESENT,09:13:00,16:57:00,7.73,,
A002633,E0745,2026-05-24,PRESENT,08:34:00,17:55:00,9.35,,
A002634,E0022,2026-04-26,PRESENT,09:27:00,16:32:00,7.08,,
A002635,E0356,2026-02-11,ON_LEAVE,,,,PATERNITY,
A002636,E0959,2026-05-14,LATE,10:48:00,19:23:00,8.58,,
A002637,E0944,2026-05-03,HALF_DAY,08:31:00,12:32:00,4.02,,
A002638,E0827,2026-06-04,WORK_FROM_HOME,09:15:00,19:00:00,7.77,,
A002639,E0482,2026-04-14,PRESENT,09:06:00,18:03:00,8.95,,
A002640,E0563,2026-05-14,PRESENT,08:09:00,17:39:00,9.5,,
A002641,E0140,2026-05-21,PRESENT,09:56:00,17:50:00,7.9,,
A002642,E0292,2026-07-09,ABSENT,,,,,
A002643,E0683,2026-04-07,PRESENT,09:51:00,18:41:00,8.83,,
A002644,E0552,2026-06-06,PRESENT,09:56:00,17:00:00,7.07,,
A002645,E0110,2026-04-28,ABSENT,,,,,
A002646,E0023,2026-04-21,PRESENT,08:21:00,16:27:00,8.1,,
A002647,E0930,2026-01-22,PRESENT,08:55:00,18:09:00,9.23,,
A002648,E0975,2026-07-03,WORK_FROM_HOME,09:45:00,20:30:00,7.84,,
A002649,E0746,2026-03-25,PRESENT,09:26:00,16:45:00,7.32,,
A002650,E0518,2026-04-19,WORK_FROM_HOME,09:45:00,19:30:00,8.56,,
A002651,E0741,2026-06-24,PRESENT,09:12:00,17:05:00,7.88,,
A002652,E0377,2026-06-06,WORK_FROM_HOME,10:30:00,17:30:00,9.45,,
A002653,E0932,2026-01-05,PRESENT,09:44:00,18:28:00,8.73,,
A002654,E0591,2026-07-22,WORK_FROM_HOME,09:00:00,18:30:00,7.95,,
A002655,E0815,2026-05-24,PRESENT,10:00:00,19:17:00,9.28,,
A002656,E0922,2026-03-26,LATE,10:16:00,17:32:00,7.27,,
A002657,E0865,2026-02-03,PRESENT,09:01:00,18:18:00,9.28,,
A002658,E0723,2026-05-06,PRESENT,08:44:00,17:20:00,8.6,,
A002659,E0309,2026-05-12,ON_LEAVE,,,,CASUAL,
A002660,E0779,2026-07-13,PRESENT,09:13:00,18:39:00,9.43,,
A002661,E0767,2026-04-15,WORK_FROM_HOME,10:45:00,18:30:00,9.1,,
A002662,E0227,2026-01-05,ABSENT,,,,,Training session
A002663,E0082,2026-07-15,PRESENT,10:20:00,19:47:00,9.45,,
A002664,E0342,2026-01-22,WORK_FROM_HOME,08:00:00,19:30:00,8.33,,
A002665,E0890,2026-07-01,PRESENT,09:29:00,18:43:00,9.23,,
A002666,E0487,2026-01-13,WORK_FROM_HOME,09:15:00,17:15:00,7.66,,
A002667,E0221,2026-03-06,PRESENT,09:12:00,17:06:00,7.9,,
A002668,E0265,2026-04-14,PRESENT,09:36:00,17:38:00,8.03,,
A002669,E0551,2026-01-19,PRESENT,08:38:00,16:28:00,7.83,,
A002670,E0451,2026-06-23,PRESENT,10:02:00,17:14:00,7.2,,
A002671,E0226,2026-02-01,WORK_FROM_HOME,09:45:00,20:45:00,7.4,,
A002672,E0424,2026-02-04,PRESENT,09:40:00,18:33:00,8.88,,
A002673,E0714,2026-01-11,PRESENT,10:21:00,19:26:00,9.08,,
A002674,E0272,2026-07-20,PRESENT,09:35:00,17:44:00,8.15,,
A002675,E0666,2026-03-03,WORK_FROM_HOME,10:30:00,18:30:00,9.02,,
A002676,E0457,2026-07-11,PRESENT,09:04:00,16:11:00,7.12,,
A002677,E0803,2026-03-03,PRESENT,09:59:00,18:46:00,8.78,,
A002678,E0289,2026-01-07,PRESENT,08:38:00,15:43:00,7.08,,
A002679,E0492,2026-04-18,PRESENT,08:20:00,16:38:00,8.3,,
A002680,E0360,2026-02-21,PRESENT,08:19:00,16:40:00,8.35,,
A002681,E0785,2026-02-23,PRESENT,08:53:00,16:08:00,7.25,,
A002682,E0060,2026-07-21,PRESENT,08:11:00,17:37:00,9.43,,
A002683,E0757,2026-01-09,LATE,10:48:00,18:29:00,7.68,,
A002684,E0519,2026-02-08,PRESENT,09:14:00,17:21:00,8.12,,
A002685,E0538,2026-07-24,PRESENT,09:48:00,18:21:00,8.55,,
A002686,E0977,2026-02-16,WORK_FROM_HOME,08:45:00,20:00:00,9.09,,
A002687,E0938,2026-06-21,LATE,11:51:00,18:00:00,6.15,,
A002688,E0030,2026-05-27,ABSENT,,,,,Personal emergency
A002689,E0252,2026-07-28,PRESENT,09:32:00,18:19:00,8.78,,System issue
A002690,E0706,2026-07-15,PRESENT,10:25:00,19:07:00,8.7,,
A002691,E0083,2026-01-23,PRESENT,09:21:00,18:29:00,9.13,,
A002692,E0985,2026-04-25,LATE,10:36:00,18:18:00,7.7,,
A002693,E0320,2026-07-06,PRESENT,09:54:00,18:42:00,8.8,,
A002694,E0523,2026-06-14,LATE,10:53:00,19:03:00,8.17,,
A002695,E0001,2026-03-13,ABSENT,,,,,
A002696,E0422,2026-04-13,PRESENT,09:38:00,18:58:00,9.33,,
A002697,E0726,2026-06-07,PRESENT,09:35:00,17:09:00,7.57,,
A002698,E0352,2026-06-03,PRESENT,08:04:00,17:18:00,9.23,,
A002699,E0070,2026-03-12,ABSENT,,,,,
A002700,E0709,2026-03-01,PRESENT,08:46:00,18:13:00,9.45,,
A002701,E0509,2026-04-19,WORK_FROM_HOME,09:30:00,20:15:00,9.07,,
A002702,E0433,2026-02-14,WORK_FROM_HOME,08:30:00,17:15:00,6.7,,
A002703,E0545,2026-04-10,PRESENT,09:18:00,18:22:00,9.07,,
A002704,E0889,2026-03-04,PRESENT,08:23:00,16:27:00,8.07,,
A002705,E0759,2026-05-09,PRESENT,09:06:00,18:02:00,8.93,,
A002706,E0310,2026-07-31,PRESENT,08:48:00,17:11:00,8.38,,
A002707,E0289,2026-01-27,PRESENT,08:42:00,16:39:00,7.95,,
A002708,E0493,2026-06-15,PRESENT,09:31:00,16:52:00,7.35,,
A002709,E0766,2026-06-24,PRESENT,09:44:00,18:29:00,8.75,,
A002710,E0888,2026-05-08,PRESENT,08:24:00,16:16:00,7.87,,Doctor appointment
A002711,E0941,2026-04-04,PRESENT,08:48:00,15:50:00,7.03,,
A002712,E0527,2026-04-06,PRESENT,09:47:00,18:08:00,8.35,,
A002713,E0081,2026-03-31,PRESENT,10:14:00,19:31:00,9.28,,
A002714,E0172,2026-06-27,PRESENT,10:20:00,18:43:00,8.38,,
A002715,E0638,2026-07-26,PRESENT,10:27:00,19:40:00,9.22,,
A002716,E0908,2026-06-23,LATE,10:10:00,16:53:00,6.72,,
A002717,E0568,2026-04-07,PRESENT,10:12:00,17:40:00,7.47,,
A002718,E0354,2026-07-14,PRESENT,08:55:00,18:12:00,9.28,,
A002719,E0875,2026-01-25,PRESENT,09:19:00,18:35:00,9.27,,
A002720,E0586,2026-01-24,PRESENT,08:10:00,15:24:00,7.23,,
A002721,E0984,2026-05-17,PRESENT,09:06:00,17:44:00,8.63,,
A002722,E0131,2026-06-30,PRESENT,08:44:00,17:03:00,8.32,,
A002723,E0106,2026-06-26,PRESENT,09:34:00,19:01:00,9.45,,
A002724,E0862,2026-03-03,ON_LEAVE,,,,CASUAL,
A002725,E0754,2026-01-27,PRESENT,10:11:00,18:31:00,8.33,,
A002726,E0927,2026-02-19,PRESENT,08:22:00,16:37:00,8.25,,
A002727,E0091,2026-02-20,PRESENT,09:25:00,17:56:00,8.52,,
A002728,E0870,2026-01-14,WORK_FROM_HOME,08:15:00,17:30:00,7.46,,
A002729,E0461,2026-04-23,PRESENT,08:25:00,15:37:00,7.2,,
A002730,E0910,2026-07-09,PRESENT,10:20:00,18:37:00,8.28,,
A002731,E0321,2026-03-23,PRESENT,09:50:00,17:50:00,8.0,,
A002732,E0313,2026-03-25,ON_LEAVE,,,,EARNED,System issue
A002733,E0760,2026-02-17,PRESENT,08:25:00,16:01:00,7.6,,
A002734,E0629,2026-06-03,PRESENT,08:39:00,15:53:00,7.23,,
A002735,E0701,2026-01-22,WORK_FROM_HOME,08:00:00,20:00:00,9.25,,
A002736,E0767,2026-04-08,ON_LEAVE,,,,MATERNITY,
A002737,E0096,2026-01-05,PRESENT,10:14:00,17:47:00,7.55,,
A002738,E0257,2026-02-04,LATE,10:16:00,17:59:00,7.72,,
A002739,E0428,2026-07-31,PRESENT,08:32:00,16:10:00,7.63,,
A002740,E0649,2026-07-27,PRESENT,09:42:00,17:25:00,7.72,,
A002741,E0391,2026-06-08,PRESENT,09:37:00,17:14:00,7.62,,Doctor appointment
A002742,E0647,2026-03-11,PRESENT,08:22:00,15:22:00,7.0,,System issue
A002743,E0236,2026-02-05,PRESENT,09:30:00,18:36:00,9.1,,
A002744,E0136,2026-05-22,PRESENT,08:12:00,16:03:00,7.85,,
A002745,E0032,2026-01-12,WORK_FROM_HOME,09:30:00,20:15:00,8.48,,
A002746,E0196,2026-05-23,PRESENT,08:31:00,16:08:00,7.62,,
A002747,E0091,2026-03-17,PRESENT,08:11:00,16:35:00,8.4,,
A002748,E0525,2026-07-25,PRESENT,08:37:00,17:49:00,9.2,,
A002749,E0826,2026-04-08,PRESENT,10:21:00,17:28:00,7.12,,
A002750,E0958,2026-08-01,PRESENT,08:03:00,16:50:00,8.78,,
A002751,E0868,2026-03-18,WORK_FROM_HOME,09:30:00,17:00:00,7.29,,
A002752,E0086,2026-06-12,PRESENT,10:29:00,19:38:00,9.15,,
A002753,E0402,2026-06-26,PRESENT,08:09:00,15:33:00,7.4,,
A002754,E0338,2026-06-10,HALF_DAY,09:25:00,13:12:00,3.78,,
A002755,E0573,2026-05-06,PRESENT,10:10:00,19:03:00,8.88,,
A002756,E0391,2026-03-30,PRESENT,09:00:00,16:18:00,7.3,,
A002757,E0675,2026-01-14,PRESENT,08:32:00,16:07:00,7.58,,
A002758,E0024,2026-01-23,ON_LEAVE,,,,SICK,
A002759,E0010,2026-03-13,PRESENT,10:30:00,18:40:00,8.17,,
A002760,E0458,2026-01-21,LATE,11:19:00,17:22:00,6.05,,
A002761,E0018,2026-02-23,PRESENT,09:05:00,18:18:00,9.22,,
A002762,E0784,2026-03-24,ABSENT,,,,,
A002763,E0974,2026-07-03,PRESENT,09:18:00,16:36:00,7.3,,
A002764,E0772,2026-02-01,PRESENT,10:24:00,17:36:00,7.2,,
A002765,E0239,2026-03-20,PRESENT,10:23:00,18:24:00,8.02,,
A002766,E0904,2026-01-24,WORK_FROM_HOME,08:00:00,19:15:00,7.73,,
A002767,E0748,2026-04-11,PRESENT,10:22:00,18:27:00,8.08,,
A002768,E0778,2026-05-13,PRESENT,10:15:00,19:00:00,8.75,,
A002769,E0340,2026-04-08,PRESENT,08:38:00,16:20:00,7.7,,
A002770,E0680,2026-06-19,PRESENT,08:47:00,16:27:00,7.67,,
A002771,E0169,2026-07-03,PRESENT,08:00:00,15:28:00,7.47,,
A002772,E0158,2026-03-04,PRESENT,08:10:00,17:01:00,8.85,,
A002773,E0527,2026-03-29,PRESENT,09:16:00,18:04:00,8.8,,
A002774,E0420,2026-06-13,PRESENT,08:04:00,16:46:00,8.7,,
A002775,E0821,2026-05-22,PRESENT,09:08:00,17:19:00,8.18,,
A002776,E0851,2026-05-28,PRESENT,08:37:00,15:57:00,7.33,,
A002777,E0652,2026-02-21,PRESENT,10:02:00,18:24:00,8.37,,
A002778,E0701,2026-07-21,ABSENT,,,,,
A002779,E0163,2026-05-09,ABSENT,,,,,
A002780,E0551,2026-07-01,PRESENT,09:10:00,16:32:00,7.37,,
A002781,E0066,2026-06-30,PRESENT,10:14:00,18:52:00,8.63,,
A002782,E0951,2026-02-10,PRESENT,09:22:00,16:52:00,7.5,,
A002783,E0668,2026-01-31,LATE,11:20:00,19:26:00,8.1,,
A002784,E0343,2026-02-27,PRESENT,09:44:00,18:15:00,8.52,,
A002785,E0074,2026-07-16,PRESENT,09:51:00,18:10:00,8.32,,
A002786,E0627,2026-04-14,PRESENT,09:49:00,17:49:00,8.0,,
A002787,E0009,2026-07-27,PRESENT,08:52:00,17:21:00,8.48,,
A002788,E0838,2026-02-17,PRESENT,08:28:00,17:09:00,8.68,,
A002789,E0858,2026-01-10,PRESENT,09:23:00,18:50:00,9.45,,
A002790,E0655,2026-02-09,PRESENT,09:11:00,16:48:00,7.62,,
A002791,E0288,2026-07-14,PRESENT,08:55:00,17:13:00,8.3,,
A002792,E0615,2026-02-12,PRESENT,09:45:00,19:06:00,9.35,,Personal emergency
A002793,E0533,2026-07-16,PRESENT,08:12:00,15:33:00,7.35,,
A002794,E0896,2026-05-10,ON_LEAVE,,,,EARNED,Doctor appointment
A002795,E0202,2026-03-18,PRESENT,08:18:00,16:43:00,8.42,,
A002796,E0450,2026-07-11,PRESENT,10:14:00,18:56:00,8.7,,
A002797,E0765,2026-05-05,PRESENT,09:28:00,17:51:00,8.38,,
A002798,E0427,2026-01-05,PRESENT,10:29:00,18:08:00,7.65,,
A002799,E0042,2026-06-07,WORK_FROM_HOME,09:45:00,18:45:00,7.95,,
A002800,E0645,2026-03-27,ABSENT,,,,,
A002801,E0714,2026-07-23,PRESENT,10:26:00,17:42:00,7.27,,Personal emergency
A002802,E0157,2026-07-01,PRESENT,09:29:00,18:13:00,8.73,,
A002803,E0642,2026-06-24,PRESENT,10:08:00,18:41:00,8.55,,
A002804,E0175,2026-01-22,WORK_FROM_HOME,09:15:00,18:00:00,9.35,,
A002805,E0465,2026-03-29,WORK_FROM_HOME,08:15:00,20:15:00,8.15,,
A002806,E0223,2026-06-05,PRESENT,10:02:00,19:13:00,9.18,,
A002807,E0767,2026-04-12,PRESENT,10:23:00,17:28:00,7.08,,
A002808,E0851,2026-03-29,PRESENT,10:24:00,19:49:00,9.42,,
A002809,E0622,2026-05-10,PRESENT,10:03:00,18:38:00,8.58,,
A002810,E0157,2026-05-27,PRESENT,09:10:00,17:26:00,8.27,,Approved remote work
A002811,E0619,2026-07-19,PRESENT,08:52:00,16:17:00,7.42,,
A002812,E0283,2026-06-08,PRESENT,10:13:00,18:15:00,8.03,,
A002813,E0660,2026-03-28,PRESENT,10:01:00,18:10:00,8.15,,
A002814,E0445,2026-03-31,PRESENT,09:21:00,18:50:00,9.48,,
A002815,E0493,2026-01-05,PRESENT,09:17:00,17:24:00,8.12,,
A002816,E0726,2026-02-23,PRESENT,09:18:00,17:14:00,7.93,,
A002817,E0443,2026-05-18,PRESENT,10:06:00,17:32:00,7.43,,
A002818,E0421,2026-07-24,PRESENT,08:36:00,15:36:00,7.0,,
A002819,E0273,2026-07-16,PRESENT,08:13:00,17:17:00,9.07,,
A002820,E0973,2026-06-27,PRESENT,08:28:00,16:56:00,8.47,,
A002821,E0608,2026-04-29,PRESENT,08:13:00,15:25:00,7.2,,Approved remote work
A002822,E0659,2026-03-06,PRESENT,08:58:00,17:11:00,8.22,,
A002823,E0270,2026-03-03,PRESENT,09:07:00,18:24:00,9.28,,
A002824,E0178,2026-04-01,WORK_FROM_HOME,10:30:00,20:30:00,7.9,,Approved remote work
A002825,E0277,2026-06-15,WORK_FROM_HOME,09:00:00,20:30:00,8.4,,
A002826,E0384,2026-04-30,PRESENT,09:20:00,16:58:00,7.63,,
A002827,E0149,2026-05-18,PRESENT,09:35:00,18:04:00,8.48,,
A002828,E0855,2026-07-18,PRESENT,10:29:00,18:57:00,8.47,,
A002829,E0613,2026-03-19,HALF_DAY,09:16:00,13:50:00,4.57,,Traffic delay
A002830,E0413,2026-01-12,PRESENT,10:15:00,18:22:00,8.12,,
A002831,E0121,2026-07-18,PRESENT,08:42:00,16:43:00,8.02,,
A002832,E0754,2026-06-17,LATE,11:22:00,18:39:00,7.28,,
A002833,E0308,2026-01-05,PRESENT,09:04:00,17:46:00,8.7,,
A002834,E1000,2026-04-24,PRESENT,08:24:00,16:29:00,8.08,,
A002835,E0505,2026-06-21,PRESENT,09:02:00,17:16:00,8.23,,
A002836,E0358,2026-07-02,PRESENT,09:27:00,16:37:00,7.17,,
A002837,E0222,2026-05-08,WORK_FROM_HOME,09:00:00,17:45:00,7.62,,System issue
A002838,E0845,2026-04-10,PRESENT,08:19:00,17:16:00,8.95,,
A002839,E0695,2026-01-08,PRESENT,08:10:00,15:36:00,7.43,,
A002840,E0037,2026-04-09,PRESENT,09:09:00,18:36:00,9.45,,System issue
A002841,E0443,2026-06-29,PRESENT,10:15:00,18:35:00,8.33,,
A002842,E0101,2026-04-12,WORK_FROM_HOME,10:30:00,18:45:00,6.97,,
A002843,E0694,2026-03-05,PRESENT,08:50:00,17:39:00,8.82,,
A002844,E0246,2026-04-05,WORK_FROM_HOME,10:45:00,17:45:00,8.89,,Doctor appointment
A002845,E0137,2026-05-17,PRESENT,09:09:00,16:30:00,7.35,,
A002846,E0237,2026-07-25,PRESENT,08:27:00,16:16:00,7.82,,
A002847,E0077,2026-03-11,PRESENT,09:59:00,18:18:00,8.32,,
A002848,E0651,2026-03-21,ON_LEAVE,,,,SICK,
A002849,E0872,2026-06-22,WORK_FROM_HOME,10:45:00,20:00:00,7.44,,
A002850,E0275,2026-05-14,WORK_FROM_HOME,10:00:00,17:45:00,7.09,,
A002851,E0234,2026-07-25,PRESENT,09:51:00,18:24:00,8.55,,
A002852,E0158,2026-04-10,HALF_DAY,09:35:00,13:27:00,3.87,,
A002853,E0351,2026-02-16,WORK_FROM_HOME,08:45:00,19:00:00,8.51,,
A002854,E0519,2026-07-15,PRESENT,09:49:00,19:18:00,9.48,,Training session
A002855,E0130,2026-06-22,PRESENT,08:50:00,16:32:00,7.7,,Personal emergency
A002856,E0674,2026-02-12,PRESENT,08:40:00,17:16:00,8.6,,Client meeting
A002857,E0600,2026-05-06,LATE,11:10:00,19:35:00,8.42,,
A002858,E0151,2026-03-27,LATE,11:51:00,19:09:00,7.3,,
A002859,E0777,2026-07-14,PRESENT,09:07:00,17:16:00,8.15,,
A002860,E0382,2026-06-29,PRESENT,09:35:00,17:56:00,8.35,,
A002861,E0947,2026-01-20,PRESENT,08:24:00,17:40:00,9.27,,
A002862,E0783,2026-06-28,PRESENT,08:54:00,17:31:00,8.62,,
A002863,E0193,2026-05-11,WORK_FROM_HOME,08:00:00,18:00:00,8.56,,
A002864,E0222,2026-04-24,HALF_DAY,09:24:00,13:59:00,4.58,,
A002865,E0103,2026-05-18,LATE,10:36:00,18:43:00,8.12,,
A002866,E0267,2026-04-08,PRESENT,08:42:00,15:49:00,7.12,,
A002867,E0268,2026-06-19,PRESENT,08:50:00,16:52:00,8.03,,
A002868,E0999,2026-01-16,WORK_FROM_HOME,09:15:00,18:45:00,6.83,,Client meeting
A002869,E0521,2026-05-04,WORK_FROM_HOME,09:45:00,20:00:00,7.68,,
A002870,E0011,2026-04-18,PRESENT,10:03:00,18:54:00,8.85,,System issue
A002871,E0243,2026-07-18,PRESENT,08:36:00,17:11:00,8.58,,Traffic delay
A002872,E0670,2026-05-04,PRESENT,08:16:00,17:02:00,8.77,,
A002873,E0097,2026-05-08,PRESENT,09:12:00,18:31:00,9.32,,
A002874,E0529,2026-04-12,PRESENT,09:16:00,16:42:00,7.43,,
A002875,E0834,2026-05-28,PRESENT,08:57:00,16:38:00,7.68,,
A002876,E0305,2026-06-17,PRESENT,09:42:00,17:47:00,8.08,,
A002877,E0479,2026-03-18,PRESENT,08:21:00,17:03:00,8.7,,Personal emergency
A002878,E0928,2026-06-25,LATE,11:18:00,20:12:00,8.9,,Training session
A002879,E0934,2026-03-06,LATE,11:13:00,17:21:00,6.13,,
A002880,E0737,2026-07-01,LATE,11:23:00,17:26:00,6.05,,
A002881,E0134,2026-03-28,LATE,10:15:00,19:15:00,9.0,,
A002882,E0462,2026-06-24,PRESENT,10:21:00,17:38:00,7.28,,
A002883,E0383,2026-05-24,PRESENT,08:48:00,17:29:00,8.68,,
A002884,E0146,2026-05-29,PRESENT,08:02:00,17:00:00,8.97,,
A002885,E0121,2026-03-27,WORK_FROM_HOME,08:45:00,18:30:00,6.7,,
A002886,E0412,2026-07-23,PRESENT,08:44:00,16:12:00,7.47,,
A002887,E0753,2026-07-13,PRESENT,10:10:00,19:06:00,8.93,,
A002888,E0283,2026-05-12,PRESENT,08:59:00,16:49:00,7.83,,
A002889,E0377,2026-05-20,PRESENT,10:08:00,18:24:00,8.27,,
A002890,E0860,2026-06-09,PRESENT,08:01:00,16:45:00,8.73,,
A002891,E0246,2026-07-25,PRESENT,08:21:00,17:23:00,9.03,,
A002892,E0941,2026-03-06,PRESENT,08:55:00,17:23:00,8.47,,
A002893,E0898,2026-02-11,ABSENT,,,,,
A002894,E0930,2026-07-26,LATE,10:20:00,18:39:00,8.32,,
A002895,E0089,2026-05-27,PRESENT,10:11:00,19:40:00,9.48,,
A002896,E0580,2026-05-29,PRESENT,08:56:00,17:22:00,8.43,,
A002897,E0884,2026-06-04,PRESENT,10:06:00,19:12:00,9.1,,Traffic delay
A002898,E0717,2026-01-07,PRESENT,09:28:00,18:13:00,8.75,,
A002899,E0930,2026-01-15,WORK_FROM_HOME,08:30:00,20:00:00,7.41,,
A002900,E0987,2026-04-11,PRESENT,08:59:00,18:21:00,9.37,,
A002901,E0214,2026-03-03,PRESENT,10:23:00,18:29:00,8.1,,System issue
A002902,E0465,2026-07-15,HALF_DAY,09:28:00,13:57:00,4.48,,
A002903,E0447,2026-01-16,PRESENT,09:11:00,17:08:00,7.95,,
A002904,E0965,2026-06-17,HALF_DAY,09:45:00,14:13:00,4.47,,
A002905,E0685,2026-03-01,HALF_DAY,09:51:00,14:21:00,4.5,,
A002906,E0046,2026-02-28,PRESENT,09:07:00,18:35:00,9.47,,
A002907,E0767,2026-08-01,ABSENT,,,,,
A002908,E0935,2026-07-13,ON_LEAVE,,,,EARNED,
A002909,E0349,2026-01-30,LATE,10:39:00,18:57:00,8.3,,
A002910,E0547,2026-01-12,PRESENT,09:52:00,17:47:00,7.92,,
A002911,E0555,2026-01-24,ON_LEAVE,,,,MATERNITY,Approved remote work
A002912,E0866,2026-03-16,PRESENT,08:13:00,17:09:00,8.93,,
A002913,E0870,2026-05-30,WORK_FROM_HOME,10:30:00,20:45:00,7.58,,
A002914,E0108,2026-01-28,PRESENT,10:27:00,19:28:00,9.02,,
A002915,E0903,2026-04-26,PRESENT,09:29:00,18:16:00,8.78,,
A002916,E0154,2026-05-12,PRESENT,09:56:00,17:34:00,7.63,,
A002917,E0700,2026-05-28,PRESENT,10:09:00,18:35:00,8.43,,
A002918,E0697,2026-01-07,LATE,11:15:00,17:17:00,6.03,,
A002919,E0265,2026-06-25,PRESENT,09:29:00,18:15:00,8.77,,Traffic delay
A002920,E0389,2026-07-05,PRESENT,08:46:00,17:30:00,8.73,,System issue
A002921,E0136,2026-04-15,LATE,11:01:00,17:09:00,6.13,,
A002922,E0883,2026-04-24,WORK_FROM_HOME,09:30:00,20:00:00,9.17,,
A002923,E0211,2026-05-26,PRESENT,09:44:00,17:20:00,7.6,,
A002924,E0509,2026-04-30,PRESENT,09:53:00,17:10:00,7.28,,
A002925,E0088,2026-01-15,WORK_FROM_HOME,09:00:00,18:45:00,8.78,,
A002926,E0677,2026-07-23,PRESENT,10:18:00,18:00:00,7.7,,
A002927,E0168,2026-03-01,PRESENT,09:01:00,16:14:00,7.22,,
A002928,E0221,2026-06-07,PRESENT,08:58:00,17:02:00,8.07,,
A002929,E0024,2026-07-21,PRESENT,08:07:00,16:43:00,8.6,,
A002930,E0998,2026-03-08,ABSENT,,,,,
A002931,E0003,2026-04-13,PRESENT,08:33:00,16:21:00,7.8,,
A002932,E0551,2026-04-11,PRESENT,08:35:00,16:53:00,8.3,,System issue
A002933,E0352,2026-03-04,PRESENT,08:12:00,15:20:00,7.13,,
A002934,E0883,2026-03-09,PRESENT,10:22:00,18:48:00,8.43,,
A002935,E0491,2026-07-19,WORK_FROM_HOME,08:00:00,19:15:00,7.24,,
A002936,E0987,2026-03-21,WORK_FROM_HOME,08:30:00,18:45:00,8.09,,
A002937,E0310,2026-02-03,PRESENT,08:07:00,17:09:00,9.03,,
A002938,E0995,2026-04-19,PRESENT,09:54:00,19:13:00,9.32,,
A002939,E0696,2026-02-16,PRESENT,08:33:00,16:16:00,7.72,,
A002940,E0910,2026-01-20,WORK_FROM_HOME,08:30:00,20:45:00,6.6,,
A002941,E0975,2026-06-01,LATE,11:25:00,17:58:00,6.55,,
A002942,E0484,2026-05-25,PRESENT,10:03:00,17:43:00,7.67,,
A002943,E0532,2026-05-08,PRESENT,08:19:00,16:23:00,8.07,,
A002944,E0825,2026-03-21,PRESENT,09:44:00,17:28:00,7.73,,
A002945,E0116,2026-05-02,WORK_FROM_HOME,09:30:00,17:45:00,8.23,,Doctor appointment
A002946,E0779,2026-02-16,PRESENT,10:09:00,17:10:00,7.02,,
A002947,E0020,2026-03-24,PRESENT,08:10:00,15:55:00,7.75,,
A002948,E0320,2026-03-28,PRESENT,08:38:00,15:43:00,7.08,,
A002949,E0164,2026-07-07,ABSENT,,,,,
A002950,E0085,2026-07-05,WORK_FROM_HOME,09:30:00,17:45:00,7.58,,
A002951,E0511,2026-06-08,PRESENT,08:17:00,15:31:00,7.23,,
A002952,E0276,2026-04-14,PRESENT,09:59:00,18:20:00,8.35,,
A002953,E0019,2026-07-19,PRESENT,08:43:00,17:26:00,8.72,,
A002954,E0585,2026-04-25,PRESENT,08:43:00,15:56:00,7.22,,
A002955,E0739,2026-04-12,PRESENT,10:16:00,18:43:00,8.45,,
A002956,E0556,2026-07-26,PRESENT,08:03:00,17:29:00,9.43,,
A002957,E0520,2026-05-07,PRESENT,09:00:00,18:22:00,9.37,,
A002958,E0548,2026-07-01,PRESENT,09:49:00,17:01:00,7.2,,
A002959,E0886,2026-03-08,PRESENT,08:39:00,16:37:00,7.97,,
A002960,E0498,2026-01-20,PRESENT,10:16:00,18:43:00,8.45,,
A002961,E0103,2026-06-08,PRESENT,08:01:00,15:25:00,7.4,,
A002962,E0740,2026-01-28,PRESENT,10:07:00,19:10:00,9.05,,
A002963,E0029,2026-06-08,PRESENT,08:18:00,17:44:00,9.43,,
A002964,E0123,2026-05-24,PRESENT,09:30:00,17:02:00,7.53,,
A002965,E0722,2026-02-08,WORK_FROM_HOME,08:30:00,18:45:00,7.85,,
A002966,E0518,2026-02-11,PRESENT,08:26:00,16:53:00,8.45,,
A002967,E0961,2026-06-11,WORK_FROM_HOME,08:00:00,20:15:00,9.24,,
A002968,E0662,2026-04-24,PRESENT,08:42:00,15:46:00,7.07,,
A002969,E0478,2026-03-27,HALF_DAY,09:28:00,13:36:00,4.13,,
A002970,E0114,2026-07-22,WORK_FROM_HOME,09:45:00,18:45:00,9.24,,
A002971,E0134,2026-03-30,PRESENT,10:12:00,19:31:00,9.32,,
A002972,E0072,2026-02-15,PRESENT,10:27:00,19:27:00,9.0,,
A002973,E0242,2026-07-14,WORK_FROM_HOME,09:45:00,18:30:00,7.8,,
A002974,E0651,2026-03-20,PRESENT,09:27:00,17:44:00,8.28,,
A002975,E0474,2026-05-13,PRESENT,09:36:00,18:08:00,8.53,,
A002976,E0346,2026-04-14,LATE,11:49:00,19:07:00,7.3,,
A002977,E0531,2026-06-23,PRESENT,08:40:00,18:06:00,9.43,,Training session
A002978,E0232,2026-03-11,WORK_FROM_HOME,10:30:00,18:30:00,8.44,,
A002979,E0885,2026-04-18,WORK_FROM_HOME,10:00:00,19:00:00,8.38,,
A002980,E0430,2026-06-28,PRESENT,08:58:00,18:00:00,9.03,,
A002981,E0295,2026-02-12,PRESENT,08:35:00,16:07:00,7.53,,
A002982,E0609,2026-02-09,WORK_FROM_HOME,10:15:00,17:00:00,7.16,,
A002983,E0275,2026-08-01,PRESENT,08:15:00,15:40:00,7.42,,
A002984,E0152,2026-04-30,PRESENT,08:29:00,17:26:00,8.95,,
A002985,E0187,2026-04-12,PRESENT,08:16:00,16:22:00,8.1,,
A002986,E0888,2026-03-26,PRESENT,08:03:00,15:05:00,7.03,,
A002987,E0535,2026-03-10,PRESENT,08:57:00,16:52:00,7.92,,
A002988,E0626,2026-05-16,ON_LEAVE,,,,EARNED,
A002989,E0314,2026-02-11,PRESENT,10:17:00,18:19:00,8.03,,
A002990,E0986,2026-07-14,PRESENT,09:22:00,18:08:00,8.77,,
A002991,E0934,2026-06-27,PRESENT,10:02:00,17:23:00,7.35,,
A002992,E0256,2026-06-02,PRESENT,08:43:00,16:25:00,7.7,,
A002993,E0935,2026-02-11,ABSENT,,,,,
A002994,E0799,2026-03-02,PRESENT,08:02:00,15:12:00,7.17,,
A002995,E0147,2026-06-04,PRESENT,10:27:00,17:36:00,7.15,,
A002996,E0652,2026-01-15,PRESENT,09:56:00,18:40:00,8.73,,Training session
A002997,E0661,2026-03-21,PRESENT,09:55:00,19:03:00,9.13,,
A002998,E0863,2026-07-08,ABSENT,,,,,
A002999,E0675,2026-01-14,ABSENT,,,,,
A003000,E0657,2026-03-05,PRESENT,10:06:00,17:42:00,7.6,,
